stamp,joint1_to_base,joint2_to_joint1,joint3_to_joint2,joint4_to_joint3,joint5_to_joint4,joint6_to_joint5,gripper_controller
1.560,-0.0000,-0.0000,0.0013,-0.0000,-0.0011,0.0000,0.0000
1.572,-0.0000,-0.0000,0.0013,-0.0000,-0.0011,0.0000,0.0000
1.584,-0.0000,-0.0000,0.0013,-0.0000,-0.0011,0.0000,0.0000
1.596,-0.0000,-0.0000,0.0013,-0.0000,-0.0011,0.0000,0.0000
1.608,-0.0000,-0.0000,0.0013,-0.0000,-0.0011,0.0000,0.0000
1.620,-0.0000,-0.0000,0.0013,-0.0000,-0.0011,0.0000,0.0000
1.632,-0.0000,-0.0000,0.0013,-0.0000,-0.0011,0.0000,0.0000
1.644,-0.0000,-0.0000,0.0013,-0.0000,-0.0011,0.0000,0.0000
1.656,-0.0000,-0.0000,0.0013,-0.0000,-0.0011,0.0000,0.0000
1.668,-0.0000,-0.0000,0.0013,-0.0000,-0.0011,0.0000,0.0000
1.680,-0.0000,-0.0000,0.0013,-0.0000,-0.0011,0.0000,0.0000
1.692,-0.0000,-0.0000,0.0013,-0.0000,-0.0011,0.0000,0.0000
1.704,-0.0000,-0.0000,0.0013,-0.0000,-0.0011,0.0000,0.0000
1.716,-0.0000,-0.0000,0.0013,-0.0000,-0.0011,0.0000,0.0000
1.728,-0.0000,-0.0000,0.0013,-0.0000,-0.0011,0.0000,0.0000
1.740,-0.0000,-0.0000,0.0013,-0.0000,-0.0011,0.0000,0.0000
1.752,-0.0000,-0.0000,0.0013,-0.0000,-0.0011,0.0000,0.0000
1.764,-0.0000,-0.0000,0.0013,-0.0000,-0.0011,0.0000,0.0000
1.776,-0.0000,-0.0000,0.0013,-0.0000,-0.0011,0.0000,0.0000
1.788,-0.0000,-0.0000,0.0013,-0.0000,-0.0011,0.0000,0.0000
1.800,-0.0000,-0.0000,0.0013,-0.0000,-0.0011,0.0000,0.0000
1.812,-0.0000,-0.0000,0.0013,-0.0000,-0.0011,0.0000,0.0000
1.824,-0.0000,-0.0000,0.0013,-0.0000,-0.0011,0.0000,0.0000
1.836,-0.0000,-0.0000,0.0013,-0.0000,-0.0011,0.0000,0.0000
1.848,-0.0000,-0.0000,0.0013,-0.0000,-0.0011,0.0000,0.0000
1.860,-0.0000,-0.0000,0.0013,-0.0000,-0.0011,0.0000,0.0000
1.872,-0.0000,-0.0000,0.0013,-0.0000,-0.0011,0.0000,0.0000
1.884,-0.0000,-0.0000,0.0013,-0.0000,-0.0011,0.0000,0.0000
1.896,-0.0000,-0.0000,0.0013,-0.0000,-0.0011,0.0000,0.0000
1.908,-0.0000,-0.0000,0.0013,-0.0000,-0.0011,0.0000,0.0000
1.920,-0.0000,-0.0000,0.0013,-0.0000,-0.0011,0.0000,0.0000
1.932,-0.0000,-0.0000,0.0013,-0.0000,-0.0011,0.0000,0.0000
1.944,-0.0000,-0.0000,0.0013,-0.0000,-0.0011,0.0000,0.0000
1.956,-0.0000,-0.0000,0.0013,-0.0000,-0.0011,0.0000,0.0000
1.968,-0.0000,-0.0000,0.0013,-0.0000,-0.0011,0.0000,0.0000
1.980,-0.0000,-0.0000,0.0013,-0.0000,-0.0011,0.0000,0.0000
1.992,-0.0000,-0.0000,0.0013,-0.0000,-0.0011,0.0000,0.0000
2.004,-0.0000,-0.0000,0.0013,-0.0000,-0.0011,0.0000,0.0000
2.016,-0.0000,-0.0000,0.0013,-0.0000,-0.0011,0.0000,0.0000
2.028,-0.0000,-0.0000,0.0013,-0.0000,-0.0011,0.0000,0.0000
2.040,-0.0000,-0.0000,0.0013,-0.0000,-0.0011,0.0000,0.0000
2.052,-0.0000,-0.0000,0.0013,-0.0000,-0.0011,0.0000,0.0000
2.064,-0.0000,-0.0000,0.0013,-0.0000,-0.0011,0.0000,0.0000
2.076,-0.0000,-0.0000,0.0013,-0.0000,-0.0011,0.0000,0.0000
2.088,-0.0000,-0.0000,0.0013,-0.0000,-0.0011,0.0000,0.0000
2.100,-0.0000,-0.0000,0.0013,-0.0000,-0.0011,0.0000,0.0000
2.112,-0.0000,-0.0000,0.0013,-0.0000,-0.0011,0.0000,0.0000
2.124,-0.0000,-0.0000,0.0013,-0.0000,-0.0011,0.0000,0.0000
2.136,-0.0000,-0.0000,0.0013,-0.0000,-0.0011,0.0000,0.0000
2.148,-0.0000,-0.0000,0.0013,-0.0000,-0.0011,0.0000,0.0000
2.160,-0.0000,-0.0000,0.0013,-0.0000,-0.0011,0.0000,0.0000
2.172,-0.0000,-0.0000,0.0013,-0.0000,-0.0011,0.0000,0.0000
2.184,-0.0000,-0.0000,0.0013,-0.0000,-0.0011,0.0000,0.0000
2.196,-0.0000,-0.0000,0.0013,-0.0000,-0.0011,0.0000,0.0000
2.208,-0.0000,-0.0000,0.0013,-0.0000,-0.0011,0.0000,0.0000
2.220,-0.0000,-0.0000,0.0013,-0.0000,-0.0011,0.0000,0.0000
2.232,-0.0000,-0.0000,0.0013,-0.0000,-0.0011,0.0000,0.0000
2.244,-0.0000,-0.0000,0.0013,-0.0000,-0.0011,0.0000,0.0000
2.256,-0.0000,-0.0000,0.0013,-0.0000,-0.0011,0.0000,0.0000
2.268,-0.0000,-0.0000,0.0013,-0.0000,-0.0011,0.0000,0.0000
2.280,-0.0000,-0.0000,0.0013,-0.0000,-0.0011,0.0000,0.0000
2.292,-0.0000,-0.0000,0.0013,-0.0000,-0.0011,0.0000,0.0000
2.304,-0.0000,-0.0000,0.0013,-0.0000,-0.0011,0.0000,0.0000
2.316,-0.0000,-0.0000,0.0013,-0.0000,-0.0011,0.0000,0.0000
2.328,-0.0000,-0.0000,0.0013,-0.0000,-0.0011,0.0000,0.0000
2.340,-0.0000,-0.0000,0.0013,-0.0000,-0.0011,0.0000,0.0000
2.352,-0.0000,-0.0000,0.0013,-0.0000,-0.0011,0.0000,0.0000
2.364,-0.0000,-0.0000,0.0013,-0.0000,-0.0011,0.0000,0.0000
2.376,-0.0000,-0.0000,0.0013,-0.0000,-0.0011,0.0000,0.0000
2.388,-0.0000,-0.0000,0.0013,-0.0000,-0.0011,0.0000,0.0000
2.400,-0.0000,-0.0000,0.0013,-0.0000,-0.0011,0.0000,0.0000
2.412,-0.0000,-0.0000,0.0013,-0.0000,-0.0011,0.0000,0.0000
2.424,-0.0000,-0.0000,0.0013,-0.0000,-0.0011,0.0000,0.0000
2.436,-0.0000,-0.0000,0.0013,-0.0000,-0.0011,0.0000,0.0000
2.448,-0.0000,-0.0000,0.0013,-0.0000,-0.0011,0.0000,0.0000
2.460,-0.0000,-0.0000,0.0013,-0.0000,-0.0011,0.0000,0.0000
2.472,-0.0000,-0.0000,0.0013,-0.0000,-0.0011,0.0000,0.0000
2.484,-0.0000,-0.0000,0.0013,-0.0000,-0.0011,0.0000,0.0000
2.496,-0.0000,-0.0000,0.0013,-0.0000,-0.0011,0.0000,0.0000
2.508,-0.0000,-0.0000,0.0013,-0.0000,-0.0011,0.0000,0.0000
2.520,-0.0000,-0.0000,0.0013,-0.0000,-0.0011,0.0000,0.0000
2.532,-0.0000,-0.0000,0.0013,-0.0000,-0.0011,0.0000,0.0000
2.544,-0.0000,-0.0000,0.0013,-0.0000,-0.0011,0.0000,0.0000
2.556,-0.0000,-0.0000,0.0013,-0.0000,-0.0011,0.0000,0.0000
2.568,-0.0000,-0.0000,0.0013,-0.0000,-0.0011,0.0000,0.0000
2.580,-0.0000,-0.0000,0.0013,-0.0000,-0.0011,0.0000,0.0000
2.592,-0.0000,-0.0000,0.0013,-0.0000,-0.0011,0.0000,0.0000
2.604,-0.0000,-0.0000,0.0013,-0.0000,-0.0011,0.0000,0.0000
2.616,-0.0000,-0.0000,0.0013,-0.0000,-0.0011,0.0000,0.0000
2.628,-0.0000,-0.0000,0.0013,-0.0000,-0.0011,0.0000,0.0000
2.640,-0.0000,-0.0000,0.0013,-0.0000,-0.0011,0.0000,0.0000
2.652,-0.0000,-0.0000,0.0013,-0.0000,-0.0011,0.0000,0.0000
2.664,-0.0000,-0.0000,0.0013,-0.0000,-0.0011,0.0000,0.0000
2.676,-0.0000,-0.0000,0.0013,-0.0000,-0.0011,0.0000,0.0000
2.688,-0.0000,-0.0000,0.0013,-0.0000,-0.0011,0.0000,0.0000
2.700,-0.0000,-0.0000,0.0013,-0.0000,-0.0011,0.0000,0.0000
2.712,-0.0000,-0.0000,0.0013,-0.0000,-0.0011,0.0000,0.0000
2.724,-0.0000,-0.0000,0.0013,-0.0000,-0.0011,0.0000,0.0000
2.736,-0.0000,-0.0000,0.0013,-0.0000,-0.0011,0.0000,0.0000
2.748,-0.0000,-0.0000,0.0013,-0.0000,-0.0011,0.0000,0.0000
2.760,-0.0000,-0.0000,0.0013,-0.0000,-0.0011,0.0000,0.0000
2.772,-0.0000,-0.0000,0.0013,-0.0000,-0.0011,0.0000,0.0000
2.784,-0.0000,-0.0000,0.0013,-0.0000,-0.0011,0.0000,0.0000
2.796,-0.0000,-0.0000,0.0013,-0.0000,-0.0011,0.0000,0.0000
2.808,-0.0000,-0.0000,0.0013,-0.0000,-0.0011,0.0000,0.0000
2.820,-0.0000,-0.0000,0.0013,-0.0000,-0.0011,0.0000,0.0000
2.832,-0.0000,-0.0000,0.0013,-0.0000,-0.0011,0.0000,0.0000
2.844,-0.0000,-0.0000,0.0013,-0.0000,-0.0011,0.0000,0.0000
2.856,-0.0000,-0.0000,0.0013,-0.0000,-0.0011,0.0000,0.0000
2.868,-0.0000,-0.0000,0.0013,-0.0000,-0.0011,0.0000,0.0000
2.880,-0.0000,-0.0000,0.0013,-0.0000,-0.0011,0.0000,0.0000
2.892,-0.0000,-0.0000,0.0013,-0.0000,-0.0011,0.0000,0.0000
2.904,-0.0000,-0.0000,0.0013,-0.0000,-0.0011,0.0000,0.0000
2.916,-0.0000,-0.0000,0.0013,-0.0000,-0.0011,0.0000,0.0000
2.928,-0.0000,-0.0000,0.0013,-0.0000,-0.0011,0.0000,0.0000
2.940,-0.0000,-0.0000,0.0013,-0.0000,-0.0011,0.0000,0.0000
2.952,-0.0000,-0.0000,0.0013,-0.0000,-0.0011,0.0000,0.0000
2.964,-0.0000,-0.0000,0.0013,-0.0000,-0.0011,0.0000,0.0000
2.976,-0.0000,-0.0000,0.0013,-0.0000,-0.0011,0.0000,0.0000
2.988,-0.0000,-0.0000,0.0013,-0.0000,-0.0011,0.0000,0.0000
3.000,-0.0000,-0.0000,0.0013,-0.0000,-0.0011,0.0000,0.0000
3.012,-0.0000,-0.0000,0.0013,-0.0000,-0.0011,0.0000,0.0000
3.024,-0.0000,-0.0000,0.0013,-0.0000,-0.0011,0.0000,0.0000
3.036,-0.0000,-0.0000,0.0013,-0.0000,-0.0011,0.0000,0.0000
3.048,-0.0000,-0.0000,0.0013,-0.0000,-0.0011,0.0000,0.0000
3.060,-0.0000,-0.0000,0.0013,-0.0000,-0.0011,0.0000,0.0000
3.072,-0.0000,-0.0000,0.0013,-0.0000,-0.0011,0.0000,0.0000
3.084,-0.0000,-0.0000,0.0013,-0.0000,-0.0011,0.0000,0.0000
3.096,-0.0000,-0.0000,0.0013,-0.0000,-0.0011,0.0000,0.0000
3.108,-0.0000,-0.0000,0.0013,-0.0000,-0.0011,0.0000,0.0000
3.120,-0.0000,-0.0000,0.0013,-0.0000,-0.0011,0.0000,0.0000
3.132,-0.0000,-0.0000,0.0013,-0.0000,-0.0011,0.0000,0.0000
3.144,-0.0000,-0.0000,0.0013,-0.0000,-0.0011,0.0000,0.0000
3.156,-0.0000,-0.0000,0.0013,-0.0000,-0.0011,0.0000,0.0000
3.168,-0.0000,-0.0000,0.0013,-0.0000,-0.0011,0.0000,0.0000
3.180,-0.0000,-0.0000,0.0013,-0.0000,-0.0011,0.0000,0.0000
3.192,-0.0000,-0.0000,0.0013,-0.0000,-0.0011,0.0000,0.0000
3.204,-0.0000,-0.0000,0.0013,-0.0000,-0.0011,0.0000,0.0000
3.216,-0.0000,-0.0000,0.0013,-0.0000,-0.0011,0.0000,0.0000
3.228,-0.0000,-0.0000,0.0013,-0.0000,-0.0011,0.0000,0.0000
3.240,-0.0000,-0.0000,0.0013,-0.0000,-0.0011,0.0000,0.0000
3.252,-0.0000,-0.0000,0.0013,-0.0000,-0.0011,0.0000,0.0000
3.264,-0.0000,-0.0000,0.0013,-0.0000,-0.0011,0.0000,0.0000
3.276,-0.0000,-0.0000,0.0013,-0.0000,-0.0011,0.0000,0.0000
3.288,-0.0000,-0.0000,0.0013,-0.0000,-0.0011,0.0000,0.0000
3.300,-0.0000,-0.0000,0.0013,-0.0000,-0.0011,0.0000,0.0000
3.312,-0.0000,-0.0000,0.0013,-0.0000,-0.0011,0.0000,0.0000
3.324,-0.0000,-0.0000,0.0013,-0.0000,-0.0011,0.0000,0.0000
3.336,-0.0000,-0.0000,0.0013,-0.0000,-0.0011,0.0000,0.0000
3.348,-0.0000,-0.0000,0.0013,-0.0000,-0.0011,0.0000,0.0000
3.360,-0.0000,-0.0000,0.0013,-0.0000,-0.0011,0.0000,0.0000
3.372,-0.0000,-0.0000,0.0013,-0.0000,-0.0011,0.0000,0.0000
3.384,-0.0000,-0.0000,0.0013,-0.0000,-0.0011,0.0000,0.0000
3.396,-0.0000,-0.0000,0.0013,-0.0000,-0.0011,0.0000,0.0000
3.408,-0.0000,-0.0000,0.0013,-0.0000,-0.0011,0.0000,0.0000
3.420,-0.0000,-0.0000,0.0013,-0.0000,-0.0011,0.0000,0.0000
3.432,-0.0000,-0.0000,0.0013,-0.0000,-0.0011,0.0000,0.0000
3.444,-0.0000,-0.0000,0.0013,-0.0000,-0.0011,0.0000,0.0000
3.456,-0.0000,-0.0000,0.0013,-0.0000,-0.0011,0.0000,0.0000
3.468,-0.0000,-0.0000,0.0013,-0.0000,-0.0011,0.0000,0.0000
3.480,-0.0000,-0.0000,0.0013,-0.0000,-0.0011,0.0000,0.0000
3.492,-0.0000,-0.0000,0.0013,-0.0000,-0.0011,0.0000,0.0000
3.504,-0.0000,-0.0000,0.0013,-0.0000,-0.0011,0.0000,0.0000
3.516,-0.0000,-0.0000,0.0013,-0.0000,-0.0011,0.0000,0.0000
3.528,-0.0000,-0.0000,0.0013,-0.0000,-0.0011,0.0000,0.0000
3.540,-0.0000,-0.0000,0.0013,-0.0000,-0.0011,0.0000,0.0000
3.552,-0.0000,-0.0000,0.0013,-0.0000,-0.0011,0.0000,0.0000
3.564,-0.0000,-0.0000,0.0013,-0.0000,-0.0011,0.0000,0.0000
3.576,-0.0000,-0.0000,0.0013,-0.0000,-0.0011,0.0000,0.0000
3.588,-0.0000,-0.0000,0.0013,-0.0000,-0.0011,0.0000,0.0000
3.600,-0.0000,-0.0000,0.0013,-0.0000,-0.0011,0.0000,0.0000
3.612,-0.0000,-0.0000,0.0013,-0.0000,-0.0011,0.0000,0.0000
3.624,-0.0000,-0.0000,0.0013,-0.0000,-0.0011,0.0000,0.0000
3.636,-0.0000,-0.0000,0.0013,-0.0000,-0.0011,0.0000,0.0000
3.648,-0.0000,-0.0000,0.0013,-0.0000,-0.0011,0.0000,0.0000
3.660,-0.0000,-0.0000,0.0013,-0.0000,-0.0011,0.0000,0.0000
3.672,-0.0000,-0.0000,0.0013,-0.0000,-0.0011,0.0000,0.0000
3.684,-0.0000,-0.0000,0.0013,-0.0000,-0.0011,0.0000,0.0000
3.696,-0.0000,-0.0000,0.0013,-0.0000,-0.0011,0.0000,0.0000
3.708,-0.0000,-0.0000,0.0013,-0.0000,-0.0011,0.0000,0.0000
3.720,-0.0000,-0.0000,0.0013,-0.0000,-0.0011,0.0000,0.0000
3.732,-0.0000,-0.0000,0.0013,-0.0000,-0.0011,0.0000,0.0000
3.744,-0.0000,-0.0000,0.0013,-0.0000,-0.0011,0.0000,0.0000
3.756,-0.0000,-0.0000,0.0013,-0.0000,-0.0011,0.0000,0.0000
3.768,-0.0000,-0.0000,0.0013,-0.0000,-0.0011,0.0000,0.0000
3.780,-0.0000,-0.0000,0.0013,-0.0000,-0.0011,0.0000,0.0000
3.792,-0.0000,-0.0000,0.0013,-0.0000,-0.0011,0.0000,0.0000
3.804,-0.0000,-0.0000,0.0013,-0.0000,-0.0011,0.0000,0.0000
3.816,-0.0000,-0.0000,0.0013,-0.0000,-0.0011,0.0000,0.0000
3.828,-0.0000,-0.0000,0.0013,-0.0000,-0.0011,0.0000,0.0000
3.840,-0.0000,-0.0000,0.0013,-0.0000,-0.0011,0.0000,0.0000
3.852,-0.0000,-0.0000,0.0013,-0.0000,-0.0011,0.0000,0.0000
3.864,-0.0000,-0.0000,0.0013,-0.0000,-0.0011,0.0000,0.0000
3.876,-0.0000,-0.0000,0.0013,-0.0000,-0.0011,0.0000,0.0000
3.888,-0.0000,-0.0000,0.0013,-0.0000,-0.0011,0.0000,0.0000
3.900,-0.0000,-0.0000,0.0013,-0.0000,-0.0011,0.0000,0.0000
3.912,-0.0000,-0.0000,0.0013,-0.0000,-0.0011,0.0000,0.0000
3.924,-0.0000,-0.0000,0.0013,-0.0000,-0.0011,0.0000,0.0000
3.936,-0.0000,-0.0000,0.0013,-0.0000,-0.0011,0.0000,0.0000
3.948,-0.0000,-0.0000,0.0013,-0.0000,-0.0011,0.0000,0.0000
3.960,-0.0000,-0.0000,0.0013,-0.0000,-0.0011,0.0000,0.0000
3.972,-0.0000,-0.0000,0.0013,-0.0000,-0.0011,0.0000,0.0000
3.984,-0.0000,-0.0000,0.0013,-0.0000,-0.0011,0.0000,0.0000
3.996,-0.0000,-0.0000,0.0013,-0.0000,-0.0011,0.0000,0.0000
4.008,-0.0000,-0.0000,0.0013,-0.0000,-0.0011,0.0000,0.0000
4.020,-0.0000,-0.0000,0.0013,-0.0000,-0.0011,0.0000,0.0000
4.032,-0.0000,-0.0000,0.0013,-0.0000,-0.0011,0.0000,0.0000
4.044,-0.0000,-0.0000,0.0013,-0.0000,-0.0011,0.0000,0.0000
4.056,-0.0000,-0.0000,0.0013,-0.0000,-0.0011,0.0000,0.0000
4.068,-0.0000,-0.0000,0.0013,-0.0000,-0.0011,0.0000,0.0000
4.080,-0.0000,-0.0000,0.0013,-0.0000,-0.0011,0.0000,0.0000
4.092,-0.0000,-0.0000,0.0013,-0.0000,-0.0011,0.0000,0.0000
4.104,-0.0000,-0.0000,0.0013,-0.0000,-0.0011,0.0000,0.0000
4.116,-0.0000,-0.0000,0.0013,-0.0000,-0.0011,0.0000,0.0000
4.128,-0.0000,-0.0000,0.0013,-0.0000,-0.0011,0.0000,0.0000
4.140,-0.0000,-0.0000,0.0013,-0.0000,-0.0011,0.0000,0.0000
4.152,-0.0000,-0.0000,0.0013,-0.0000,-0.0011,0.0000,0.0000
4.164,-0.0000,-0.0000,0.0013,-0.0000,-0.0011,0.0000,0.0000
4.176,-0.0000,-0.0000,0.0013,-0.0000,-0.0011,0.0000,0.0000
4.188,-0.0000,-0.0000,0.0013,-0.0000,-0.0011,0.0000,0.0000
4.200,-0.0000,-0.0000,0.0013,-0.0000,-0.0011,0.0000,0.0000
4.212,-0.0000,-0.0000,0.0013,-0.0000,-0.0011,0.0000,0.0000
4.224,-0.0000,-0.0000,0.0013,-0.0000,-0.0011,0.0000,0.0000
4.236,-0.0000,-0.0000,0.0013,-0.0000,-0.0011,0.0000,0.0000
4.248,-0.0000,-0.0000,0.0013,-0.0000,-0.0011,0.0000,0.0000
4.260,-0.0000,-0.0000,0.0013,-0.0000,-0.0011,0.0000,0.0000
4.272,-0.0000,-0.0000,0.0013,-0.0000,-0.0011,0.0000,0.0000
4.284,-0.0000,-0.0000,0.0013,-0.0000,-0.0011,0.0000,0.0000
4.296,-0.0000,-0.0000,0.0013,-0.0000,-0.0011,0.0000,0.0000
4.308,-0.0000,-0.0000,0.0013,-0.0000,-0.0011,0.0000,0.0000
4.320,-0.0000,-0.0000,0.0013,-0.0000,-0.0011,0.0000,0.0000
4.332,-0.0000,-0.0000,0.0013,-0.0000,-0.0011,0.0000,0.0000
4.344,-0.0000,-0.0000,0.0013,-0.0000,-0.0011,0.0000,0.0000
4.356,-0.0000,-0.0000,0.0013,-0.0000,-0.0011,0.0000,0.0000
4.368,-0.0000,-0.0000,0.0013,-0.0000,-0.0011,0.0000,0.0000
4.380,-0.0000,-0.0000,0.0013,-0.0000,-0.0011,0.0000,0.0000
4.392,-0.0000,-0.0000,0.0013,-0.0000,-0.0011,0.0000,0.0000
4.404,-0.0000,-0.0000,0.0013,-0.0000,-0.0011,0.0000,0.0000
4.416,-0.0000,-0.0000,0.0013,-0.0000,-0.0011,0.0000,0.0000
4.428,-0.0000,-0.0000,0.0013,-0.0000,-0.0011,0.0000,0.0000
4.440,-0.0000,-0.0000,0.0013,-0.0000,-0.0011,0.0000,0.0000
4.452,-0.0000,-0.0000,0.0013,-0.0000,-0.0011,0.0000,0.0000
4.464,-0.0000,-0.0000,0.0013,-0.0000,-0.0011,0.0000,0.0000
4.476,-0.0000,-0.0000,0.0013,-0.0000,-0.0011,0.0000,0.0000
4.488,-0.0000,-0.0000,0.0013,-0.0000,-0.0011,0.0000,0.0000
4.500,-0.0000,-0.0000,0.0013,-0.0000,-0.0011,0.0000,0.0000
4.512,-0.0000,-0.0000,0.0013,-0.0000,-0.0011,0.0000,0.0000
4.524,-0.0000,-0.0000,0.0013,-0.0000,-0.0011,0.0000,0.0000
4.536,-0.0000,-0.0000,0.0013,-0.0000,-0.0011,0.0000,0.0000
4.548,-0.0000,-0.0000,0.0013,-0.0000,-0.0011,0.0000,0.0000
4.560,-0.0000,-0.0000,0.0013,-0.0000,-0.0011,0.0000,0.0000
4.572,-0.0000,-0.0000,0.0013,-0.0000,-0.0011,0.0000,0.0000
4.584,-0.0000,-0.0000,0.0013,-0.0000,-0.0011,0.0000,0.0000
4.596,-0.0000,-0.0000,0.0013,-0.0000,-0.0011,0.0000,0.0000
4.608,-0.0000,-0.0000,0.0013,-0.0000,-0.0011,0.0000,0.0000
4.620,-0.0000,-0.0000,0.0013,-0.0000,-0.0011,0.0000,0.0000
4.632,-0.0000,-0.0000,0.0013,-0.0000,-0.0011,0.0000,0.0000
4.644,-0.0000,-0.0000,0.0013,-0.0000,-0.0011,0.0000,0.0000
4.656,-0.0000,-0.0000,0.0013,-0.0000,-0.0011,0.0000,0.0000
4.668,-0.0000,-0.0000,0.0013,-0.0000,-0.0011,0.0000,0.0000
4.680,-0.0000,-0.0000,0.0013,-0.0000,-0.0011,0.0000,0.0000
4.692,-0.0000,-0.0000,0.0013,-0.0000,-0.0011,0.0000,0.0000
4.704,-0.0000,-0.0000,0.0013,-0.0000,-0.0011,0.0000,0.0000
4.716,-0.0000,-0.0000,0.0013,-0.0000,-0.0011,0.0000,0.0000
4.728,-0.0000,-0.0000,0.0013,-0.0000,-0.0011,0.0000,0.0000
4.740,-0.0000,-0.0000,0.0013,-0.0000,-0.0011,0.0000,0.0000
4.752,-0.0000,-0.0000,0.0013,-0.0000,-0.0011,0.0000,0.0000
4.764,-0.0000,-0.0000,0.0013,-0.0000,-0.0011,0.0000,0.0000
4.776,-0.0000,-0.0000,0.0013,-0.0000,-0.0011,0.0000,0.0000
4.788,-0.0000,-0.0000,0.0013,-0.0000,-0.0011,0.0000,0.0000
4.800,-0.0000,-0.0000,0.0013,-0.0000,-0.0011,0.0000,0.0000
4.812,-0.0000,-0.0000,0.0013,-0.0000,-0.0011,0.0000,0.0000
4.824,-0.0000,-0.0000,0.0013,-0.0000,-0.0011,0.0000,0.0000
4.836,-0.0000,-0.0000,0.0013,-0.0000,-0.0011,0.0000,0.0000
4.848,-0.0000,-0.0000,0.0013,-0.0000,-0.0011,0.0000,0.0000
4.860,-0.0000,-0.0000,0.0013,-0.0000,-0.0011,0.0000,0.0000
4.872,-0.0000,-0.0000,0.0013,-0.0000,-0.0011,0.0000,0.0000
4.884,-0.0000,-0.0000,0.0013,-0.0000,-0.0011,0.0000,0.0000
4.896,-0.0000,-0.0000,0.0013,-0.0000,-0.0011,0.0000,0.0000
4.908,-0.0000,-0.0000,0.0013,-0.0000,-0.0011,0.0000,0.0000
4.920,-0.0000,-0.0000,0.0013,-0.0000,-0.0011,0.0000,0.0000
4.932,-0.0000,-0.0000,0.0013,-0.0000,-0.0011,0.0000,0.0000
4.944,-0.0000,-0.0000,0.0013,-0.0000,-0.0011,0.0000,0.0000
4.956,-0.0000,-0.0000,0.0013,-0.0000,-0.0011,0.0000,0.0000
4.968,-0.0000,-0.0000,0.0013,-0.0000,-0.0011,0.0000,0.0000
4.980,-0.0000,-0.0000,0.0013,-0.0000,-0.0011,0.0000,0.0000
4.992,-0.0000,-0.0000,0.0013,-0.0000,-0.0011,0.0000,0.0000
5.004,-0.0000,-0.0000,0.0013,-0.0000,-0.0011,0.0000,0.0000
5.016,-0.0000,-0.0000,0.0013,-0.0000,-0.0011,0.0000,0.0000
5.028,-0.0000,-0.0000,0.0013,-0.0000,-0.0011,0.0000,0.0000
5.040,-0.0000,-0.0000,0.0013,-0.0000,-0.0011,0.0000,0.0000
5.052,-0.0000,-0.0000,0.0013,-0.0000,-0.0011,0.0000,0.0000
5.064,-0.0000,-0.0000,0.0013,-0.0000,-0.0011,0.0000,0.0000
5.076,-0.0000,-0.0000,0.0013,-0.0000,-0.0011,0.0000,0.0000
5.088,-0.0000,-0.0000,0.0013,-0.0000,-0.0011,0.0000,0.0000
5.100,-0.0000,-0.0000,0.0013,-0.0000,-0.0011,0.0000,0.0000
5.112,-0.0000,-0.0000,0.0013,-0.0000,-0.0011,0.0000,0.0000
5.124,-0.0000,-0.0000,0.0013,-0.0000,-0.0011,0.0000,0.0000
5.136,-0.0000,-0.0000,0.0013,-0.0000,-0.0011,0.0000,0.0000
5.148,-0.0000,-0.0000,0.0013,-0.0000,-0.0011,0.0000,0.0000
5.160,-0.0000,-0.0000,0.0013,-0.0000,-0.0011,0.0000,0.0000
5.172,-0.0000,-0.0000,0.0013,-0.0000,-0.0011,0.0000,0.0000
5.184,-0.0000,-0.0000,0.0013,-0.0000,-0.0011,0.0000,0.0000
5.196,-0.0000,-0.0000,0.0013,-0.0000,-0.0011,0.0000,0.0000
5.208,-0.0000,-0.0000,0.0013,-0.0000,-0.0011,0.0000,0.0000
5.220,-0.0000,-0.0000,0.0013,-0.0000,-0.0011,0.0000,0.0000
5.232,-0.0000,-0.0000,0.0013,-0.0000,-0.0011,0.0000,0.0000
5.244,-0.0000,-0.0000,0.0013,-0.0000,-0.0011,0.0000,0.0000
5.256,-0.0000,-0.0000,0.0013,-0.0000,-0.0011,0.0000,0.0000
5.268,-0.0000,-0.0000,0.0013,-0.0000,-0.0011,0.0000,0.0000
5.280,-0.0000,-0.0000,0.0013,-0.0000,-0.0011,0.0000,0.0000
5.292,-0.0000,-0.0000,0.0013,-0.0000,-0.0011,0.0000,0.0000
5.304,-0.0000,-0.0000,0.0013,-0.0000,-0.0011,0.0000,0.0000
5.316,-0.0000,-0.0000,0.0013,-0.0000,-0.0011,0.0000,0.0000
5.328,-0.0000,-0.0000,0.0013,-0.0000,-0.0011,0.0000,0.0000
5.340,-0.0000,-0.0000,0.0013,-0.0000,-0.0011,0.0000,0.0000
5.352,-0.0000,-0.0000,0.0013,-0.0000,-0.0011,0.0000,0.0000
5.364,-0.0000,-0.0000,0.0013,-0.0000,-0.0011,0.0000,0.0000
5.376,-0.0000,-0.0000,0.0013,-0.0000,-0.0011,0.0000,0.0000
5.388,-0.0000,-0.0000,0.0013,-0.0000,-0.0011,0.0000,0.0000
5.400,-0.0000,-0.0000,0.0013,-0.0000,-0.0011,0.0000,0.0000
5.412,-0.0000,-0.0000,0.0013,-0.0000,-0.0011,0.0000,0.0000
5.424,-0.0000,-0.0000,0.0013,-0.0000,-0.0011,0.0000,0.0000
5.436,-0.0000,-0.0000,0.0013,-0.0000,-0.0011,0.0000,0.0000
5.448,-0.0000,-0.0000,0.0013,-0.0000,-0.0011,0.0000,0.0000
5.460,-0.0000,-0.0000,0.0013,-0.0000,-0.0011,0.0000,0.0000
5.472,-0.0000,-0.0000,0.0013,-0.0000,-0.0011,0.0000,0.0000
5.484,-0.0000,-0.0000,0.0013,-0.0000,-0.0011,0.0000,0.0000
5.496,-0.0000,-0.0000,0.0013,-0.0000,-0.0011,0.0000,0.0000
5.508,-0.0000,-0.0000,0.0013,-0.0000,-0.0011,0.0000,0.0000
5.520,-0.0000,-0.0000,0.0013,-0.0000,-0.0011,0.0000,0.0000
5.532,-0.0000,-0.0000,0.0013,-0.0000,-0.0011,0.0000,0.0000
5.544,-0.0000,-0.0000,0.0013,-0.0000,-0.0011,0.0000,0.0000
5.556,-0.0000,-0.0000,0.0013,-0.0000,-0.0011,0.0000,0.0000
5.568,-0.0000,-0.0000,0.0013,-0.0000,-0.0011,0.0000,0.0000
5.580,-0.0000,-0.0000,0.0013,-0.0000,-0.0011,0.0000,0.0000
5.592,-0.0000,-0.0000,0.0013,-0.0000,-0.0011,0.0000,0.0000
5.604,-0.0000,-0.0000,0.0013,-0.0000,-0.0011,0.0000,0.0000
5.616,-0.0000,-0.0000,0.0013,-0.0000,-0.0011,0.0000,0.0000
5.628,-0.0000,-0.0000,0.0013,-0.0000,-0.0011,0.0000,0.0000
5.640,-0.0000,-0.0000,0.0013,-0.0000,-0.0011,0.0000,0.0000
5.652,-0.0000,-0.0000,0.0013,-0.0000,-0.0011,0.0000,0.0000
5.664,-0.0000,-0.0000,0.0013,-0.0000,-0.0011,0.0000,0.0000
5.676,-0.0000,-0.0000,0.0013,-0.0000,-0.0011,0.0000,0.0000
5.688,-0.0000,-0.0000,0.0013,-0.0000,-0.0011,0.0000,0.0000
5.700,-0.0000,-0.0000,0.0013,-0.0000,-0.0011,0.0000,0.0000
5.712,-0.0000,-0.0000,0.0013,-0.0000,-0.0011,0.0000,0.0000
5.724,-0.0000,-0.0000,0.0013,-0.0000,-0.0011,0.0000,0.0000
5.736,-0.0000,-0.0000,0.0013,-0.0000,-0.0011,0.0000,0.0000
5.748,-0.0000,-0.0000,0.0013,-0.0000,-0.0011,0.0000,0.0000
5.760,-0.0000,-0.0000,0.0013,-0.0000,-0.0011,0.0000,0.0000
5.772,-0.0000,-0.0000,0.0013,-0.0000,-0.0011,0.0000,0.0000
5.784,-0.0000,-0.0000,0.0013,-0.0000,-0.0011,0.0000,0.0000
5.796,-0.0000,-0.0000,0.0013,-0.0000,-0.0011,0.0000,0.0000
5.808,-0.0000,-0.0000,0.0013,-0.0000,-0.0011,0.0000,0.0000
5.820,-0.0000,-0.0000,0.0013,-0.0000,-0.0011,0.0000,0.0000
5.832,-0.0000,-0.0000,0.0013,-0.0000,-0.0011,0.0000,0.0000
5.844,-0.0000,-0.0000,0.0013,-0.0000,-0.0011,0.0000,0.0000
5.856,-0.0000,-0.0000,0.0013,-0.0000,-0.0011,0.0000,0.0000
5.868,-0.0000,-0.0000,0.0013,-0.0000,-0.0011,0.0000,0.0000
5.880,-0.0000,-0.0000,0.0013,-0.0000,-0.0011,0.0000,0.0000
5.892,-0.0000,-0.0000,0.0013,-0.0000,-0.0011,0.0000,0.0000
5.904,-0.0000,-0.0000,0.0013,-0.0000,-0.0011,0.0000,0.0000
5.916,-0.0000,-0.0000,0.0013,-0.0000,-0.0011,0.0000,0.0000
5.928,-0.0000,-0.0000,0.0013,-0.0000,-0.0011,0.0000,0.0000
5.940,-0.0000,-0.0000,0.0013,-0.0000,-0.0011,0.0000,0.0000
5.952,-0.0000,-0.0000,0.0013,-0.0000,-0.0011,0.0000,0.0000
5.964,-0.0000,-0.0000,0.0013,-0.0000,-0.0011,0.0000,0.0000
5.976,-0.0000,-0.0000,0.0013,-0.0000,-0.0011,0.0000,0.0000
5.988,-0.0000,-0.0000,0.0013,-0.0000,-0.0011,0.0000,0.0000
6.000,-0.0000,-0.0000,0.0013,-0.0000,-0.0011,0.0000,0.0000
6.012,-0.0000,-0.0000,0.0013,-0.0000,-0.0011,0.0000,0.0000
6.024,-0.0000,-0.0000,0.0013,-0.0000,-0.0011,0.0000,0.0000
6.036,-0.0000,-0.0000,0.0013,-0.0000,-0.0011,0.0000,0.0000
6.048,-0.0000,-0.0000,0.0013,-0.0000,-0.0011,0.0000,0.0000
6.060,-0.0000,-0.0000,0.0013,-0.0000,-0.0011,0.0000,0.0000
6.072,-0.0000,-0.0000,0.0013,-0.0000,-0.0011,0.0000,0.0000
6.084,-0.0000,-0.0000,0.0013,-0.0000,-0.0011,0.0000,0.0000
6.096,-0.0000,-0.0000,0.0013,-0.0000,-0.0011,0.0000,0.0000
6.108,-0.0000,-0.0000,0.0013,-0.0000,-0.0011,0.0000,0.0000
6.120,-0.0000,-0.0000,0.0013,-0.0000,-0.0011,0.0000,0.0000
6.132,-0.0000,-0.0000,0.0013,-0.0000,-0.0011,0.0000,0.0000
6.144,-0.0000,-0.0000,0.0013,-0.0000,-0.0011,0.0000,0.0000
6.156,-0.0000,-0.0000,0.0013,-0.0000,-0.0011,0.0000,0.0000
6.168,-0.0000,-0.0000,0.0013,-0.0000,-0.0011,0.0000,0.0000
6.180,-0.0000,-0.0000,0.0013,-0.0000,-0.0011,0.0000,0.0000
6.192,-0.0000,-0.0000,0.0013,-0.0000,-0.0011,0.0000,0.0000
6.204,-0.0000,-0.0000,0.0013,-0.0000,-0.0011,0.0000,0.0000
6.216,-0.0000,-0.0000,0.0013,-0.0000,-0.0011,0.0000,0.0000
6.228,-0.0000,-0.0000,0.0013,-0.0000,-0.0011,0.0000,0.0000
6.240,-0.0000,-0.0000,0.0013,-0.0000,-0.0011,0.0000,0.0000
6.252,-0.0000,-0.0000,0.0013,-0.0000,-0.0011,0.0000,0.0000
6.264,-0.0000,-0.0000,0.0013,-0.0000,-0.0011,0.0000,0.0000
6.276,-0.0000,-0.0000,0.0013,-0.0000,-0.0011,0.0000,0.0000
6.288,-0.0000,-0.0000,0.0013,-0.0000,-0.0011,0.0000,0.0000
6.300,-0.0000,-0.0000,0.0013,-0.0000,-0.0011,0.0000,0.0000
6.312,-0.0000,-0.0000,0.0013,-0.0000,-0.0011,0.0000,0.0000
6.324,-0.0000,-0.0000,0.0013,-0.0000,-0.0011,0.0000,0.0000
6.336,-0.0000,-0.0000,0.0013,-0.0000,-0.0011,0.0000,0.0000
6.348,-0.0000,-0.0000,0.0013,-0.0000,-0.0011,0.0000,0.0000
6.360,-0.0000,-0.0000,0.0013,-0.0000,-0.0011,0.0000,0.0000
6.372,-0.0000,-0.0000,0.0013,-0.0000,-0.0011,0.0000,0.0000
6.384,-0.0000,-0.0000,0.0013,-0.0000,-0.0011,0.0000,0.0000
6.396,-0.0000,-0.0000,0.0013,-0.0000,-0.0011,0.0000,0.0000
6.408,-0.0000,-0.0000,0.0013,-0.0000,-0.0011,0.0000,0.0000
6.420,-0.0000,-0.0000,0.0013,-0.0000,-0.0011,0.0000,0.0000
6.432,-0.0000,-0.0000,0.0013,-0.0000,-0.0011,0.0000,0.0000
6.444,-0.0000,-0.0000,0.0013,-0.0000,-0.0011,0.0000,0.0000
6.456,-0.0000,-0.0000,0.0013,-0.0000,-0.0011,0.0000,0.0000
6.468,-0.0000,-0.0000,0.0013,-0.0000,-0.0011,0.0000,0.0000
6.480,-0.0000,-0.0000,0.0013,-0.0000,-0.0011,0.0000,0.0000
6.492,-0.0000,-0.0000,0.0013,-0.0000,-0.0011,0.0000,0.0000
6.504,-0.0000,-0.0000,0.0013,-0.0000,-0.0011,0.0000,0.0000
6.516,-0.0000,-0.0000,0.0013,-0.0000,-0.0011,0.0000,0.0000
6.528,-0.0000,-0.0000,0.0013,-0.0000,-0.0011,0.0000,0.0000
6.540,-0.0000,-0.0000,0.0013,-0.0000,-0.0011,0.0000,0.0000
6.552,-0.0000,-0.0000,0.0013,-0.0000,-0.0011,0.0000,0.0000
6.564,-0.0000,-0.0000,0.0013,-0.0000,-0.0011,0.0000,0.0000
6.576,-0.0000,-0.0000,0.0013,-0.0000,-0.0011,0.0000,0.0000
6.588,-0.0000,-0.0000,0.0013,-0.0000,-0.0011,0.0000,0.0000
6.600,-0.0000,-0.0000,0.0013,-0.0000,-0.0011,0.0000,0.0000
6.612,-0.0000,-0.0000,0.0013,-0.0000,-0.0011,0.0000,0.0000
6.624,-0.0000,-0.0000,0.0013,-0.0000,-0.0011,0.0000,0.0000
6.636,-0.0000,-0.0000,0.0013,-0.0000,-0.0011,0.0000,0.0000
6.648,-0.0000,-0.0000,0.0013,-0.0000,-0.0011,0.0000,0.0000
6.660,-0.0000,-0.0000,0.0013,-0.0000,-0.0011,0.0000,0.0000
6.672,-0.0000,-0.0000,0.0013,-0.0000,-0.0011,0.0000,0.0000
6.684,-0.0000,-0.0000,0.0013,-0.0000,-0.0011,0.0000,0.0000
6.696,-0.0000,-0.0000,0.0013,-0.0000,-0.0011,0.0000,0.0000
6.708,-0.0000,-0.0000,0.0013,-0.0000,-0.0011,0.0000,0.0000
6.720,-0.0000,-0.0000,0.0013,-0.0000,-0.0011,0.0000,0.0000
6.732,-0.0000,-0.0000,0.0013,-0.0000,-0.0011,0.0000,0.0000
6.744,-0.0000,-0.0000,0.0013,-0.0000,-0.0011,0.0000,0.0000
6.756,-0.0000,-0.0000,0.0013,-0.0000,-0.0011,0.0000,0.0000
6.768,-0.0000,-0.0000,0.0013,-0.0000,-0.0011,0.0000,0.0000
6.780,-0.0000,-0.0000,0.0013,-0.0000,-0.0011,0.0000,0.0000
6.792,-0.0000,-0.0000,0.0013,-0.0000,-0.0011,0.0000,0.0000
6.804,-0.0000,-0.0000,0.0013,-0.0000,-0.0011,0.0000,0.0000
6.816,-0.0000,-0.0000,0.0013,-0.0000,-0.0011,0.0000,0.0000
6.828,-0.0000,-0.0000,0.0013,-0.0000,-0.0011,0.0000,0.0000
6.840,-0.0000,-0.0000,0.0013,-0.0000,-0.0011,0.0000,0.0000
6.852,-0.0000,-0.0000,0.0013,-0.0000,-0.0011,0.0000,0.0000
6.864,-0.0000,-0.0000,0.0013,-0.0000,-0.0011,0.0000,0.0000
6.876,-0.0000,-0.0000,0.0013,-0.0000,-0.0011,0.0000,0.0000
6.888,-0.0000,-0.0000,0.0013,-0.0000,-0.0011,0.0000,0.0000
6.900,-0.0000,-0.0000,0.0013,-0.0000,-0.0011,0.0000,0.0000
6.912,-0.0000,-0.0000,0.0013,-0.0000,-0.0011,0.0000,0.0000
6.924,-0.0000,-0.0000,0.0013,-0.0000,-0.0011,0.0000,0.0000
6.936,-0.0000,-0.0000,0.0013,-0.0000,-0.0011,0.0000,0.0000
6.948,-0.0000,-0.0000,0.0013,-0.0000,-0.0011,0.0000,0.0000
6.960,-0.0000,-0.0000,0.0013,-0.0000,-0.0011,0.0000,0.0000
6.972,-0.0000,-0.0000,0.0013,-0.0000,-0.0011,0.0000,0.0000
6.984,-0.0000,-0.0000,0.0013,-0.0000,-0.0011,0.0000,0.0000
6.996,-0.0000,-0.0000,0.0013,-0.0000,-0.0011,0.0000,0.0000
7.008,-0.0000,-0.0000,0.0013,-0.0000,-0.0011,0.0000,0.0000
7.020,-0.0000,-0.0000,0.0013,-0.0000,-0.0011,0.0000,0.0000
7.032,-0.0000,-0.0000,0.0013,-0.0000,-0.0011,0.0000,0.0000
7.044,-0.0000,-0.0000,0.0013,-0.0000,-0.0011,0.0000,0.0000
7.056,-0.0000,-0.0000,0.0013,-0.0000,-0.0011,0.0000,0.0000
7.068,-0.0000,-0.0000,0.0013,-0.0000,-0.0011,0.0000,0.0000
7.080,-0.0000,-0.0000,0.0013,-0.0000,-0.0011,0.0000,0.0000
7.092,-0.0000,-0.0000,0.0013,-0.0000,-0.0011,0.0000,0.0000
7.104,-0.0000,-0.0000,0.0013,-0.0000,-0.0011,0.0000,0.0000
7.116,-0.0000,-0.0000,0.0013,-0.0000,-0.0011,0.0000,0.0000
7.128,-0.0000,-0.0000,0.0013,-0.0000,-0.0011,0.0000,0.0000
7.140,-0.0000,-0.0000,0.0013,-0.0000,-0.0011,0.0000,0.0000
7.152,-0.0000,-0.0000,0.0013,-0.0000,-0.0011,0.0000,0.0000
7.164,-0.0000,-0.0000,0.0013,-0.0000,-0.0011,0.0000,0.0000
7.176,-0.0000,-0.0000,0.0013,-0.0000,-0.0011,0.0000,0.0000
7.188,-0.0000,-0.0000,0.0013,-0.0000,-0.0011,0.0000,0.0000
7.200,-0.0000,-0.0000,0.0013,-0.0000,-0.0011,0.0000,0.0000
7.212,-0.0000,-0.0000,0.0013,-0.0000,-0.0011,0.0000,0.0000
7.224,-0.0000,-0.0000,0.0013,-0.0000,-0.0011,0.0000,0.0000
7.236,-0.0000,-0.0000,0.0013,-0.0000,-0.0011,0.0000,0.0000
7.248,-0.0000,-0.0000,0.0013,-0.0000,-0.0011,0.0000,0.0000
7.260,-0.0000,-0.0000,0.0013,-0.0000,-0.0011,0.0000,0.0000
7.272,-0.0000,-0.0000,0.0013,-0.0000,-0.0011,0.0000,0.0000
7.284,-0.0000,-0.0000,0.0013,-0.0000,-0.0011,0.0000,0.0000
7.296,-0.0000,-0.0000,0.0013,-0.0000,-0.0011,0.0000,0.0000
7.308,-0.0000,-0.0000,0.0013,-0.0000,-0.0011,0.0000,0.0000
7.320,-0.0000,-0.0000,0.0013,-0.0000,-0.0011,0.0000,0.0000
7.332,-0.0000,-0.0000,0.0013,-0.0000,-0.0011,0.0000,0.0000
7.344,-0.0000,-0.0000,0.0013,-0.0000,-0.0011,0.0000,0.0000
7.356,-0.0000,-0.0000,0.0013,-0.0000,-0.0011,0.0000,0.0000
7.368,-0.0000,-0.0000,0.0013,-0.0000,-0.0011,0.0000,0.0000
7.380,-0.0000,-0.0000,0.0013,-0.0000,-0.0011,0.0000,0.0000
7.392,-0.0000,-0.0000,0.0013,-0.0000,-0.0011,0.0000,0.0000
7.404,-0.0000,-0.0000,0.0013,-0.0000,-0.0011,0.0000,0.0000
7.416,-0.0000,-0.0000,0.0013,-0.0000,-0.0011,0.0000,0.0000
7.428,-0.0000,-0.0000,0.0013,-0.0000,-0.0011,0.0000,0.0000
7.440,-0.0000,-0.0000,0.0013,-0.0000,-0.0011,0.0000,0.0000
7.452,-0.0000,-0.0000,0.0013,-0.0000,-0.0011,0.0000,0.0000
7.464,-0.0000,-0.0000,0.0013,-0.0000,-0.0011,0.0000,0.0000
7.476,-0.0000,-0.0000,0.0013,-0.0000,-0.0011,0.0000,0.0000
7.488,-0.0000,-0.0000,0.0013,-0.0000,-0.0011,0.0000,0.0000
7.500,-0.0000,-0.0000,0.0013,-0.0000,-0.0011,0.0000,0.0000
7.512,-0.0000,-0.0000,0.0013,-0.0000,-0.0011,0.0000,0.0000
7.524,-0.0000,-0.0000,0.0013,-0.0000,-0.0011,0.0000,0.0000
7.536,-0.0000,-0.0000,0.0013,-0.0000,-0.0011,0.0000,0.0000
7.548,-0.0000,-0.0000,0.0013,-0.0000,-0.0011,0.0000,0.0000
7.560,-0.0000,-0.0000,0.0013,-0.0000,-0.0011,0.0000,0.0000
7.572,-0.0000,-0.0000,0.0013,-0.0000,-0.0011,0.0000,0.0000
7.584,-0.0000,-0.0000,0.0013,-0.0000,-0.0011,0.0000,0.0000
7.596,-0.0000,-0.0000,0.0013,-0.0000,-0.0011,0.0000,0.0000
7.608,-0.0000,-0.0000,0.0013,-0.0000,-0.0011,0.0000,0.0000
7.620,-0.0000,-0.0000,0.0013,-0.0000,-0.0011,0.0000,0.0000
7.632,-0.0000,-0.0000,0.0013,-0.0000,-0.0011,0.0000,0.0000
7.644,-0.0000,-0.0000,0.0013,-0.0000,-0.0011,0.0000,0.0000
7.656,-0.0000,-0.0000,0.0013,-0.0000,-0.0011,0.0000,0.0000
7.668,-0.0000,-0.0000,0.0013,-0.0000,-0.0011,0.0000,0.0000
7.680,-0.0000,-0.0000,0.0013,-0.0000,-0.0011,0.0000,0.0000
7.692,-0.0000,-0.0000,0.0013,-0.0000,-0.0011,0.0000,0.0000
7.704,-0.0000,-0.0000,0.0013,-0.0000,-0.0011,0.0000,0.0000
7.716,-0.0000,-0.0000,0.0013,-0.0000,-0.0011,0.0000,0.0000
7.728,-0.0000,-0.0000,0.0013,-0.0000,-0.0011,0.0000,0.0000
7.740,-0.0000,-0.0000,0.0013,-0.0000,-0.0011,0.0000,0.0000
7.752,-0.0000,-0.0000,0.0013,-0.0000,-0.0011,0.0000,0.0000
7.764,-0.0000,-0.0000,0.0013,-0.0000,-0.0011,0.0000,0.0000
7.776,-0.0000,-0.0000,0.0013,-0.0000,-0.0011,0.0000,0.0000
7.788,-0.0000,-0.0000,0.0013,-0.0000,-0.0011,0.0000,0.0000
7.800,-0.0000,-0.0000,0.0013,-0.0000,-0.0011,0.0000,0.0000
7.812,-0.0000,-0.0000,0.0013,-0.0000,-0.0011,0.0000,0.0000
7.824,-0.0000,-0.0000,0.0013,-0.0000,-0.0011,0.0000,0.0000
7.836,-0.0000,-0.0000,0.0013,-0.0000,-0.0011,0.0000,0.0000
7.848,-0.0000,-0.0000,0.0013,-0.0000,-0.0011,0.0000,0.0000
7.860,-0.0000,-0.0000,0.0013,-0.0000,-0.0011,0.0000,0.0000
7.872,-0.0000,-0.0000,0.0013,-0.0000,-0.0011,0.0000,0.0000
7.884,-0.0000,-0.0000,0.0013,-0.0000,-0.0011,0.0000,0.0000
7.896,-0.0000,-0.0000,0.0013,-0.0000,-0.0011,0.0000,0.0000
7.908,-0.0000,-0.0000,0.0013,-0.0000,-0.0011,0.0000,0.0000
7.920,-0.0000,-0.0000,0.0013,-0.0000,-0.0011,0.0000,0.0000
7.932,-0.0000,-0.0000,0.0013,-0.0000,-0.0011,0.0000,0.0000
7.944,-0.0000,-0.0000,0.0013,-0.0000,-0.0011,0.0000,0.0000
7.956,-0.0000,-0.0000,0.0013,-0.0000,-0.0011,0.0000,0.0000
7.968,-0.0000,-0.0000,0.0013,-0.0000,-0.0011,0.0000,0.0000
7.980,-0.0000,-0.0000,0.0013,-0.0000,-0.0011,0.0000,0.0000
7.992,-0.0000,-0.0000,0.0013,-0.0000,-0.0011,0.0000,0.0000
8.004,-0.0000,-0.0000,0.0013,-0.0000,-0.0011,0.0000,0.0000
8.016,-0.0000,-0.0000,0.0013,-0.0000,-0.0011,0.0000,0.0000
8.028,-0.0000,-0.0000,0.0013,-0.0000,-0.0011,0.0000,0.0000
8.040,-0.0000,-0.0000,0.0013,-0.0000,-0.0011,0.0000,0.0000
8.052,-0.0000,-0.0000,0.0013,-0.0000,-0.0011,0.0000,0.0000
8.064,-0.0000,-0.0000,0.0013,-0.0000,-0.0011,0.0000,0.0000
8.076,-0.0000,-0.0000,0.0013,-0.0000,-0.0011,0.0000,0.0000
8.088,-0.0000,-0.0000,0.0013,-0.0000,-0.0011,0.0000,0.0000
8.100,-0.0000,-0.0000,0.0013,-0.0000,-0.0011,0.0000,0.0000
8.112,-0.0000,-0.0000,0.0013,-0.0000,-0.0011,0.0000,0.0000
8.124,-0.0000,-0.0000,0.0013,-0.0000,-0.0011,0.0000,0.0000
8.136,-0.0000,-0.0000,0.0013,-0.0000,-0.0011,0.0000,0.0000
8.148,-0.0000,-0.0000,0.0013,-0.0000,-0.0011,0.0000,0.0000
8.160,-0.0000,-0.0000,0.0013,-0.0000,-0.0011,0.0000,0.0000
8.172,-0.0000,-0.0000,0.0013,-0.0000,-0.0011,0.0000,0.0000
8.184,-0.0000,-0.0000,0.0013,-0.0000,-0.0011,0.0000,0.0000
8.196,-0.0000,-0.0000,0.0013,-0.0000,-0.0011,0.0000,0.0000
8.208,-0.0000,-0.0000,0.0013,-0.0000,-0.0011,0.0000,0.0000
8.220,-0.0000,-0.0000,0.0013,-0.0000,-0.0011,0.0000,0.0000
8.232,-0.0000,-0.0000,0.0013,-0.0000,-0.0011,0.0000,0.0000
8.244,-0.0000,-0.0000,0.0013,-0.0000,-0.0011,0.0000,0.0000
8.256,-0.0000,-0.0000,0.0013,-0.0000,-0.0011,0.0000,0.0000
8.268,-0.0000,-0.0000,0.0013,-0.0000,-0.0011,0.0000,0.0000
8.280,-0.0000,-0.0000,0.0013,-0.0000,-0.0011,0.0000,0.0000
8.292,-0.0000,-0.0000,0.0013,-0.0000,-0.0011,0.0000,0.0000
8.304,-0.0000,-0.0000,0.0013,-0.0000,-0.0011,0.0000,0.0000
8.316,-0.0000,-0.0000,0.0013,-0.0000,-0.0011,0.0000,0.0000
8.328,-0.0000,-0.0000,0.0013,-0.0000,-0.0011,0.0000,0.0000
8.340,-0.0000,-0.0000,0.0013,-0.0000,-0.0011,0.0000,0.0000
8.352,-0.0000,-0.0000,0.0013,-0.0000,-0.0011,0.0000,0.0000
8.364,-0.0000,-0.0000,0.0013,-0.0000,-0.0011,0.0000,0.0000
8.376,-0.0000,-0.0000,0.0013,-0.0000,-0.0011,0.0000,0.0000
8.388,-0.0000,-0.0000,0.0013,-0.0000,-0.0011,0.0000,0.0000
8.400,-0.0000,-0.0000,0.0013,-0.0000,-0.0011,0.0000,0.0000
8.412,-0.0000,-0.0000,0.0013,-0.0000,-0.0011,0.0000,0.0000
8.424,-0.0000,-0.0000,0.0013,-0.0000,-0.0011,0.0000,0.0000
8.436,-0.0000,-0.0000,0.0013,-0.0000,-0.0011,0.0000,0.0000
8.448,-0.0000,-0.0000,0.0013,-0.0000,-0.0011,0.0000,0.0000
8.460,-0.0000,-0.0000,0.0013,-0.0000,-0.0011,0.0000,0.0000
8.472,-0.0000,-0.0000,0.0013,-0.0000,-0.0011,0.0000,0.0000
8.484,-0.0000,-0.0000,0.0013,-0.0000,-0.0011,0.0000,0.0000
8.496,-0.0000,-0.0000,0.0013,-0.0000,-0.0011,0.0000,0.0000
8.508,-0.0000,-0.0000,0.0013,-0.0000,-0.0011,0.0000,0.0000
8.520,-0.0000,-0.0000,0.0013,-0.0000,-0.0011,0.0000,0.0000
8.532,-0.0000,-0.0000,0.0013,-0.0000,-0.0011,0.0000,0.0000
8.544,-0.0000,-0.0000,0.0013,-0.0000,-0.0011,0.0000,0.0000
8.556,-0.0000,-0.0000,0.0013,-0.0000,-0.0011,0.0000,0.0000
8.568,-0.0000,-0.0000,0.0013,-0.0000,-0.0011,0.0000,0.0000
8.580,-0.0000,-0.0000,0.0013,-0.0000,-0.0011,0.0000,0.0000
8.592,-0.0000,-0.0000,0.0013,-0.0000,-0.0011,0.0000,0.0000
8.604,-0.0000,-0.0000,0.0013,-0.0000,-0.0011,0.0000,0.0000
8.616,-0.0000,-0.0000,0.0013,-0.0000,-0.0011,0.0000,0.0000
8.628,-0.0000,-0.0000,0.0013,-0.0000,-0.0011,0.0000,0.0000
8.640,-0.0000,-0.0000,0.0013,-0.0000,-0.0011,0.0000,0.0000
8.652,-0.0000,-0.0000,0.0013,-0.0000,-0.0011,0.0000,0.0000
8.664,-0.0000,-0.0000,0.0013,-0.0000,-0.0011,0.0000,0.0000
8.676,-0.0000,-0.0000,0.0013,-0.0000,-0.0011,0.0000,0.0000
8.688,-0.0000,-0.0000,0.0013,-0.0000,-0.0011,0.0000,0.0000
8.700,-0.0000,-0.0000,0.0013,-0.0000,-0.0011,0.0000,0.0000
8.712,-0.0000,-0.0000,0.0013,-0.0000,-0.0011,0.0000,0.0000
8.724,-0.0000,-0.0000,0.0013,-0.0000,-0.0011,0.0000,0.0000
8.736,-0.0000,-0.0000,0.0013,-0.0000,-0.0011,0.0000,0.0000
8.748,-0.0000,-0.0000,0.0013,-0.0000,-0.0011,0.0000,0.0000
8.760,-0.0000,-0.0000,0.0013,-0.0000,-0.0011,0.0000,0.0000
8.772,-0.0000,-0.0000,0.0013,-0.0000,-0.0011,0.0000,0.0000
8.784,-0.0000,-0.0000,0.0013,-0.0000,-0.0011,0.0000,0.0000
8.796,-0.0000,-0.0000,0.0013,-0.0000,-0.0011,0.0000,0.0000
8.808,-0.0000,-0.0000,0.0013,-0.0000,-0.0011,0.0000,0.0000
8.820,-0.0000,-0.0000,0.0013,-0.0000,-0.0011,0.0000,0.0000
8.832,-0.0000,-0.0000,0.0013,-0.0000,-0.0011,0.0000,0.0000
8.844,-0.0000,-0.0000,0.0013,-0.0000,-0.0011,0.0000,0.0000
8.856,-0.0000,-0.0000,0.0013,-0.0000,-0.0011,0.0000,0.0000
8.868,-0.0000,-0.0000,0.0013,-0.0000,-0.0011,0.0000,0.0000
8.880,-0.0000,-0.0000,0.0013,-0.0000,-0.0011,0.0000,0.0000
8.892,-0.0000,-0.0000,0.0013,-0.0000,-0.0011,0.0000,0.0000
8.904,-0.0000,-0.0000,0.0013,-0.0000,-0.0011,0.0000,0.0000
8.916,-0.0000,-0.0000,0.0013,-0.0000,-0.0011,0.0000,0.0000
8.928,-0.0000,-0.0000,0.0013,-0.0000,-0.0011,0.0000,0.0000
8.940,-0.0000,-0.0000,0.0013,-0.0000,-0.0011,0.0000,0.0000
8.952,-0.0000,-0.0000,0.0013,-0.0000,-0.0011,0.0000,0.0000
8.964,-0.0000,-0.0000,0.0013,-0.0000,-0.0011,0.0000,0.0000
8.976,-0.0000,-0.0000,0.0013,-0.0000,-0.0011,0.0000,0.0000
8.988,-0.0000,-0.0000,0.0013,-0.0000,-0.0011,0.0000,0.0000
9.000,-0.0000,-0.0000,0.0013,-0.0000,-0.0011,0.0000,0.0000
9.012,-0.0000,-0.0000,0.0013,-0.0000,-0.0011,0.0000,0.0000
9.024,-0.0000,-0.0000,0.0013,-0.0000,-0.0011,0.0000,0.0000
9.036,-0.0000,-0.0000,0.0013,-0.0000,-0.0011,0.0000,0.0000
9.048,-0.0000,-0.0000,0.0013,-0.0000,-0.0011,0.0000,0.0000
9.060,-0.0000,-0.0000,0.0013,-0.0000,-0.0011,0.0000,0.0000
9.072,-0.0000,-0.0000,0.0013,-0.0000,-0.0011,0.0000,0.0000
9.084,-0.0000,-0.0000,0.0013,-0.0000,-0.0011,0.0000,0.0000
9.096,-0.0000,-0.0000,0.0013,-0.0000,-0.0011,0.0000,0.0000
9.108,-0.0000,-0.0000,0.0013,-0.0000,-0.0011,0.0000,0.0000
9.120,-0.0000,-0.0000,0.0013,-0.0000,-0.0011,0.0000,0.0000
9.132,-0.0000,-0.0000,0.0013,-0.0000,-0.0011,0.0000,0.0000
9.144,-0.0000,-0.0000,0.0013,-0.0000,-0.0011,0.0000,0.0000
9.156,-0.0000,-0.0000,0.0013,-0.0000,-0.0011,0.0000,0.0000
9.168,-0.0000,-0.0000,0.0013,-0.0000,-0.0011,0.0000,0.0000
9.180,-0.0000,-0.0000,0.0013,-0.0000,-0.0011,0.0000,0.0000
9.192,-0.0000,-0.0000,0.0013,-0.0000,-0.0011,0.0000,0.0000
9.204,-0.0000,-0.0000,0.0013,-0.0000,-0.0011,0.0000,0.0000
9.216,-0.0000,-0.0000,0.0013,-0.0000,-0.0011,0.0000,0.0000
9.228,-0.0000,-0.0000,0.0013,-0.0000,-0.0011,0.0000,0.0000
9.240,-0.0000,-0.0000,0.0013,-0.0000,-0.0011,0.0000,0.0000
9.252,-0.0000,-0.0000,0.0013,-0.0000,-0.0011,0.0000,0.0000
9.264,-0.0000,-0.0000,0.0013,-0.0000,-0.0011,0.0000,0.0000
9.276,-0.0000,-0.0000,0.0013,-0.0000,-0.0011,0.0000,0.0000
9.288,-0.0000,-0.0000,0.0013,-0.0000,-0.0011,0.0000,0.0000
9.300,-0.0000,-0.0000,0.0013,-0.0000,-0.0011,0.0000,0.0000
9.312,-0.0000,-0.0000,0.0013,-0.0000,-0.0011,0.0000,0.0000
9.324,-0.0000,-0.0000,0.0013,-0.0000,-0.0011,0.0000,0.0000
9.336,-0.0000,-0.0000,0.0013,-0.0000,-0.0011,0.0000,0.0000
9.348,-0.0000,-0.0000,0.0013,-0.0000,-0.0011,0.0000,0.0000
9.360,-0.0000,-0.0000,0.0013,-0.0000,-0.0011,0.0000,0.0000
9.372,-0.0000,-0.0000,0.0013,-0.0000,-0.0011,0.0000,0.0000
9.384,-0.0000,-0.0000,0.0013,-0.0000,-0.0011,0.0000,0.0000
9.396,-0.0000,-0.0000,0.0013,-0.0000,-0.0011,0.0000,0.0000
9.408,-0.0000,-0.0000,0.0013,-0.0000,-0.0011,0.0000,0.0000
9.420,-0.0000,-0.0000,0.0013,-0.0000,-0.0011,0.0000,0.0000
9.432,-0.0000,-0.0000,0.0013,-0.0000,-0.0011,0.0000,0.0000
9.444,-0.0000,-0.0000,0.0013,-0.0000,-0.0011,0.0000,0.0000
9.456,-0.0000,-0.0000,0.0013,-0.0000,-0.0011,0.0000,0.0000
9.468,-0.0000,-0.0000,0.0013,-0.0000,-0.0011,0.0000,0.0000
9.480,-0.0000,-0.0000,0.0013,-0.0000,-0.0011,0.0000,0.0000
9.492,-0.0000,-0.0000,0.0013,-0.0000,-0.0011,0.0000,0.0000
9.504,-0.0000,-0.0000,0.0013,-0.0000,-0.0011,0.0000,0.0000
9.516,-0.0000,-0.0000,0.0013,-0.0000,-0.0011,0.0000,0.0000
9.528,-0.0000,-0.0000,0.0013,-0.0000,-0.0011,0.0000,0.0000
9.540,-0.0000,-0.0000,0.0013,-0.0000,-0.0011,0.0000,0.0000
9.552,-0.0000,-0.0000,0.0013,-0.0000,-0.0011,0.0000,0.0000
9.564,-0.0000,-0.0000,0.0013,-0.0000,-0.0011,0.0000,0.0000
9.576,-0.0000,-0.0000,0.0013,-0.0000,-0.0011,0.0000,0.0000
9.588,-0.0000,-0.0000,0.0013,-0.0000,-0.0011,0.0000,0.0000
9.600,-0.0000,-0.0000,0.0013,-0.0000,-0.0011,0.0000,0.0000
9.612,-0.0000,-0.0000,0.0013,-0.0000,-0.0011,0.0000,0.0000
9.624,-0.0000,-0.0000,0.0013,-0.0000,-0.0011,0.0000,0.0000
9.636,-0.0000,-0.0000,0.0013,-0.0000,-0.0011,0.0000,0.0000
9.648,-0.0000,-0.0000,0.0013,-0.0000,-0.0011,0.0000,0.0000
9.660,-0.0000,-0.0000,0.0013,-0.0000,-0.0011,0.0000,0.0000
9.672,-0.0000,-0.0000,0.0013,-0.0000,-0.0011,0.0000,0.0000
9.684,-0.0000,-0.0000,0.0013,-0.0000,-0.0011,0.0000,0.0000
9.696,-0.0000,-0.0000,0.0013,-0.0000,-0.0011,0.0000,0.0000
9.708,-0.0000,-0.0000,0.0013,-0.0000,-0.0011,0.0000,0.0000
9.720,-0.0000,-0.0000,0.0013,-0.0000,-0.0011,0.0000,0.0000
9.732,-0.0000,-0.0000,0.0013,-0.0000,-0.0011,0.0000,0.0000
9.744,-0.0000,-0.0000,0.0013,-0.0000,-0.0011,0.0000,0.0000
9.756,-0.0000,-0.0000,0.0013,-0.0000,-0.0011,0.0000,0.0000
9.768,-0.0000,-0.0000,0.0013,-0.0000,-0.0011,0.0000,0.0000
9.780,-0.0000,-0.0000,0.0013,-0.0000,-0.0011,0.0000,0.0000
9.792,-0.0000,-0.0000,0.0013,-0.0000,-0.0011,0.0000,0.0000
9.804,-0.0000,-0.0000,0.0013,-0.0000,-0.0011,0.0000,0.0000
9.816,-0.0000,-0.0000,0.0013,-0.0000,-0.0011,0.0000,0.0000
9.828,-0.0000,-0.0000,0.0013,-0.0000,-0.0011,0.0000,0.0000
9.840,-0.0000,-0.0000,0.0013,-0.0000,-0.0011,0.0000,0.0000
9.852,-0.0000,-0.0000,0.0013,-0.0000,-0.0011,0.0000,0.0000
9.864,-0.0000,-0.0000,0.0013,-0.0000,-0.0011,0.0000,0.0000
9.876,-0.0000,-0.0000,0.0013,-0.0000,-0.0011,0.0000,0.0000
9.888,-0.0000,-0.0000,0.0013,-0.0000,-0.0011,0.0000,0.0000
9.900,-0.0000,-0.0000,0.0013,-0.0000,-0.0011,0.0000,0.0000
9.912,-0.0000,-0.0000,0.0013,-0.0000,-0.0011,0.0000,0.0000
9.924,-0.0000,-0.0000,0.0013,-0.0000,-0.0011,0.0000,0.0000
9.936,-0.0000,-0.0000,0.0013,-0.0000,-0.0011,0.0000,0.0000
9.948,-0.0000,-0.0000,0.0013,-0.0000,-0.0011,0.0000,0.0000
9.960,-0.0000,-0.0000,0.0013,-0.0000,-0.0011,0.0000,0.0000
9.972,-0.0000,-0.0000,0.0013,-0.0000,-0.0011,0.0000,0.0000
9.984,-0.0000,-0.0000,0.0013,-0.0000,-0.0011,0.0000,0.0000
9.996,-0.0000,-0.0000,0.0013,-0.0000,-0.0011,0.0000,0.0000
10.008,-0.0000,-0.0000,0.0013,-0.0000,-0.0011,0.0000,0.0000
10.020,-0.0000,-0.0000,0.0013,-0.0000,-0.0011,0.0000,0.0000
10.032,-0.0000,-0.0000,0.0013,-0.0000,-0.0011,0.0000,0.0000
10.044,-0.0000,-0.0000,0.0013,-0.0000,-0.0011,0.0000,0.0000
10.056,-0.0000,-0.0000,0.0013,-0.0000,-0.0011,0.0000,0.0000
10.068,-0.0000,-0.0000,0.0013,-0.0000,-0.0011,0.0000,0.0000
10.080,-0.0000,-0.0000,0.0013,-0.0000,-0.0011,0.0000,0.0000
10.092,-0.0000,-0.0000,0.0013,-0.0000,-0.0011,0.0000,0.0000
10.104,-0.0000,-0.0000,0.0013,-0.0000,-0.0011,0.0000,0.0000
10.116,-0.0000,-0.0000,0.0013,-0.0000,-0.0011,0.0000,0.0000
10.128,-0.0000,-0.0000,0.0013,-0.0000,-0.0011,0.0000,0.0000
10.140,-0.0000,-0.0000,0.0013,-0.0000,-0.0011,0.0000,0.0000
10.152,-0.0000,-0.0000,0.0013,-0.0000,-0.0011,0.0000,0.0000
10.164,-0.0000,-0.0000,0.0013,-0.0000,-0.0011,0.0000,0.0000
10.176,-0.0000,-0.0000,0.0013,-0.0000,-0.0011,0.0000,0.0000
10.188,-0.0000,-0.0000,0.0013,-0.0000,-0.0011,0.0000,0.0000
10.200,-0.0000,-0.0000,0.0013,-0.0000,-0.0011,0.0000,0.0000
10.212,-0.0000,-0.0000,0.0013,-0.0000,-0.0011,0.0000,0.0000
10.224,-0.0000,-0.0000,0.0013,-0.0000,-0.0011,0.0000,0.0000
10.236,-0.0000,-0.0000,0.0013,-0.0000,-0.0011,0.0000,0.0000
10.248,-0.0000,-0.0000,0.0013,-0.0000,-0.0011,0.0000,0.0000
10.260,-0.0000,-0.0000,0.0013,-0.0000,-0.0011,0.0000,0.0000
10.272,-0.0000,-0.0000,0.0013,-0.0000,-0.0011,0.0000,0.0000
10.284,-0.0000,-0.0000,0.0013,-0.0000,-0.0011,0.0000,0.0000
10.296,-0.0000,-0.0000,0.0013,-0.0000,-0.0011,0.0000,0.0000
10.308,-0.0000,-0.0000,0.0013,-0.0000,-0.0011,0.0000,0.0000
10.320,-0.0000,-0.0000,0.0013,-0.0000,-0.0011,0.0000,0.0000
10.332,-0.0000,-0.0000,0.0013,-0.0000,-0.0011,0.0000,0.0000
10.344,-0.0000,-0.0000,0.0013,-0.0000,-0.0011,0.0000,0.0000
10.356,-0.0000,-0.0000,0.0013,-0.0000,-0.0011,0.0000,0.0000
10.368,-0.0000,-0.0000,0.0013,-0.0000,-0.0011,0.0000,0.0000
10.380,-0.0000,-0.0000,0.0013,-0.0000,-0.0011,0.0000,0.0000
10.392,-0.0000,-0.0000,0.0013,-0.0000,-0.0011,0.0000,0.0000
10.404,-0.0000,-0.0000,0.0013,-0.0000,-0.0011,0.0000,0.0000
10.416,-0.0000,-0.0000,0.0013,-0.0000,-0.0011,0.0000,0.0000
10.428,-0.0000,-0.0000,0.0013,-0.0000,-0.0011,0.0000,0.0000
10.440,-0.0000,-0.0000,0.0013,-0.0000,-0.0011,0.0000,0.0000
10.452,-0.0000,-0.0000,0.0013,-0.0000,-0.0011,0.0000,0.0000
10.464,-0.0000,-0.0000,0.0013,-0.0000,-0.0011,0.0000,0.0000
10.476,-0.0000,-0.0000,0.0013,-0.0000,-0.0011,0.0000,0.0000
10.488,-0.0000,-0.0000,0.0013,-0.0000,-0.0011,0.0000,0.0000
10.500,-0.0000,-0.0000,0.0013,-0.0000,-0.0011,0.0000,0.0000
10.512,-0.0000,-0.0000,0.0013,-0.0000,-0.0011,0.0000,0.0000
10.524,-0.0000,-0.0000,0.0013,-0.0000,-0.0011,0.0000,0.0000
10.536,-0.0000,-0.0000,0.0013,-0.0000,-0.0011,0.0000,0.0000
10.548,-0.0000,-0.0000,0.0013,-0.0000,-0.0011,0.0000,0.0000
10.560,-0.0000,-0.0000,0.0013,-0.0000,-0.0011,0.0000,0.0000
10.572,-0.0000,-0.0000,0.0013,-0.0000,-0.0011,0.0000,0.0000
10.584,-0.0000,-0.0000,0.0013,-0.0000,-0.0011,0.0000,0.0000
10.596,-0.0000,-0.0000,0.0013,-0.0000,-0.0011,0.0000,0.0000
10.608,-0.0000,-0.0000,0.0013,-0.0000,-0.0011,0.0000,0.0000
10.620,-0.0000,-0.0000,0.0013,-0.0000,-0.0011,0.0000,0.0000
10.632,-0.0000,-0.0000,0.0013,-0.0000,-0.0011,0.0000,0.0000
10.644,-0.0000,-0.0000,0.0013,-0.0000,-0.0011,0.0000,0.0000
10.656,-0.0000,-0.0000,0.0013,-0.0000,-0.0011,0.0000,0.0000
10.668,-0.0000,-0.0000,0.0013,-0.0000,-0.0011,0.0000,0.0000
10.680,-0.0000,-0.0000,0.0013,-0.0000,-0.0011,0.0000,0.0000
10.692,-0.0000,-0.0000,0.0013,-0.0000,-0.0011,0.0000,0.0000
10.704,-0.0000,-0.0000,0.0013,-0.0000,-0.0011,0.0000,0.0000
10.716,-0.0000,-0.0000,0.0013,-0.0000,-0.0011,0.0000,0.0000
10.728,-0.0000,-0.0000,0.0013,-0.0000,-0.0011,0.0000,0.0000
10.740,-0.0000,-0.0000,0.0013,-0.0000,-0.0011,0.0000,0.0000
10.752,-0.0000,-0.0000,0.0013,-0.0000,-0.0011,0.0000,0.0000
10.764,-0.0000,-0.0000,0.0013,-0.0000,-0.0011,0.0000,0.0000
10.776,-0.0000,-0.0000,0.0013,-0.0000,-0.0011,0.0000,0.0000
10.788,-0.0000,-0.0000,0.0013,-0.0000,-0.0011,0.0000,0.0000
10.800,-0.0000,-0.0000,0.0013,-0.0000,-0.0011,0.0000,0.0000
10.812,-0.0000,-0.0000,0.0013,-0.0000,-0.0011,0.0000,0.0000
10.824,-0.0000,-0.0000,0.0013,-0.0000,-0.0011,0.0000,0.0000
10.836,-0.0000,-0.0000,0.0013,-0.0000,-0.0011,0.0000,0.0000
10.848,-0.0000,-0.0000,0.0013,-0.0000,-0.0011,0.0000,0.0000
10.860,-0.0000,-0.0000,0.0013,-0.0000,-0.0011,0.0000,0.0000
10.872,-0.0000,-0.0000,0.0013,-0.0000,-0.0011,0.0000,0.0000
10.884,-0.0000,-0.0000,0.0013,-0.0000,-0.0011,0.0000,0.0000
10.896,-0.0000,-0.0000,0.0013,-0.0000,-0.0011,0.0000,0.0000
10.908,-0.0000,-0.0000,0.0013,-0.0000,-0.0011,0.0000,0.0000
10.920,-0.0000,-0.0000,0.0013,-0.0000,-0.0011,0.0000,0.0000
10.932,-0.0000,-0.0000,0.0013,-0.0000,-0.0011,0.0000,0.0000
10.944,-0.0000,-0.0000,0.0013,-0.0000,-0.0011,0.0000,0.0000
10.956,-0.0000,-0.0000,0.0013,-0.0000,-0.0011,0.0000,0.0000
10.968,-0.0000,-0.0000,0.0013,-0.0000,-0.0011,0.0000,0.0000
10.980,-0.0000,-0.0000,0.0013,-0.0000,-0.0011,0.0000,0.0000
10.992,-0.0000,-0.0000,0.0013,-0.0000,-0.0011,0.0000,0.0000
11.004,-0.0000,-0.0000,0.0013,-0.0000,-0.0011,0.0000,0.0000
11.016,-0.0000,-0.0000,0.0013,-0.0000,-0.0011,0.0000,0.0000
11.028,-0.0000,-0.0000,0.0013,-0.0000,-0.0011,0.0000,0.0000
11.040,-0.0000,-0.0000,0.0013,-0.0000,-0.0011,0.0000,0.0000
11.052,-0.0000,-0.0000,0.0013,-0.0000,-0.0011,0.0000,0.0000
11.064,-0.0000,-0.0000,0.0013,-0.0000,-0.0011,0.0000,0.0000
11.076,-0.0000,-0.0000,0.0013,-0.0000,-0.0011,0.0000,0.0000
11.088,-0.0000,-0.0000,0.0013,-0.0000,-0.0011,0.0000,0.0000
11.100,-0.0000,-0.0000,0.0013,-0.0000,-0.0011,0.0000,0.0000
11.112,-0.0000,-0.0000,0.0013,-0.0000,-0.0011,0.0000,0.0000
11.124,-0.0000,-0.0000,0.0013,-0.0000,-0.0011,0.0000,0.0000
11.136,-0.0000,-0.0000,0.0013,-0.0000,-0.0011,0.0000,0.0000
11.148,-0.0000,-0.0000,0.0013,-0.0000,-0.0011,0.0000,0.0000
11.160,-0.0000,-0.0000,0.0013,-0.0000,-0.0011,0.0000,0.0000
11.172,-0.0000,-0.0000,0.0013,-0.0000,-0.0011,0.0000,0.0000
11.184,-0.0000,-0.0000,0.0013,-0.0000,-0.0011,0.0000,0.0000
11.196,-0.0000,-0.0000,0.0013,-0.0000,-0.0011,0.0000,0.0000
11.208,-0.0000,-0.0000,0.0013,-0.0000,-0.0011,0.0000,0.0000
11.220,-0.0000,-0.0000,0.0013,-0.0000,-0.0011,0.0000,0.0000
11.232,-0.0000,-0.0000,0.0013,-0.0000,-0.0011,0.0000,0.0000
11.244,-0.0000,-0.0000,0.0013,-0.0000,-0.0011,0.0000,0.0000
11.256,-0.0000,-0.0000,0.0013,-0.0000,-0.0011,0.0000,0.0000
11.268,-0.0000,-0.0000,0.0013,-0.0000,-0.0011,0.0000,0.0000
11.280,-0.0000,-0.0000,0.0013,-0.0000,-0.0011,0.0000,0.0000
11.292,-0.0000,-0.0000,0.0013,-0.0000,-0.0011,0.0000,0.0000
11.304,-0.0000,-0.0000,0.0013,-0.0000,-0.0011,0.0000,0.0000
11.316,-0.0000,-0.0000,0.0013,-0.0000,-0.0011,0.0000,0.0000
11.328,-0.0000,-0.0000,0.0013,-0.0000,-0.0011,0.0000,0.0000
11.340,-0.0000,-0.0000,0.0013,-0.0000,-0.0011,0.0000,0.0000
11.352,-0.0000,-0.0000,0.0013,-0.0000,-0.0011,0.0000,0.0000
11.364,-0.0000,-0.0000,0.0013,-0.0000,-0.0011,0.0000,0.0000
11.376,-0.0000,-0.0000,0.0013,-0.0000,-0.0011,0.0000,0.0000
11.388,-0.0000,-0.0000,0.0013,-0.0000,-0.0011,0.0000,0.0000
11.400,-0.0000,-0.0000,0.0013,-0.0000,-0.0011,0.0000,0.0000
11.412,-0.0000,-0.0000,0.0013,-0.0000,-0.0011,0.0000,0.0000
11.424,-0.0000,-0.0000,0.0012,-0.0000,-0.0011,0.0000,0.0000
11.436,-0.0000,-0.0000,0.0012,-0.0000,-0.0011,0.0000,0.0000
11.448,-0.0000,-0.0000,0.0012,-0.0000,-0.0011,0.0000,0.0000
11.460,-0.0000,-0.0000,0.0012,-0.0000,-0.0010,0.0000,0.0000
11.472,-0.0000,-0.0000,0.0012,-0.0000,-0.0010,0.0000,0.0000
11.484,-0.0000,-0.0000,0.0012,-0.0000,-0.0010,0.0000,0.0000
11.496,-0.0000,-0.0000,0.0012,-0.0000,-0.0010,0.0000,0.0000
11.508,-0.0000,-0.0000,0.0012,-0.0000,-0.0010,0.0000,0.0000
11.520,-0.0000,-0.0000,0.0012,-0.0000,-0.0010,0.0000,0.0000
11.532,-0.0000,-0.0000,0.0012,-0.0000,-0.0010,0.0000,0.0000
11.544,-0.0000,-0.0000,0.0012,-0.0000,-0.0010,0.0000,0.0000
11.556,-0.0000,-0.0000,0.0012,-0.0000,-0.0010,0.0000,0.0000
11.568,-0.0000,-0.0000,0.0012,-0.0000,-0.0010,0.0000,0.0000
11.580,-0.0000,-0.0000,0.0012,-0.0000,-0.0010,0.0000,0.0000
11.592,-0.0000,-0.0000,0.0012,-0.0000,-0.0010,0.0000,0.0000
11.604,-0.0000,-0.0000,0.0012,-0.0000,-0.0010,0.0000,0.0000
11.616,-0.0000,-0.0000,0.0011,-0.0000,-0.0010,0.0000,0.0000
11.628,-0.0000,-0.0000,0.0011,-0.0000,-0.0010,0.0000,0.0000
11.640,-0.0000,-0.0000,0.0011,-0.0000,-0.0010,0.0000,0.0000
11.652,-0.0000,-0.0000,0.0011,-0.0000,-0.0010,0.0000,0.0000
11.664,-0.0000,-0.0000,0.0011,-0.0000,-0.0010,0.0000,0.0000
11.676,-0.0000,-0.0000,0.0011,-0.0000,-0.0010,0.0000,0.0000
11.688,-0.0000,-0.0000,0.0011,-0.0000,-0.0009,0.0000,0.0000
11.700,-0.0000,-0.0000,0.0011,-0.0000,-0.0009,0.0000,0.0000
11.712,-0.0000,-0.0000,0.0011,-0.0000,-0.0009,0.0000,0.0000
11.724,-0.0000,-0.0000,0.0011,-0.0000,-0.0009,0.0000,0.0000
11.736,-0.0000,-0.0000,0.0011,-0.0000,-0.0009,0.0000,0.0000
11.748,-0.0000,-0.0000,0.0011,-0.0000,-0.0009,0.0000,0.0000
11.760,-0.0000,-0.0000,0.0011,-0.0000,-0.0009,0.0000,0.0000
11.772,-0.0000,-0.0000,0.0011,-0.0000,-0.0009,0.0000,0.0000
11.784,-0.0000,-0.0000,0.0011,-0.0000,-0.0009,0.0000,0.0000
11.796,-0.0000,-0.0000,0.0011,-0.0000,-0.0009,0.0000,0.0000
11.808,-0.0000,-0.0000,0.0010,-0.0000,-0.0009,0.0000,0.0000
11.820,-0.0000,-0.0000,0.0010,-0.0000,-0.0009,0.0000,0.0000
11.832,-0.0000,-0.0000,0.0010,-0.0000,-0.0009,0.0000,0.0000
11.844,-0.0000,-0.0000,0.0010,-0.0000,-0.0009,0.0000,0.0000
11.856,-0.0000,-0.0000,0.0010,-0.0000,-0.0009,0.0000,0.0000
11.868,-0.0000,-0.0000,0.0010,-0.0000,-0.0009,0.0000,0.0000
11.880,-0.0000,-0.0000,0.0010,-0.0000,-0.0009,0.0000,0.0000
11.892,-0.0000,-0.0000,0.0010,-0.0000,-0.0009,0.0000,0.0000
11.904,-0.0000,-0.0000,0.0010,-0.0000,-0.0008,0.0000,0.0000
11.916,-0.0000,-0.0000,0.0010,-0.0000,-0.0008,0.0000,0.0000
11.928,-0.0000,-0.0000,0.0010,-0.0000,-0.0008,0.0000,0.0000
11.940,-0.0000,-0.0000,0.0010,-0.0000,-0.0008,0.0000,0.0000
11.952,-0.0000,-0.0000,0.0010,-0.0000,-0.0008,0.0000,0.0000
11.964,-0.0000,-0.0000,0.0010,-0.0000,-0.0008,0.0000,0.0000
11.976,-0.0000,-0.0000,0.0010,-0.0000,-0.0008,0.0000,0.0000
11.988,-0.0000,-0.0000,0.0009,-0.0000,-0.0008,0.0000,0.0000
12.000,-0.0000,-0.0000,0.0009,-0.0000,-0.0008,0.0000,0.0000
12.012,-0.0000,-0.0000,0.0009,-0.0000,-0.0008,0.0000,0.0000
12.024,-0.0000,-0.0000,0.0009,-0.0000,-0.0008,0.0000,0.0000
12.036,-0.0000,-0.0000,0.0009,-0.0000,-0.0008,0.0000,0.0000
12.048,-0.0000,-0.0000,0.0009,-0.0000,-0.0008,0.0000,0.0000
12.060,-0.0000,-0.0000,0.0009,-0.0000,-0.0008,0.0000,0.0000
12.072,-0.0000,-0.0000,0.0009,-0.0000,-0.0008,0.0000,0.0000
12.084,-0.0000,-0.0000,0.0009,-0.0000,-0.0008,0.0000,0.0000
12.096,-0.0000,-0.0000,0.0009,-0.0000,-0.0008,0.0000,0.0000
12.108,-0.0000,-0.0000,0.0009,-0.0000,-0.0008,0.0000,0.0000
12.120,-0.0000,-0.0000,0.0009,-0.0000,-0.0007,0.0000,0.0000
12.132,-0.0000,-0.0000,0.0009,-0.0000,-0.0007,0.0000,0.0000
12.144,-0.0000,-0.0000,0.0009,-0.0000,-0.0007,0.0000,0.0000
12.156,-0.0000,-0.0000,0.0009,-0.0000,-0.0007,0.0000,0.0000
12.168,-0.0000,-0.0000,0.0009,-0.0000,-0.0007,0.0000,0.0000
12.180,-0.0000,-0.0000,0.0008,-0.0000,-0.0007,0.0000,0.0000
12.192,-0.0000,-0.0000,0.0008,-0.0000,-0.0007,0.0000,0.0000
12.204,-0.0000,-0.0000,0.0008,-0.0000,-0.0007,0.0000,0.0000
12.216,-0.0000,-0.0000,0.0008,-0.0000,-0.0007,0.0000,0.0000
12.228,-0.0000,-0.0000,0.0008,-0.0000,-0.0007,0.0000,0.0000
12.240,-0.0000,-0.0000,0.0008,-0.0000,-0.0007,0.0000,0.0000
12.252,-0.0000,-0.0000,0.0008,-0.0000,-0.0007,0.0000,0.0000
12.264,-0.0000,-0.0000,0.0008,-0.0000,-0.0007,0.0000,0.0000
12.276,-0.0000,-0.0000,0.0008,-0.0000,-0.0007,0.0000,0.0000
12.288,-0.0000,-0.0000,0.0008,-0.0000,-0.0007,0.0000,0.0000
12.300,-0.0000,-0.0000,0.0008,-0.0000,-0.0007,0.0000,0.0000
12.312,-0.0000,-0.0000,0.0008,-0.0000,-0.0007,0.0000,0.0000
12.324,-0.0000,-0.0000,0.0008,-0.0000,-0.0007,0.0000,0.0000
12.336,-0.0000,-0.0000,0.0008,-0.0000,-0.0006,0.0000,0.0000
12.348,-0.0000,-0.0000,0.0008,-0.0000,-0.0006,0.0000,0.0000
12.360,-0.0000,-0.0000,0.0007,-0.0000,-0.0006,0.0000,0.0000
12.372,-0.0000,-0.0000,0.0007,-0.0000,-0.0006,0.0000,0.0000
12.384,-0.0000,-0.0000,0.0007,-0.0000,-0.0006,0.0000,0.0000
12.396,-0.0000,-0.0000,0.0007,-0.0000,-0.0006,0.0000,0.0000
12.408,-0.0000,-0.0000,0.0007,-0.0000,-0.0006,0.0000,0.0000
12.420,-0.0000,-0.0000,0.0007,-0.0000,-0.0006,0.0000,0.0000
12.432,-0.0000,-0.0000,0.0007,-0.0000,-0.0006,0.0000,0.0000
12.444,-0.0000,-0.0000,0.0007,-0.0000,-0.0006,0.0000,0.0000
12.456,-0.0000,-0.0000,0.0007,-0.0000,-0.0006,0.0000,0.0000
12.468,-0.0000,-0.0000,0.0007,-0.0000,-0.0006,0.0000,0.0000
12.480,-0.0000,-0.0000,0.0007,-0.0000,-0.0006,0.0000,0.0000
12.492,-0.0000,-0.0000,0.0007,-0.0000,-0.0006,0.0000,0.0000
12.504,-0.0000,-0.0000,0.0007,-0.0000,-0.0006,0.0000,0.0000
12.516,-0.0000,-0.0000,0.0007,-0.0000,-0.0006,0.0000,0.0000
12.528,-0.0000,-0.0000,0.0007,-0.0000,-0.0006,0.0000,0.0000
12.540,-0.0000,-0.0000,0.0007,-0.0000,-0.0006,0.0000,0.0000
12.552,-0.0000,-0.0000,0.0006,-0.0000,-0.0005,0.0000,0.0000
12.564,-0.0000,-0.0000,0.0006,-0.0000,-0.0005,0.0000,0.0000
12.576,-0.0000,-0.0000,0.0006,-0.0000,-0.0005,0.0000,0.0000
12.588,-0.0000,-0.0000,0.0006,-0.0000,-0.0005,0.0000,0.0000
12.600,-0.0000,-0.0000,0.0006,-0.0000,-0.0005,0.0000,0.0000
12.612,-0.0000,-0.0000,0.0006,-0.0000,-0.0005,0.0000,0.0000
12.624,-0.0000,-0.0000,0.0006,-0.0000,-0.0005,0.0000,0.0000
12.636,-0.0000,-0.0000,0.0006,-0.0000,-0.0005,0.0000,0.0000
12.648,-0.0000,-0.0000,0.0006,-0.0000,-0.0005,0.0000,0.0000
12.660,-0.0000,-0.0000,0.0006,-0.0000,-0.0005,0.0000,0.0000
12.672,-0.0000,-0.0000,0.0006,-0.0000,-0.0005,0.0000,0.0000
12.684,-0.0000,-0.0000,0.0006,-0.0000,-0.0005,0.0000,0.0000
12.696,-0.0000,-0.0000,0.0006,-0.0000,-0.0005,0.0000,0.0000
12.708,-0.0000,-0.0000,0.0006,-0.0000,-0.0005,0.0000,0.0000
12.720,-0.0000,-0.0000,0.0006,-0.0000,-0.0005,0.0000,0.0000
12.732,-0.0000,-0.0000,0.0005,-0.0000,-0.0005,0.0000,0.0000
12.744,-0.0000,-0.0000,0.0005,-0.0000,-0.0005,0.0000,0.0000
12.756,-0.0000,-0.0000,0.0005,-0.0000,-0.0005,0.0000,0.0000
12.768,-0.0000,-0.0000,0.0005,-0.0000,-0.0004,0.0000,0.0000
12.780,-0.0000,-0.0000,0.0005,-0.0000,-0.0004,0.0000,0.0000
12.792,-0.0000,-0.0000,0.0005,-0.0000,-0.0004,0.0000,0.0000
12.804,-0.0000,-0.0000,0.0005,-0.0000,-0.0004,0.0000,0.0000
12.816,-0.0000,-0.0000,0.0005,-0.0000,-0.0004,0.0000,0.0000
12.828,-0.0000,-0.0000,0.0005,-0.0000,-0.0004,0.0000,0.0000
12.840,-0.0000,-0.0000,0.0005,-0.0000,-0.0004,0.0000,0.0000
12.852,-0.0000,-0.0000,0.0005,-0.0000,-0.0004,0.0000,0.0000
12.864,-0.0000,-0.0000,0.0005,-0.0000,-0.0004,0.0000,0.0000
12.876,-0.0000,-0.0000,0.0005,-0.0000,-0.0004,0.0000,0.0000
12.888,-0.0000,-0.0000,0.0005,-0.0000,-0.0004,0.0000,0.0000
12.900,-0.0000,-0.0000,0.0005,-0.0000,-0.0004,0.0000,0.0000
12.912,-0.0000,-0.0000,0.0004,-0.0000,-0.0004,0.0000,0.0000
12.924,-0.0000,-0.0000,0.0004,-0.0000,-0.0004,0.0000,0.0000
12.936,-0.0000,-0.0000,0.0004,-0.0000,-0.0004,0.0000,0.0000
12.948,-0.0000,-0.0000,0.0004,-0.0000,-0.0004,0.0000,0.0000
12.960,-0.0000,-0.0000,0.0004,-0.0000,-0.0004,0.0000,0.0000
12.972,-0.0000,-0.0000,0.0004,-0.0000,-0.0004,0.0000,0.0000
12.984,-0.0000,-0.0000,0.0004,-0.0000,-0.0004,0.0000,0.0000
12.996,-0.0000,-0.0000,0.0004,-0.0000,-0.0003,0.0000,0.0000
13.008,-0.0000,-0.0000,0.0004,-0.0000,-0.0003,0.0000,0.0000
13.020,-0.0000,-0.0000,0.0004,-0.0000,-0.0003,0.0000,0.0000
13.032,-0.0000,-0.0000,0.0004,-0.0000,-0.0003,0.0000,0.0000
13.044,-0.0000,-0.0000,0.0004,-0.0000,-0.0003,0.0000,0.0000
13.056,-0.0000,-0.0000,0.0004,-0.0000,-0.0003,0.0000,0.0000
13.068,-0.0000,-0.0000,0.0004,-0.0000,-0.0003,0.0000,0.0000
13.080,-0.0000,-0.0000,0.0004,-0.0000,-0.0003,0.0000,0.0000
13.092,-0.0000,-0.0000,0.0004,-0.0000,-0.0003,0.0000,0.0000
13.104,-0.0000,-0.0000,0.0003,-0.0000,-0.0003,0.0000,0.0000
13.116,-0.0000,-0.0000,0.0003,-0.0000,-0.0003,0.0000,0.0000
13.128,-0.0000,-0.0000,0.0003,-0.0000,-0.0003,0.0000,0.0000
13.140,-0.0000,-0.0000,0.0003,-0.0000,-0.0003,0.0000,0.0000
13.152,-0.0000,-0.0000,0.0003,-0.0000,-0.0003,0.0000,0.0000
13.164,-0.0000,-0.0000,0.0003,-0.0000,-0.0003,0.0000,0.0000
13.176,-0.0000,-0.0000,0.0003,-0.0000,-0.0003,0.0000,0.0000
13.188,-0.0000,-0.0000,0.0003,-0.0000,-0.0003,0.0000,0.0000
13.200,-0.0000,-0.0000,0.0003,-0.0000,-0.0003,0.0000,0.0000
13.212,-0.0000,-0.0000,0.0003,-0.0000,-0.0002,0.0000,0.0000
13.224,-0.0000,-0.0000,0.0003,-0.0000,-0.0002,0.0000,0.0000
13.236,-0.0000,-0.0000,0.0003,-0.0000,-0.0002,0.0000,0.0000
13.248,-0.0000,-0.0000,0.0003,-0.0000,-0.0002,0.0000,0.0000
13.260,-0.0000,-0.0000,0.0003,-0.0000,-0.0002,0.0000,0.0000
13.272,-0.0000,-0.0000,0.0003,-0.0000,-0.0002,0.0000,0.0000
13.284,-0.0000,-0.0000,0.0002,-0.0000,-0.0002,0.0000,0.0000
13.296,-0.0000,-0.0000,0.0002,-0.0000,-0.0002,0.0000,0.0000
13.308,-0.0000,-0.0000,0.0002,-0.0000,-0.0002,0.0000,0.0000
13.320,-0.0000,-0.0000,0.0002,-0.0000,-0.0002,0.0000,0.0000
13.332,-0.0000,-0.0000,0.0002,-0.0000,-0.0002,0.0000,0.0000
13.344,-0.0000,-0.0000,0.0002,-0.0000,-0.0002,0.0000,0.0000
13.356,-0.0000,-0.0000,0.0002,-0.0000,-0.0002,0.0000,0.0000
13.368,-0.0000,-0.0000,0.0002,-0.0000,-0.0002,0.0000,0.0000
13.380,-0.0000,-0.0000,0.0002,-0.0000,-0.0002,0.0000,0.0000
13.392,-0.0000,-0.0000,0.0002,-0.0000,-0.0002,0.0000,0.0000
13.404,-0.0000,-0.0000,0.0002,-0.0000,-0.0002,0.0000,0.0000
13.416,-0.0000,-0.0000,0.0002,-0.0000,-0.0002,0.0000,0.0000
13.428,-0.0000,-0.0000,0.0002,-0.0000,-0.0001,0.0000,0.0000
13.440,-0.0000,-0.0000,0.0002,-0.0000,-0.0001,0.0000,0.0000
13.452,-0.0000,-0.0000,0.0002,-0.0000,-0.0001,0.0000,0.0000
13.464,-0.0000,-0.0000,0.0002,-0.0000,-0.0001,0.0000,0.0000
13.476,-0.0000,-0.0000,0.0001,-0.0000,-0.0001,0.0000,0.0000
13.488,-0.0000,-0.0000,0.0001,-0.0000,-0.0001,0.0000,0.0000
13.500,-0.0000,-0.0000,0.0001,-0.0000,-0.0001,0.0000,0.0000
13.512,-0.0000,-0.0000,0.0001,-0.0000,-0.0001,0.0000,0.0000
13.524,-0.0000,-0.0000,0.0001,-0.0000,-0.0001,0.0000,0.0000
13.536,-0.0000,-0.0000,0.0001,-0.0000,-0.0001,0.0000,0.0000
13.548,-0.0000,-0.0000,0.0001,-0.0000,-0.0001,0.0000,0.0000
13.560,-0.0000,-0.0000,0.0001,-0.0000,-0.0001,0.0000,0.0000
13.572,-0.0000,-0.0000,0.0001,-0.0000,-0.0001,0.0000,0.0000
13.584,-0.0000,-0.0000,0.0001,-0.0000,-0.0001,0.0000,0.0000
13.596,-0.0000,-0.0000,0.0001,-0.0000,-0.0001,0.0000,0.0000
13.608,-0.0000,-0.0000,0.0001,-0.0000,-0.0001,0.0000,0.0000
13.620,-0.0000,-0.0000,0.0001,-0.0000,-0.0001,0.0000,0.0000
13.632,-0.0000,-0.0000,0.0001,-0.0000,-0.0001,0.0000,0.0000
13.644,-0.0000,-0.0000,0.0001,-0.0000,-0.0000,0.0000,0.0000
13.656,-0.0000,-0.0000,0.0000,-0.0000,-0.0000,0.0000,0.0000
13.668,-0.0000,-0.0000,0.0000,-0.0000,-0.0000,0.0000,0.0000
13.680,-0.0000,-0.0000,0.0000,-0.0000,-0.0000,0.0000,0.0000
13.692,-0.0000,-0.0000,0.0000,-0.0000,-0.0000,0.0000,0.0000
13.704,-0.0000,-0.0000,0.0000,-0.0000,-0.0000,0.0000,0.0000
13.716,-0.0000,-0.0000,0.0000,-0.0000,-0.0000,0.0000,0.0000
13.728,-0.0000,-0.0000,0.0000,-0.0000,-0.0000,0.0000,0.0000
13.740,-0.0000,-0.0000,0.0000,-0.0000,-0.0000,0.0000,0.0000
13.752,-0.0000,-0.0000,0.0000,-0.0000,-0.0000,0.0000,0.0000
13.764,-0.0000,-0.0000,0.0000,-0.0000,-0.0000,0.0000,0.0000
13.776,-0.0000,-0.0000,0.0000,-0.0000,-0.0000,0.0000,0.0000
13.788,-0.0000,-0.0000,0.0000,-0.0000,-0.0000,0.0000,0.0000
13.800,-0.0000,-0.0000,0.0000,-0.0000,-0.0000,0.0000,0.0000
13.812,-0.0000,-0.0000,0.0000,-0.0000,-0.0000,0.0000,0.0000
13.824,-0.0000,-0.0000,0.0000,-0.0000,-0.0000,0.0000,0.0000
13.836,-0.0000,-0.0000,0.0000,-0.0000,-0.0000,0.0000,0.0000
13.848,-0.0000,-0.0000,0.0000,-0.0000,-0.0000,0.0000,0.0000
13.860,-0.0000,-0.0000,0.0000,-0.0000,-0.0000,0.0000,0.0000
13.872,-0.0000,-0.0000,0.0000,-0.0000,-0.0000,0.0000,0.0000
13.884,-0.0000,-0.0000,0.0000,-0.0000,-0.0000,0.0000,0.0000
13.896,-0.0000,-0.0000,0.0000,-0.0000,-0.0000,0.0000,0.0000
13.908,-0.0000,-0.0000,0.0000,-0.0000,-0.0000,0.0000,0.0000
13.920,-0.0000,-0.0000,0.0000,-0.0000,-0.0000,0.0000,0.0000
13.932,-0.0000,-0.0000,0.0000,-0.0000,-0.0000,0.0000,0.0000
13.944,-0.0000,-0.0000,0.0000,-0.0000,-0.0000,0.0000,0.0000
13.956,-0.0000,-0.0000,0.0000,-0.0000,-0.0000,0.0000,0.0000
13.968,-0.0000,-0.0000,0.0000,-0.0000,-0.0000,0.0000,0.0000
13.980,-0.0000,-0.0000,0.0000,-0.0000,-0.0000,0.0000,0.0000
13.992,-0.0000,-0.0000,0.0000,-0.0000,-0.0000,0.0000,0.0000
14.004,-0.0000,-0.0000,0.0000,-0.0000,-0.0000,0.0000,0.0000
14.016,-0.0000,-0.0000,0.0000,-0.0000,-0.0000,0.0000,0.0000
14.028,-0.0000,-0.0000,0.0000,-0.0000,-0.0000,0.0000,0.0000
14.040,-0.0000,-0.0000,0.0000,-0.0000,-0.0000,0.0000,0.0000
14.052,-0.0000,-0.0000,0.0000,-0.0000,-0.0000,0.0000,0.0000
14.064,-0.0000,-0.0000,0.0000,-0.0000,-0.0000,0.0000,0.0000
14.076,-0.0000,-0.0000,0.0000,-0.0000,-0.0000,0.0000,0.0000
14.088,-0.0000,-0.0000,0.0000,-0.0000,-0.0000,0.0000,0.0000
14.100,-0.0000,-0.0000,0.0000,-0.0000,-0.0000,0.0000,0.0000
14.112,-0.0000,-0.0000,0.0000,-0.0000,-0.0000,0.0000,0.0000
14.124,-0.0000,-0.0000,0.0000,-0.0000,-0.0000,0.0000,0.0000
14.136,-0.0000,-0.0000,0.0000,-0.0000,-0.0000,0.0000,0.0000
14.148,-0.0000,-0.0000,0.0000,-0.0000,-0.0000,0.0000,0.0000
14.160,-0.0000,-0.0000,0.0000,-0.0000,-0.0000,0.0000,0.0000
14.172,-0.0000,-0.0000,0.0000,-0.0000,-0.0000,0.0000,0.0000
14.184,-0.0000,-0.0000,0.0000,-0.0000,-0.0000,0.0000,0.0000
14.196,-0.0000,-0.0000,0.0000,-0.0000,-0.0000,0.0000,0.0000
14.208,-0.0000,-0.0000,0.0000,-0.0000,-0.0000,0.0000,0.0000
14.220,-0.0000,-0.0000,0.0000,-0.0000,-0.0000,0.0000,0.0000
14.232,-0.0000,-0.0000,0.0000,-0.0000,-0.0000,0.0000,0.0000
14.244,-0.0000,-0.0000,0.0000,-0.0000,-0.0000,0.0000,0.0000
14.256,-0.0000,-0.0000,0.0000,-0.0000,-0.0000,0.0000,0.0000
14.268,-0.0000,-0.0000,0.0000,-0.0000,-0.0000,0.0000,0.0000
14.280,-0.0000,-0.0000,0.0000,-0.0000,-0.0000,0.0000,0.0000
14.292,-0.0000,-0.0000,0.0000,-0.0000,-0.0000,0.0000,0.0000
14.304,-0.0000,-0.0000,0.0000,-0.0000,-0.0000,0.0000,0.0000
14.316,-0.0000,-0.0000,0.0000,-0.0000,-0.0000,0.0000,0.0000
14.328,-0.0000,-0.0000,0.0000,-0.0000,-0.0000,0.0000,0.0000
14.340,-0.0000,-0.0000,0.0000,-0.0000,-0.0000,0.0000,0.0000
14.352,-0.0000,-0.0000,0.0000,-0.0000,-0.0000,0.0000,0.0000
14.364,-0.0000,-0.0000,0.0000,-0.0000,-0.0000,0.0000,0.0000
14.376,-0.0000,-0.0000,0.0000,-0.0000,-0.0000,0.0000,0.0000
14.388,-0.0000,-0.0000,0.0000,-0.0000,-0.0000,0.0000,0.0000
14.400,-0.0000,-0.0000,0.0000,-0.0000,-0.0000,0.0000,0.0000
14.412,-0.0000,-0.0000,0.0000,-0.0000,-0.0000,0.0000,0.0000
14.424,-0.0000,-0.0000,0.0000,-0.0000,-0.0000,0.0000,0.0000
14.436,-0.0000,-0.0000,0.0000,-0.0000,-0.0000,0.0000,0.0000
14.448,-0.0000,-0.0000,0.0000,-0.0000,-0.0000,0.0000,0.0000
14.460,-0.0000,-0.0000,0.0000,-0.0000,-0.0000,0.0000,0.0000
14.472,-0.0000,-0.0000,0.0000,-0.0000,-0.0000,0.0000,0.0000
14.484,-0.0000,-0.0000,0.0000,-0.0000,-0.0000,0.0000,0.0000
14.496,-0.0000,-0.0000,0.0000,-0.0000,-0.0000,0.0000,0.0000
14.508,-0.0000,-0.0000,0.0000,-0.0000,-0.0000,0.0000,0.0000
14.520,-0.0000,-0.0000,0.0000,-0.0000,-0.0000,0.0000,0.0000
14.532,-0.0000,-0.0000,0.0000,-0.0000,-0.0000,0.0000,0.0000
14.544,-0.0000,-0.0000,0.0000,-0.0000,-0.0000,0.0000,0.0000
14.556,-0.0000,-0.0000,0.0000,-0.0000,-0.0000,0.0000,0.0000
14.568,-0.0000,-0.0000,0.0000,-0.0000,-0.0000,0.0000,0.0000
14.580,-0.0000,-0.0000,0.0000,-0.0000,-0.0000,0.0000,0.0000
14.592,-0.0000,-0.0000,0.0000,-0.0000,-0.0000,0.0000,0.0000
14.604,-0.0000,-0.0000,0.0000,-0.0000,-0.0000,0.0000,0.0000
14.616,-0.0000,-0.0000,0.0000,-0.0000,-0.0000,0.0000,0.0000
14.628,-0.0000,-0.0000,0.0000,-0.0000,-0.0000,0.0000,0.0000
14.640,-0.0000,-0.0000,0.0000,-0.0000,-0.0000,0.0000,0.0000
14.652,-0.0000,0.0000,0.0000,-0.0000,-0.0000,0.0000,0.0000
14.664,-0.0000,0.0000,0.0000,-0.0000,-0.0000,0.0000,0.0000
14.676,-0.0000,0.0000,0.0000,-0.0000,-0.0000,0.0000,0.0000
14.688,-0.0000,0.0000,0.0000,-0.0000,-0.0000,0.0000,0.0000
14.700,-0.0000,0.0000,0.0000,-0.0000,-0.0000,0.0000,0.0000
14.712,-0.0000,0.0000,0.0000,-0.0000,-0.0000,0.0000,0.0000
14.724,-0.0000,0.0000,0.0000,-0.0000,-0.0000,0.0000,0.0000
14.736,-0.0000,0.0000,0.0000,-0.0000,-0.0000,0.0000,0.0000
14.748,-0.0000,0.0000,0.0000,-0.0000,-0.0000,0.0000,0.0000
14.760,-0.0000,0.0000,0.0000,-0.0000,-0.0000,0.0000,0.0000
14.772,-0.0000,0.0000,0.0000,-0.0000,-0.0000,0.0000,0.0000
14.784,-0.0000,0.0000,0.0000,-0.0000,-0.0000,0.0000,0.0000
14.796,-0.0000,0.0000,0.0000,-0.0000,-0.0000,0.0000,0.0000
14.808,-0.0000,0.0000,0.0000,-0.0000,-0.0000,0.0000,0.0000
14.820,-0.0000,0.0000,0.0000,-0.0000,-0.0000,0.0000,0.0000
14.832,-0.0000,0.0000,0.0000,-0.0000,-0.0000,0.0000,0.0000
14.844,-0.0000,0.0000,0.0000,-0.0000,-0.0000,0.0000,0.0000
14.856,-0.0000,0.0000,0.0000,-0.0000,0.0000,0.0000,0.0000
14.868,-0.0000,0.0000,0.0000,-0.0000,0.0000,0.0000,0.0000
14.880,-0.0000,0.0000,0.0000,-0.0000,0.0000,0.0000,0.0000
14.892,-0.0000,0.0000,0.0000,-0.0000,0.0000,0.0000,0.0000
14.904,-0.0000,0.0000,0.0000,-0.0000,0.0000,0.0000,0.0000
14.916,-0.0000,0.0000,0.0000,-0.0000,0.0000,0.0000,0.0000
14.928,-0.0000,0.0000,0.0000,-0.0000,0.0000,0.0000,0.0000
14.940,-0.0000,0.0000,0.0000,-0.0000,0.0000,0.0000,0.0000
14.952,0.0005,0.0002,-0.0001,-0.0000,0.0008,0.0014,0.0000
14.964,0.0013,0.0004,-0.0002,-0.0000,0.0024,0.0039,0.0000
14.976,0.0025,0.0008,-0.0004,-0.0000,0.0046,0.0075,0.0000
14.988,0.0040,0.0014,-0.0007,-0.0000,0.0073,0.0120,0.0000
15.000,0.0058,0.0020,-0.0010,-0.0000,0.0106,0.0174,0.0000
15.012,0.0078,0.0026,-0.0013,-0.0000,0.0143,0.0234,0.0000
15.024,0.0100,0.0034,-0.0017,-0.0000,0.0184,0.0301,0.0000
15.036,0.0124,0.0042,-0.0021,-0.0000,0.0228,0.0374,0.0000
15.048,0.0150,0.0051,-0.0025,-0.0000,0.0275,0.0451,0.0000
15.060,0.0177,0.0060,-0.0030,-0.0000,0.0325,0.0532,0.0000
15.072,0.0206,0.0070,-0.0035,-0.0000,0.0377,0.0618,0.0000
15.084,0.0235,0.0080,-0.0040,-0.0000,0.0431,0.0707,0.0000
15.096,0.0266,0.0090,-0.0045,-0.0000,0.0486,0.0798,0.0000
15.108,0.0297,0.0101,-0.0050,-0.0000,0.0544,0.0892,0.0000
15.120,0.0329,0.0112,-0.0056,-0.0000,0.0603,0.0989,0.0000
15.132,0.0362,0.0123,-0.0061,-0.0000,0.0663,0.1087,0.0000
15.144,0.0396,0.0134,-0.0067,-0.0000,0.0724,0.1187,0.0000
15.156,0.0430,0.0146,-0.0073,-0.0000,0.0786,0.1289,0.0000
15.168,0.0464,0.0157,-0.0079,-0.0000,0.0849,0.1392,0.0000
15.180,0.0499,0.0169,-0.0084,-0.0000,0.0912,0.1497,0.0000
15.192,0.0534,0.0181,-0.0090,-0.0000,0.0976,0.1602,0.0000
15.204,0.0569,0.0193,-0.0096,-0.0000,0.1041,0.1708,0.0000
15.216,0.0605,0.0205,-0.0102,-0.0000,0.1107,0.1815,0.0000
15.228,0.0641,0.0217,-0.0108,-0.0000,0.1172,0.1923,0.0000
15.240,0.0677,0.0229,-0.0115,-0.0001,0.1238,0.2032,0.0000
15.252,0.0713,0.0242,-0.0121,-0.0001,0.1305,0.2141,0.0000
15.264,0.0750,0.0254,-0.0127,-0.0001,0.1372,0.2250,0.0000
15.276,0.0786,0.0267,-0.0133,-0.0001,0.1439,0.2360,0.0000
15.288,0.0823,0.0279,-0.0139,-0.0001,0.1506,0.2470,0.0000
15.300,0.0860,0.0292,-0.0146,-0.0001,0.1573,0.2581,0.0000
15.312,0.0897,0.0304,-0.0152,-0.0001,0.1641,0.2692,0.0000
15.324,0.0934,0.0317,-0.0158,-0.0001,0.1709,0.2803,0.0000
15.336,0.0971,0.0329,-0.0164,-0.0001,0.1776,0.2914,0.0000
15.348,0.1008,0.0342,-0.0171,-0.0001,0.1844,0.3026,0.0000
15.360,0.1045,0.0354,-0.0177,-0.0001,0.1913,0.3138,0.0000
15.372,0.1083,0.0367,-0.0183,-0.0001,0.1981,0.3250,0.0000
15.384,0.1120,0.0380,-0.0190,-0.0001,0.2049,0.3362,0.0000
15.396,0.1157,0.0392,-0.0196,-0.0001,0.2118,0.3474,0.0000
15.408,0.1195,0.0405,-0.0202,-0.0001,0.2186,0.3586,0.0000
15.420,0.1232,0.0418,-0.0209,-0.0001,0.2255,0.3699,0.0000
15.432,0.1270,0.0431,-0.0215,-0.0001,0.2323,0.3811,0.0000
15.444,0.1307,0.0443,-0.0221,-0.0001,0.2392,0.3924,0.0000
15.456,0.1345,0.0456,-0.0228,-0.0001,0.2460,0.4036,0.0000
15.468,0.1382,0.0469,-0.0234,-0.0001,0.2529,0.4149,0.0000
15.480,0.1420,0.0481,-0.0240,-0.0001,0.2598,0.4262,0.0000
15.492,0.1457,0.0494,-0.0247,-0.0001,0.2666,0.4375,0.0000
15.504,0.1495,0.0507,-0.0253,-0.0001,0.2735,0.4487,0.0000
15.516,0.1533,0.0520,-0.0259,-0.0001,0.2804,0.4600,0.0000
15.528,0.1570,0.0532,-0.0266,-0.0001,0.2873,0.4713,0.0000
15.540,0.1608,0.0545,-0.0272,-0.0001,0.2942,0.4826,0.0000
15.552,0.1645,0.0558,-0.0279,-0.0001,0.3010,0.4939,0.0000
15.564,0.1683,0.0571,-0.0285,-0.0001,0.3079,0.5052,0.0000
15.576,0.1721,0.0583,-0.0291,-0.0001,0.3148,0.5165,0.0000
15.588,0.1758,0.0596,-0.0298,-0.0001,0.3217,0.5278,0.0000
15.600,0.1796,0.0609,-0.0304,-0.0001,0.3286,0.5391,0.0000
15.612,0.1834,0.0622,-0.0310,-0.0001,0.3355,0.5504,0.0000
15.624,0.1871,0.0634,-0.0317,-0.0001,0.3424,0.5617,0.0000
15.636,0.1909,0.0647,-0.0323,-0.0001,0.3492,0.5730,0.0000
15.648,0.1947,0.0660,-0.0329,-0.0001,0.3561,0.5843,0.0000
15.660,0.1984,0.0673,-0.0336,-0.0002,0.3630,0.5956,0.0000
15.672,0.2022,0.0686,-0.0342,-0.0002,0.3699,0.6069,0.0000
15.684,0.2060,0.0698,-0.0349,-0.0002,0.3768,0.6182,0.0000
15.696,0.2097,0.0711,-0.0355,-0.0002,0.3837,0.6295,0.0000
15.708,0.2135,0.0724,-0.0361,-0.0002,0.3906,0.6408,0.0000
15.720,0.2173,0.0737,-0.0368,-0.0002,0.3975,0.6521,0.0000
15.732,0.2210,0.0749,-0.0374,-0.0002,0.4044,0.6634,0.0000
15.744,0.2248,0.0762,-0.0380,-0.0002,0.4113,0.6747,0.0000
15.756,0.2286,0.0775,-0.0387,-0.0002,0.4181,0.6860,0.0000
15.768,0.2323,0.0788,-0.0393,-0.0002,0.4250,0.6973,0.0000
15.780,0.2361,0.0800,-0.0400,-0.0002,0.4319,0.7086,0.0000
15.792,0.2399,0.0813,-0.0406,-0.0002,0.4388,0.7199,0.0000
15.804,0.2436,0.0826,-0.0412,-0.0002,0.4457,0.7312,0.0000
15.816,0.2474,0.0839,-0.0419,-0.0002,0.4526,0.7425,0.0000
15.828,0.2512,0.0852,-0.0425,-0.0002,0.4595,0.7538,0.0000
15.840,0.2549,0.0864,-0.0432,-0.0002,0.4664,0.7651,0.0000
15.852,0.2587,0.0877,-0.0438,-0.0002,0.4733,0.7765,0.0000
15.864,0.2625,0.0890,-0.0444,-0.0002,0.4802,0.7878,0.0000
15.876,0.2662,0.0903,-0.0451,-0.0002,0.4871,0.7991,0.0000
15.888,0.2700,0.0915,-0.0457,-0.0002,0.4940,0.8104,0.0000
15.900,0.2738,0.0928,-0.0463,-0.0002,0.5008,0.8217,0.0000
15.912,0.2775,0.0941,-0.0470,-0.0002,0.5077,0.8330,-0.0000
15.924,0.2813,0.0954,-0.0476,-0.0002,0.5146,0.8443,-0.0000
15.936,0.2851,0.0967,-0.0483,-0.0002,0.5215,0.8556,-0.0000
15.948,0.2888,0.0979,-0.0489,-0.0002,0.5284,0.8669,-0.0000
15.960,0.2926,0.0992,-0.0495,-0.0002,0.5353,0.8782,-0.0000
15.972,0.2964,0.1005,-0.0502,-0.0002,0.5422,0.8895,-0.0000
15.984,0.3001,0.1018,-0.0508,-0.0002,0.5491,0.9008,-0.0000
15.996,0.3039,0.1030,-0.0514,-0.0002,0.5560,0.9121,-0.0000
16.008,0.3077,0.1043,-0.0521,-0.0002,0.5629,0.9234,-0.0000
16.020,0.3114,0.1056,-0.0527,-0.0002,0.5698,0.9348,-0.0000
16.032,0.3152,0.1069,-0.0534,-0.0002,0.5767,0.9461,-0.0000
16.044,0.3190,0.1081,-0.0540,-0.0002,0.5836,0.9574,-0.0000
16.056,0.3227,0.1094,-0.0546,-0.0002,0.5904,0.9687,-0.0000
16.068,0.3265,0.1107,-0.0553,-0.0002,0.5973,0.9800,-0.0000
16.080,0.3303,0.1120,-0.0559,-0.0003,0.6042,0.9913,-0.0000
16.092,0.3340,0.1133,-0.0565,-0.0003,0.6111,1.0026,-0.0000
16.104,0.3378,0.1145,-0.0572,-0.0003,0.6180,1.0139,-0.0000
16.116,0.3416,0.1158,-0.0578,-0.0003,0.6249,1.0252,-0.0000
16.128,0.3453,0.1171,-0.0585,-0.0003,0.6318,1.0365,-0.0000
16.140,0.3491,0.1184,-0.0591,-0.0003,0.6387,1.0478,-0.0000
16.152,0.3529,0.1196,-0.0597,-0.0003,0.6456,1.0591,-0.0000
16.164,0.3566,0.1209,-0.0604,-0.0003,0.6525,1.0704,-0.0000
16.176,0.3604,0.1222,-0.0610,-0.0003,0.6594,1.0818,-0.0000
16.188,0.3642,0.1235,-0.0616,-0.0003,0.6663,1.0931,-0.0000
16.200,0.3679,0.1248,-0.0623,-0.0003,0.6731,1.1044,-0.0000
16.212,0.3717,0.1260,-0.0629,-0.0003,0.6800,1.1157,-0.0000
16.224,0.3755,0.1273,-0.0636,-0.0003,0.6869,1.1270,-0.0000
16.236,0.3792,0.1286,-0.0642,-0.0003,0.6938,1.1383,-0.0000
16.248,0.3830,0.1299,-0.0648,-0.0003,0.7007,1.1496,-0.0000
16.260,0.3868,0.1311,-0.0655,-0.0003,0.7076,1.1609,-0.0000
16.272,0.3905,0.1324,-0.0661,-0.0003,0.7145,1.1722,-0.0000
16.284,0.3943,0.1337,-0.0667,-0.0003,0.7214,1.1835,-0.0000
16.296,0.3981,0.1350,-0.0674,-0.0003,0.7283,1.1948,-0.0000
16.308,0.4018,0.1362,-0.0680,-0.0003,0.7352,1.2061,-0.0000
16.320,0.4056,0.1375,-0.0687,-0.0003,0.7421,1.2174,-0.0000
16.332,0.4094,0.1388,-0.0693,-0.0003,0.7490,1.2288,-0.0000
16.344,0.4131,0.1401,-0.0699,-0.0003,0.7559,1.2401,-0.0000
16.356,0.4169,0.1414,-0.0706,-0.0003,0.7628,1.2514,-0.0000
16.368,0.4207,0.1426,-0.0712,-0.0003,0.7696,1.2627,-0.0000
16.380,0.4245,0.1439,-0.0718,-0.0003,0.7765,1.2740,-0.0000
16.392,0.4282,0.1452,-0.0725,-0.0003,0.7834,1.2853,-0.0000
16.404,0.4320,0.1465,-0.0731,-0.0003,0.7903,1.2966,-0.0000
16.416,0.4358,0.1477,-0.0738,-0.0003,0.7972,1.3079,-0.0000
16.428,0.4395,0.1490,-0.0744,-0.0003,0.8041,1.3192,-0.0000
16.440,0.4433,0.1503,-0.0750,-0.0003,0.8110,1.3305,-0.0000
16.452,0.4471,0.1516,-0.0757,-0.0003,0.8179,1.3418,-0.0000
16.464,0.4508,0.1529,-0.0763,-0.0003,0.8248,1.3531,-0.0000
16.476,0.4546,0.1541,-0.0769,-0.0003,0.8317,1.3644,-0.0000
16.488,0.4584,0.1554,-0.0776,-0.0003,0.8386,1.3757,-0.0000
16.500,0.4621,0.1567,-0.0782,-0.0004,0.8455,1.3871,-0.0000
16.512,0.4659,0.1580,-0.0789,-0.0004,0.8524,1.3984,-0.0000
16.524,0.4697,0.1592,-0.0795,-0.0004,0.8592,1.4097,-0.0000
16.536,0.4734,0.1605,-0.0801,-0.0004,0.8661,1.4210,-0.0000
16.548,0.4772,0.1618,-0.0808,-0.0004,0.8730,1.4323,-0.0000
16.560,0.4810,0.1631,-0.0814,-0.0004,0.8799,1.4436,-0.0000
16.572,0.4847,0.1643,-0.0820,-0.0004,0.8868,1.4549,-0.0000
16.584,0.4885,0.1656,-0.0827,-0.0004,0.8937,1.4662,-0.0000
16.596,0.4923,0.1669,-0.0833,-0.0004,0.9006,1.4775,-0.0000
16.608,0.4960,0.1682,-0.0840,-0.0004,0.9075,1.4888,-0.0000
16.620,0.4998,0.1695,-0.0846,-0.0004,0.9144,1.5001,-0.0000
16.632,0.5036,0.1707,-0.0852,-0.0004,0.9213,1.5114,-0.0000
16.644,0.5073,0.1720,-0.0859,-0.0004,0.9282,1.5227,-0.0000
16.656,0.5111,0.1733,-0.0865,-0.0004,0.9351,1.5341,-0.0000
16.668,0.5149,0.1746,-0.0872,-0.0004,0.9420,1.5454,-0.0000
16.680,0.5186,0.1758,-0.0878,-0.0004,0.9488,1.5567,-0.0000
16.692,0.5224,0.1771,-0.0884,-0.0004,0.9557,1.5680,-0.0000
16.704,0.5262,0.1784,-0.0891,-0.0004,0.9626,1.5793,-0.0000
16.716,0.5299,0.1797,-0.0897,-0.0004,0.9695,1.5906,-0.0000
16.728,0.5337,0.1810,-0.0903,-0.0004,0.9764,1.6019,-0.0000
16.740,0.5375,0.1822,-0.0910,-0.0004,0.9833,1.6132,-0.0000
16.752,0.5412,0.1835,-0.0916,-0.0004,0.9902,1.6245,-0.0000
16.764,0.5450,0.1848,-0.0923,-0.0004,0.9971,1.6358,-0.0000
16.776,0.5488,0.1861,-0.0929,-0.0004,1.0040,1.6471,-0.0000
16.788,0.5525,0.1873,-0.0935,-0.0004,1.0109,1.6584,-0.0000
16.800,0.5563,0.1886,-0.0942,-0.0004,1.0178,1.6697,-0.0000
16.812,0.5601,0.1899,-0.0948,-0.0004,1.0247,1.6811,-0.0000
16.824,0.5638,0.1912,-0.0954,-0.0004,1.0316,1.6924,-0.0000
16.836,0.5676,0.1925,-0.0961,-0.0004,1.0384,1.7037,-0.0000
16.848,0.5714,0.1937,-0.0967,-0.0004,1.0453,1.7150,-0.0000
16.860,0.5751,0.1950,-0.0974,-0.0004,1.0522,1.7263,-0.0000
16.872,0.5789,0.1963,-0.0980,-0.0004,1.0591,1.7376,-0.0000
16.884,0.5827,0.1976,-0.0986,-0.0004,1.0660,1.7489,-0.0000
16.896,0.5864,0.1988,-0.0993,-0.0004,1.0729,1.7602,-0.0000
16.908,0.5902,0.2001,-0.0999,-0.0004,1.0798,1.7715,-0.0000
16.920,0.5940,0.2014,-0.1005,-0.0005,1.0867,1.7828,-0.0000
16.932,0.5977,0.2027,-0.1012,-0.0005,1.0936,1.7941,-0.0000
16.944,0.6015,0.2039,-0.1018,-0.0005,1.1005,1.8054,-0.0000
16.956,0.6053,0.2052,-0.1025,-0.0005,1.1074,1.8167,-0.0000
16.968,0.6091,0.2065,-0.1031,-0.0005,1.1143,1.8281,-0.0000
16.980,0.6128,0.2078,-0.1037,-0.0005,1.1212,1.8394,-0.0000
16.992,0.6166,0.2091,-0.1044,-0.0005,1.1280,1.8507,-0.0000
17.004,0.6204,0.2103,-0.1050,-0.0005,1.1349,1.8620,-0.0000
17.016,0.6241,0.2116,-0.1056,-0.0005,1.1418,1.8733,-0.0000
17.028,0.6279,0.2129,-0.1063,-0.0005,1.1487,1.8846,-0.0000
17.040,0.6317,0.2142,-0.1069,-0.0005,1.1556,1.8959,-0.0000
17.052,0.6354,0.2154,-0.1076,-0.0005,1.1625,1.9072,-0.0000
17.064,0.6392,0.2167,-0.1082,-0.0005,1.1694,1.9185,-0.0000
17.076,0.6430,0.2180,-0.1088,-0.0005,1.1763,1.9298,-0.0000
17.088,0.6467,0.2193,-0.1095,-0.0005,1.1832,1.9411,-0.0000
17.100,0.6505,0.2206,-0.1101,-0.0005,1.1901,1.9524,-0.0000
17.112,0.6543,0.2218,-0.1107,-0.0005,1.1970,1.9637,-0.0000
17.124,0.6580,0.2231,-0.1114,-0.0005,1.2039,1.9750,-0.0000
17.136,0.6618,0.2244,-0.1120,-0.0005,1.2108,1.9864,-0.0000
17.148,0.6656,0.2257,-0.1127,-0.0005,1.2176,1.9977,-0.0000
17.160,0.6693,0.2269,-0.1133,-0.0005,1.2245,2.0090,-0.0000
17.172,0.6731,0.2282,-0.1139,-0.0005,1.2314,2.0203,-0.0000
17.184,0.6769,0.2295,-0.1146,-0.0005,1.2383,2.0316,-0.0000
17.196,0.6806,0.2308,-0.1152,-0.0005,1.2452,2.0429,-0.0000
17.208,0.6844,0.2320,-0.1158,-0.0005,1.2521,2.0542,-0.0000
17.220,0.6882,0.2333,-0.1165,-0.0005,1.2590,2.0655,-0.0000
17.232,0.6919,0.2346,-0.1171,-0.0005,1.2659,2.0768,-0.0000
17.244,0.6957,0.2359,-0.1178,-0.0005,1.2728,2.0881,-0.0000
17.256,0.6995,0.2372,-0.1184,-0.0005,1.2797,2.0994,-0.0000
17.268,0.7032,0.2384,-0.1190,-0.0005,1.2866,2.1107,-0.0000
17.280,0.7070,0.2397,-0.1197,-0.0005,1.2935,2.1220,-0.0000
17.292,0.7108,0.2410,-0.1203,-0.0005,1.3004,2.1334,-0.0000
17.304,0.7145,0.2423,-0.1209,-0.0005,1.3072,2.1447,-0.0000
17.316,0.7183,0.2435,-0.1216,-0.0005,1.3141,2.1560,-0.0000
17.328,0.7221,0.2448,-0.1222,-0.0005,1.3210,2.1673,-0.0000
17.340,0.7258,0.2461,-0.1229,-0.0006,1.3279,2.1786,-0.0000
17.352,0.7296,0.2474,-0.1235,-0.0006,1.3348,2.1899,-0.0000
17.364,0.7334,0.2487,-0.1241,-0.0006,1.3417,2.2012,-0.0000
17.376,0.7371,0.2499,-0.1248,-0.0006,1.3486,2.2125,-0.0000
17.388,0.7409,0.2512,-0.1254,-0.0006,1.3555,2.2238,-0.0000
17.400,0.7447,0.2525,-0.1260,-0.0006,1.3624,2.2351,-0.0000
17.412,0.7484,0.2538,-0.1267,-0.0006,1.3693,2.2464,-0.0000
17.424,0.7522,0.2550,-0.1273,-0.0006,1.3762,2.2577,-0.0000
17.436,0.7560,0.2563,-0.1280,-0.0006,1.3831,2.2690,-0.0000
17.448,0.7594,0.2575,-0.1285,-0.0006,1.3894,2.2794,-0.0000
17.460,0.7625,0.2585,-0.1291,-0.0006,1.3950,2.2886,-0.0000
17.472,0.7652,0.2594,-0.1295,-0.0006,1.3999,2.2967,-0.0000
17.484,0.7675,0.2602,-0.1299,-0.0006,1.4042,2.3037,-0.0000
17.496,0.7696,0.2609,-0.1303,-0.0006,1.4080,2.3100,-0.0000
17.508,0.7714,0.2616,-0.1306,-0.0006,1.4114,2.3155,-0.0000
17.520,0.7731,0.2621,-0.1309,-0.0006,1.4143,2.3203,-0.0000
17.532,0.7745,0.2626,-0.1311,-0.0006,1.4169,2.3246,-0.0000
17.544,0.7757,0.2630,-0.1313,-0.0006,1.4192,2.3283,-0.0000
17.556,0.7768,0.2634,-0.1315,-0.0006,1.4212,2.3316,-0.0000
17.568,0.7778,0.2637,-0.1317,-0.0006,1.4229,2.3345,-0.0000
17.580,0.7786,0.2640,-0.1318,-0.0006,1.4245,2.3370,-0.0000
17.592,0.7794,0.2643,-0.1319,-0.0006,1.4259,2.3393,-0.0000
17.604,0.7800,0.2645,-0.1320,-0.0006,1.4271,2.3413,-0.0000
17.616,0.7806,0.2647,-0.1321,-0.0006,1.4281,2.3430,-0.0000
17.628,0.7806,0.2647,-0.1321,-0.0006,1.4281,2.3430,-0.0000
17.640,0.7806,0.2648,-0.1319,-0.0006,1.4277,2.3430,-0.0000
17.652,0.7806,0.2651,-0.1313,-0.0006,1.4270,2.3430,-0.0000
17.664,0.7806,0.2654,-0.1306,-0.0006,1.4259,2.3431,-0.0000
17.676,0.7807,0.2659,-0.1297,-0.0006,1.4246,2.3431,-0.0000
17.688,0.7807,0.2664,-0.1286,-0.0006,1.4230,2.3432,-0.0000
17.700,0.7807,0.2671,-0.1274,-0.0006,1.4212,2.3432,-0.0000
17.712,0.7807,0.2677,-0.1261,-0.0006,1.4192,2.3433,-0.0000
17.724,0.7807,0.2685,-0.1246,-0.0006,1.4171,2.3433,-0.0000
17.736,0.7808,0.2693,-0.1231,-0.0006,1.4148,2.3434,-0.0000
17.748,0.7808,0.2701,-0.1214,-0.0006,1.4124,2.3435,-0.0000
17.760,0.7808,0.2710,-0.1197,-0.0006,1.4099,2.3436,-0.0000
17.772,0.7809,0.2719,-0.1180,-0.0006,1.4073,2.3436,-0.0000
17.784,0.7809,0.2728,-0.1161,-0.0006,1.4046,2.3437,-0.0000
17.796,0.7809,0.2738,-0.1142,-0.0006,1.4018,2.3438,-0.0000
17.808,0.7809,0.2748,-0.1123,-0.0006,1.3989,2.3439,-0.0000
17.820,0.7810,0.2758,-0.1103,-0.0005,1.3960,2.3440,-0.0000
17.832,0.7810,0.2768,-0.1083,-0.0005,1.3931,2.3441,-0.0000
17.844,0.7811,0.2778,-0.1063,-0.0005,1.3900,2.3442,-0.0000
17.856,0.7811,0.2789,-0.1042,-0.0005,1.3870,2.3442,-0.0000
17.868,0.7811,0.2799,-0.1021,-0.0005,1.3839,2.3443,-0.0000
17.880,0.7812,0.2810,-0.1000,-0.0005,1.3808,2.3444,-0.0000
17.892,0.7812,0.2821,-0.0978,-0.0005,1.3777,2.3445,-0.0000
17.904,0.7812,0.2832,-0.0957,-0.0005,1.3745,2.3446,-0.0000
17.916,0.7813,0.2843,-0.0935,-0.0005,1.3713,2.3447,-0.0000
17.928,0.7813,0.2854,-0.0914,-0.0005,1.3681,2.3448,-0.0000
17.940,0.7813,0.2865,-0.0892,-0.0005,1.3649,2.3449,-0.0000
17.952,0.7814,0.2876,-0.0870,-0.0005,1.3617,2.3450,-0.0000
17.964,0.7814,0.2887,-0.0848,-0.0005,1.3584,2.3451,-0.0000
17.976,0.7814,0.2899,-0.0826,-0.0005,1.3551,2.3452,-0.0000
17.988,0.7815,0.2910,-0.0803,-0.0005,1.3519,2.3453,-0.0000
18.000,0.7815,0.2921,-0.0781,-0.0005,1.3486,2.3454,-0.0000
18.012,0.7816,0.2932,-0.0759,-0.0005,1.3453,2.3455,-0.0000
18.024,0.7816,0.2944,-0.0736,-0.0005,1.3420,2.3456,-0.0000
18.036,0.7816,0.2955,-0.0714,-0.0005,1.3387,2.3457,-0.0000
18.048,0.7817,0.2967,-0.0692,-0.0005,1.3354,2.3458,-0.0000
18.060,0.7817,0.2978,-0.0669,-0.0005,1.3321,2.3459,-0.0000
18.072,0.7818,0.2989,-0.0647,-0.0005,1.3288,2.3460,-0.0000
18.084,0.7818,0.3001,-0.0624,-0.0004,1.3255,2.3461,-0.0000
18.096,0.7818,0.3012,-0.0602,-0.0004,1.3222,2.3462,-0.0000
18.108,0.7819,0.3024,-0.0579,-0.0004,1.3189,2.3463,-0.0000
18.120,0.7819,0.3035,-0.0556,-0.0004,1.3155,2.3464,-0.0000
18.132,0.7819,0.3047,-0.0534,-0.0004,1.3122,2.3465,-0.0000
18.144,0.7820,0.3058,-0.0511,-0.0004,1.3089,2.3466,-0.0000
18.156,0.7820,0.3070,-0.0489,-0.0004,1.3055,2.3467,-0.0000
18.168,0.7821,0.3081,-0.0466,-0.0004,1.3022,2.3468,-0.0000
18.180,0.7821,0.3093,-0.0443,-0.0004,1.2989,2.3469,-0.0000
18.192,0.7821,0.3104,-0.0421,-0.0004,1.2956,2.3470,-0.0000
18.204,0.7822,0.3116,-0.0398,-0.0004,1.2922,2.3471,-0.0000
18.216,0.7822,0.3127,-0.0375,-0.0004,1.2889,2.3472,-0.0000
18.228,0.7822,0.3139,-0.0353,-0.0004,1.2856,2.3473,-0.0000
18.240,0.7823,0.3150,-0.0330,-0.0004,1.2822,2.3474,-0.0000
18.252,0.7823,0.3162,-0.0307,-0.0004,1.2789,2.3475,-0.0000
18.264,0.7824,0.3173,-0.0285,-0.0004,1.2755,2.3476,-0.0000
18.276,0.7824,0.3185,-0.0262,-0.0004,1.2722,2.3478,-0.0000
18.288,0.7824,0.3196,-0.0239,-0.0004,1.2689,2.3479,-0.0000
18.300,0.7825,0.3208,-0.0217,-0.0004,1.2655,2.3480,-0.0000
18.312,0.7825,0.3219,-0.0194,-0.0004,1.2622,2.3481,-0.0000
18.324,0.7826,0.3231,-0.0171,-0.0004,1.2589,2.3482,-0.0000
18.336,0.7826,0.3242,-0.0149,-0.0003,1.2555,2.3483,-0.0000
18.348,0.7826,0.3254,-0.0126,-0.0003,1.2522,2.3484,-0.0000
18.360,0.7827,0.3265,-0.0103,-0.0003,1.2488,2.3485,-0.0000
18.372,0.7827,0.3277,-0.0081,-0.0003,1.2455,2.3486,-0.0000
18.384,0.7827,0.3288,-0.0058,-0.0003,1.2422,2.3487,-0.0000
18.396,0.7828,0.3300,-0.0035,-0.0003,1.2388,2.3488,-0.0000
18.408,0.7828,0.3311,-0.0013,-0.0003,1.2355,2.3489,-0.0000
18.420,0.7829,0.3323,0.0010,-0.0003,1.2321,2.3490,-0.0000
18.432,0.7829,0.3334,0.0033,-0.0003,1.2288,2.3491,-0.0000
18.444,0.7829,0.3346,0.0055,-0.0003,1.2255,2.3492,-0.0000
18.456,0.7830,0.3357,0.0078,-0.0003,1.2221,2.3493,-0.0000
18.468,0.7830,0.3369,0.0101,-0.0003,1.2188,2.3494,-0.0000
18.480,0.7830,0.3381,0.0124,-0.0003,1.2154,2.3495,-0.0000
18.492,0.7831,0.3392,0.0146,-0.0003,1.2121,2.3496,-0.0000
18.504,0.7831,0.3404,0.0169,-0.0003,1.2088,2.3497,-0.0000
18.516,0.7832,0.3415,0.0192,-0.0003,1.2054,2.3498,-0.0000
18.528,0.7832,0.3427,0.0214,-0.0003,1.2021,2.3499,-0.0000
18.540,0.7832,0.3438,0.0237,-0.0003,1.1987,2.3500,-0.0000
18.552,0.7833,0.3450,0.0260,-0.0003,1.1954,2.3501,-0.0000
18.564,0.7833,0.3461,0.0282,-0.0003,1.1920,2.3502,-0.0000
18.576,0.7834,0.3473,0.0305,-0.0003,1.1887,2.3503,-0.0000
18.588,0.7834,0.3484,0.0328,-0.0002,1.1854,2.3504,-0.0000
18.600,0.7834,0.3496,0.0350,-0.0002,1.1820,2.3505,-0.0000
18.612,0.7835,0.3507,0.0373,-0.0002,1.1787,2.3506,-0.0000
18.624,0.7835,0.3519,0.0396,-0.0002,1.1753,2.3507,-0.0000
18.636,0.7835,0.3530,0.0419,-0.0002,1.1720,2.3508,-0.0000
18.648,0.7836,0.3542,0.0441,-0.0002,1.1687,2.3509,-0.0000
18.660,0.7836,0.3553,0.0464,-0.0002,1.1653,2.3510,-0.0000
18.672,0.7837,0.3565,0.0487,-0.0002,1.1620,2.3511,-0.0000
18.684,0.7837,0.3576,0.0509,-0.0002,1.1586,2.3512,-0.0000
18.696,0.7837,0.3588,0.0532,-0.0002,1.1553,2.3513,-0.0000
18.708,0.7838,0.3600,0.0555,-0.0002,1.1520,2.3514,-0.0000
18.720,0.7838,0.3611,0.0577,-0.0002,1.1486,2.3515,-0.0000
18.732,0.7839,0.3623,0.0600,-0.0002,1.1453,2.3516,-0.0000
18.744,0.7839,0.3634,0.0623,-0.0002,1.1419,2.3517,-0.0000
18.756,0.7839,0.3646,0.0646,-0.0002,1.1386,2.3518,-0.0000
18.768,0.7840,0.3657,0.0668,-0.0002,1.1353,2.3519,-0.0000
18.780,0.7840,0.3669,0.0691,-0.0002,1.1319,2.3520,-0.0000
18.792,0.7840,0.3680,0.0714,-0.0002,1.1286,2.3521,-0.0000
18.804,0.7841,0.3692,0.0736,-0.0002,1.1252,2.3522,-0.0000
18.816,0.7841,0.3703,0.0759,-0.0002,1.1219,2.3523,-0.0000
18.828,0.7842,0.3715,0.0782,-0.0001,1.1186,2.3524,-0.0000
18.840,0.7842,0.3726,0.0804,-0.0001,1.1152,2.3525,-0.0000
18.852,0.7842,0.3738,0.0827,-0.0001,1.1119,2.3526,-0.0000
18.864,0.7843,0.3749,0.0850,-0.0001,1.1085,2.3527,-0.0000
18.876,0.7843,0.3761,0.0872,-0.0001,1.1052,2.3528,-0.0000
18.888,0.7844,0.3772,0.0895,-0.0001,1.1018,2.3529,-0.0000
18.900,0.7844,0.3784,0.0918,-0.0001,1.0985,2.3531,-0.0000
18.912,0.7844,0.3795,0.0941,-0.0001,1.0952,2.3532,-0.0000
18.924,0.7845,0.3807,0.0963,-0.0001,1.0918,2.3533,-0.0000
18.936,0.7845,0.3819,0.0986,-0.0001,1.0885,2.3534,-0.0000
18.948,0.7845,0.3830,0.1009,-0.0001,1.0851,2.3535,-0.0000
18.960,0.7846,0.3842,0.1031,-0.0001,1.0818,2.3536,-0.0000
18.972,0.7846,0.3853,0.1054,-0.0001,1.0785,2.3537,-0.0000
18.984,0.7847,0.3865,0.1077,-0.0001,1.0751,2.3538,-0.0000
18.996,0.7847,0.3876,0.1099,-0.0001,1.0718,2.3539,-0.0000
19.008,0.7847,0.3888,0.1122,-0.0001,1.0684,2.3540,-0.0000
19.020,0.7848,0.3899,0.1145,-0.0001,1.0651,2.3541,-0.0000
19.032,0.7848,0.3911,0.1167,-0.0001,1.0618,2.3542,-0.0000
19.044,0.7848,0.3922,0.1190,-0.0001,1.0584,2.3543,-0.0000
19.056,0.7849,0.3934,0.1213,-0.0001,1.0551,2.3544,-0.0000
19.068,0.7849,0.3945,0.1236,-0.0001,1.0517,2.3545,-0.0000
19.080,0.7850,0.3957,0.1258,-0.0000,1.0484,2.3546,-0.0000
19.092,0.7850,0.3968,0.1281,-0.0000,1.0451,2.3547,-0.0000
19.104,0.7850,0.3980,0.1304,-0.0000,1.0417,2.3548,-0.0000
19.116,0.7851,0.3991,0.1326,-0.0000,1.0384,2.3549,-0.0000
19.128,0.7851,0.4003,0.1349,-0.0000,1.0350,2.3550,-0.0000
19.140,0.7851,0.4013,0.1369,-0.0000,1.0321,2.3551,-0.0000
19.152,0.7852,0.4022,0.1387,-0.0000,1.0295,2.3552,-0.0000
19.164,0.7852,0.4030,0.1402,-0.0000,1.0272,2.3552,-0.0000
19.176,0.7852,0.4037,0.1416,-0.0000,1.0252,2.3553,-0.0000
19.188,0.7852,0.4043,0.1428,-0.0000,1.0235,2.3553,-0.0000
19.200,0.7853,0.4048,0.1438,-0.0000,1.0219,2.3554,-0.0005
19.212,0.7853,0.4053,0.1447,-0.0000,1.0205,2.3554,-0.0015
19.224,0.7853,0.4057,0.1456,-0.0000,1.0193,2.3555,-0.0029
19.236,0.7853,0.4061,0.1463,-0.0000,1.0183,2.3555,-0.0047
19.248,0.7853,0.4064,0.1469,-0.0000,1.0174,2.3555,-0.0068
19.260,0.7853,0.4067,0.1475,-0.0000,1.0165,2.3556,-0.0091
19.272,0.7853,0.4069,0.1480,-0.0000,1.0158,2.3556,-0.0117
19.284,0.7853,0.4071,0.1484,-0.0000,1.0152,2.3556,-0.0145
19.296,0.7853,0.4073,0.1488,-0.0000,1.0146,2.3556,-0.0175
19.308,0.7854,0.4075,0.1491,-0.0000,1.0141,2.3556,-0.0207
19.320,0.7854,0.4077,0.1494,0.0000,1.0137,2.3556,-0.0240
19.332,0.7854,0.4078,0.1497,0.0000,1.0133,2.3556,-0.0275
19.344,0.7854,0.4079,0.1499,0.0000,1.0130,2.3557,-0.0311
19.356,0.7854,0.4080,0.1501,0.0000,1.0127,2.3557,-0.0347
19.368,0.7854,0.4081,0.1503,0.0000,1.0124,2.3557,-0.0385
19.380,0.7854,0.4082,0.1504,0.0000,1.0122,2.3557,-0.0423
19.392,0.7854,0.4082,0.1505,0.0000,1.0120,2.3557,-0.0462
19.404,0.7854,0.4083,0.1507,0.0000,1.0118,2.3557,-0.0502
19.416,0.7854,0.4084,0.1508,0.0000,1.0117,2.3557,-0.0542
19.428,0.7854,0.4084,0.1509,0.0000,1.0115,2.3557,-0.0582
19.440,0.7854,0.4084,0.1509,0.0000,1.0114,2.3557,-0.0623
19.452,0.7854,0.4085,0.1510,0.0000,1.0113,2.3557,-0.0665
19.464,0.7854,0.4085,0.1511,0.0000,1.0112,2.3557,-0.0706
19.476,0.7854,0.4085,0.1511,0.0000,1.0111,2.3557,-0.0748
19.488,0.7854,0.4086,0.1512,0.0000,1.0111,2.3557,-0.0791
19.500,0.7854,0.4086,0.1512,0.0000,1.0110,2.3557,-0.0833
19.512,0.7854,0.4086,0.1513,0.0000,1.0109,2.3557,-0.0876
19.524,0.7854,0.4086,0.1513,0.0000,1.0109,2.3557,-0.0918
19.536,0.7854,0.4086,0.1513,0.0000,1.0109,2.3557,-0.0961
19.548,0.7854,0.4087,0.1514,0.0000,1.0108,2.3557,-0.1004
19.560,0.7854,0.4087,0.1514,0.0000,1.0108,2.3557,-0.1047
19.572,0.7854,0.4087,0.1514,0.0000,1.0107,2.3557,-0.1091
19.584,0.7854,0.4087,0.1514,0.0000,1.0107,2.3557,-0.1134
19.596,0.7854,0.4087,0.1514,0.0000,1.0107,2.3557,-0.1178
19.608,0.7854,0.4087,0.1514,0.0000,1.0107,2.3557,-0.1221
19.620,0.7854,0.4087,0.1515,0.0000,1.0107,2.3557,-0.1265
19.632,0.7854,0.4087,0.1515,0.0000,1.0106,2.3557,-0.1308
19.644,0.7854,0.4087,0.1515,0.0000,1.0106,2.3557,-0.1352
19.656,0.7854,0.4087,0.1515,0.0000,1.0106,2.3557,-0.1396
19.668,0.7854,0.4087,0.1515,0.0000,1.0106,2.3557,-0.1439
19.680,0.7854,0.4087,0.1515,0.0000,1.0106,2.3557,-0.1483
19.692,0.7854,0.4087,0.1515,0.0000,1.0106,2.3557,-0.1527
19.704,0.7854,0.4087,0.1515,0.0000,1.0106,2.3557,-0.1571
19.716,0.7854,0.4087,0.1515,0.0000,1.0106,2.3557,-0.1614
19.728,0.7854,0.4087,0.1515,0.0000,1.0106,2.3557,-0.1658
19.740,0.7854,0.4087,0.1515,0.0000,1.0106,2.3557,-0.1702
19.752,0.7854,0.4087,0.1515,0.0000,1.0106,2.3557,-0.1746
19.764,0.7854,0.4087,0.1515,0.0000,1.0106,2.3557,-0.1790
19.776,0.7854,0.4087,0.1515,0.0000,1.0106,2.3557,-0.1834
19.788,0.7854,0.4087,0.1515,0.0000,1.0106,2.3557,-0.1878
19.800,0.7854,0.4087,0.1515,0.0000,1.0106,2.3557,-0.1922
19.812,0.7854,0.4087,0.1515,0.0000,1.0105,2.3557,-0.1966
19.824,0.7854,0.4087,0.1515,0.0000,1.0105,2.3557,-0.2010
19.836,0.7854,0.4087,0.1515,0.0000,1.0105,2.3557,-0.2054
19.848,0.7854,0.4087,0.1515,0.0000,1.0105,2.3557,-0.2098
19.860,0.7854,0.4087,0.1515,0.0000,1.0105,2.3557,-0.2142
19.872,0.7854,0.4087,0.1515,0.0000,1.0105,2.3557,-0.2186
19.884,0.7854,0.4085,0.1515,0.0000,1.0105,2.3557,-0.2230
19.896,0.7854,0.4080,0.1515,0.0000,1.0108,2.3557,-0.2274
19.908,0.7854,0.4074,0.1515,0.0000,1.0112,2.3557,-0.2317
19.920,0.7854,0.4068,0.1515,0.0000,1.0116,2.3557,-0.2361
19.932,0.7854,0.4062,0.1515,0.0000,1.0120,2.3557,-0.2405
19.944,0.7854,0.4056,0.1515,0.0000,1.0125,2.3557,-0.2449
19.956,0.7854,0.4049,0.1515,0.0000,1.0129,2.3557,-0.2493
19.968,0.7854,0.4042,0.1515,0.0000,1.0134,2.3557,-0.2537
19.980,0.7854,0.4036,0.1515,0.0000,1.0139,2.3557,-0.2581
19.992,0.7854,0.4029,0.1515,0.0000,1.0144,2.3557,-0.2625
20.004,0.7854,0.4023,0.1515,0.0000,1.0149,2.3557,-0.2669
20.016,0.7854,0.4016,0.1515,0.0000,1.0154,2.3557,-0.2713
20.028,0.7854,0.4009,0.1515,0.0000,1.0159,2.3557,-0.2757
20.040,0.7854,0.4003,0.1515,0.0000,1.0163,2.3557,-0.2801
20.052,0.7854,0.3996,0.1515,0.0000,1.0168,2.3557,-0.2845
20.064,0.7854,0.3990,0.1515,0.0000,1.0173,2.3557,-0.2889
20.076,0.7854,0.3983,0.1515,0.0000,1.0178,2.3557,-0.2933
20.088,0.7854,0.3977,0.1515,0.0000,1.0183,2.3557,-0.2977
20.100,0.7854,0.3970,0.1515,0.0000,1.0187,2.3557,-0.3021
20.112,0.7854,0.3964,0.1515,0.0000,1.0192,2.3557,-0.3065
20.124,0.7854,0.3957,0.1515,0.0000,1.0197,2.3557,-0.3109
20.136,0.7854,0.3951,0.1515,0.0000,1.0202,2.3557,-0.3153
20.148,0.7854,0.3944,0.1515,0.0000,1.0206,2.3557,-0.3197
20.160,0.7854,0.3938,0.1515,0.0000,1.0211,2.3557,-0.3241
20.172,0.7854,0.3932,0.1515,0.0000,1.0215,2.3557,-0.3285
20.184,0.7854,0.3925,0.1515,0.0000,1.0220,2.3557,-0.3329
20.196,0.7854,0.3919,0.1515,0.0000,1.0224,2.3557,-0.3373
20.208,0.7854,0.3913,0.1515,0.0000,1.0229,2.3557,-0.3417
20.220,0.7854,0.3906,0.1515,0.0000,1.0233,2.3557,-0.3461
20.232,0.7854,0.3900,0.1515,0.0000,1.0238,2.3557,-0.3505
20.244,0.7854,0.3894,0.1515,0.0000,1.0242,2.3557,-0.3549
20.256,0.7854,0.3887,0.1515,0.0000,1.0246,2.3557,-0.3593
20.268,0.7854,0.3881,0.1515,0.0000,1.0251,2.3557,-0.3637
20.280,0.7854,0.3875,0.1515,0.0000,1.0255,2.3557,-0.3681
20.292,0.7854,0.3869,0.1515,0.0000,1.0259,2.3557,-0.3725
20.304,0.7854,0.3863,0.1515,0.0000,1.0263,2.3557,-0.3769
20.316,0.7854,0.3857,0.1515,0.0000,1.0267,2.3557,-0.3813
20.328,0.7854,0.3851,0.1515,0.0000,1.0271,2.3557,-0.3857
20.340,0.7854,0.3845,0.1515,0.0000,1.0275,2.3557,-0.3901
20.352,0.7854,0.3839,0.1515,0.0000,1.0279,2.3557,-0.3945
20.364,0.7854,0.3833,0.1515,0.0000,1.0283,2.3557,-0.3989
20.376,0.7854,0.3827,0.1515,0.0000,1.0287,2.3557,-0.4033
20.388,0.7854,0.3821,0.1515,0.0000,1.0291,2.3557,-0.4077
20.400,0.7854,0.3815,0.1515,0.0000,1.0295,2.3557,-0.4116
20.412,0.7854,0.3810,0.1515,0.0000,1.0299,2.3557,-0.4150
20.424,0.7854,0.3808,0.1513,0.0000,1.0304,2.3557,-0.4180
20.436,0.7854,0.3806,0.1508,0.0000,1.0311,2.3557,-0.4206
20.448,0.7854,0.3804,0.1500,0.0000,1.0320,2.3557,-0.4230
20.460,0.7854,0.3801,0.1491,0.0000,1.0333,2.3557,-0.4250
20.472,0.7854,0.3797,0.1480,-0.0000,1.0348,2.3557,-0.4268
20.484,0.7854,0.3793,0.1468,-0.0000,1.0365,2.3557,-0.4284
20.496,0.7854,0.3787,0.1455,-0.0000,1.0384,2.3557,-0.4298
20.508,0.7854,0.3782,0.1440,-0.0000,1.0404,2.3557,-0.4310
20.520,0.7854,0.3776,0.1425,-0.0000,1.0426,2.3557,-0.4321
20.532,0.7854,0.3770,0.1408,-0.0000,1.0450,2.3557,-0.4330
20.544,0.7854,0.3763,0.1391,-0.0000,1.0474,2.3557,-0.4339
20.556,0.7854,0.3756,0.1373,-0.0000,1.0499,2.3557,-0.4346
20.568,0.7854,0.3748,0.1355,-0.0000,1.0526,2.3557,-0.4353
20.580,0.7854,0.3741,0.1336,-0.0000,1.0552,2.3557,-0.4358
20.592,0.7854,0.3733,0.1316,-0.0000,1.0580,2.3557,-0.4363
20.604,0.7854,0.3725,0.1297,-0.0000,1.0608,2.3557,-0.4368
20.616,0.7854,0.3717,0.1277,-0.0000,1.0637,2.3557,-0.4372
20.628,0.7853,0.3709,0.1256,-0.0000,1.0666,2.3557,-0.4375
20.640,0.7853,0.3701,0.1235,-0.0001,1.0696,2.3557,-0.4378
20.652,0.7853,0.3692,0.1214,-0.0001,1.0726,2.3557,-0.4381
20.664,0.7853,0.3684,0.1193,-0.0001,1.0756,2.3557,-0.4383
20.676,0.7853,0.3675,0.1172,-0.0001,1.0786,2.3557,-0.4385
20.688,0.7853,0.3666,0.1150,-0.0001,1.0817,2.3557,-0.4387
20.700,0.7853,0.3658,0.1128,-0.0001,1.0848,2.3557,-0.4388
20.712,0.7853,0.3649,0.1107,-0.0001,1.0879,2.3557,-0.4390
20.724,0.7853,0.3640,0.1085,-0.0001,1.0911,2.3557,-0.4391
20.736,0.7853,0.3631,0.1063,-0.0001,1.0942,2.3557,-0.4392
20.748,0.7853,0.3622,0.1041,-0.0001,1.0974,2.3557,-0.4393
20.760,0.7853,0.3613,0.1018,-0.0001,1.1005,2.3557,-0.4394
20.772,0.7853,0.3604,0.0996,-0.0001,1.1037,2.3557,-0.4395
20.784,0.7853,0.3595,0.0974,-0.0001,1.1069,2.3557,-0.4395
20.796,0.7853,0.3586,0.0951,-0.0001,1.1101,2.3557,-0.4396
20.808,0.7853,0.3577,0.0929,-0.0001,1.1133,2.3557,-0.4396
20.820,0.7853,0.3568,0.0907,-0.0001,1.1165,2.3557,-0.4397
20.832,0.7853,0.3559,0.0884,-0.0001,1.1197,2.3557,-0.4397
20.844,0.7853,0.3550,0.0862,-0.0001,1.1229,2.3557,-0.4397
20.856,0.7853,0.3540,0.0839,-0.0001,1.1262,2.3557,-0.4398
20.868,0.7853,0.3531,0.0816,-0.0001,1.1294,2.3557,-0.4398
20.880,0.7853,0.3522,0.0794,-0.0001,1.1326,2.3557,-0.4398
20.892,0.7853,0.3513,0.0771,-0.0002,1.1358,2.3557,-0.4398
20.904,0.7853,0.3504,0.0749,-0.0002,1.1391,2.3557,-0.4399
20.916,0.7852,0.3495,0.0726,-0.0002,1.1423,2.3557,-0.4399
20.928,0.7852,0.3485,0.0703,-0.0002,1.1456,2.3557,-0.4399
20.940,0.7852,0.3476,0.0681,-0.0002,1.1488,2.3557,-0.4399
20.952,0.7852,0.3467,0.0658,-0.0002,1.1520,2.3557,-0.4399
20.964,0.7852,0.3458,0.0635,-0.0002,1.1553,2.3557,-0.4399
20.976,0.7852,0.3449,0.0613,-0.0002,1.1585,2.3557,-0.4399
20.988,0.7852,0.3439,0.0590,-0.0002,1.1618,2.3557,-0.4399
21.000,0.7852,0.3430,0.0567,-0.0002,1.1650,2.3557,-0.4400
21.012,0.7852,0.3421,0.0544,-0.0002,1.1683,2.3557,-0.4400
21.024,0.7852,0.3412,0.0522,-0.0002,1.1715,2.3557,-0.4400
21.036,0.7852,0.3403,0.0499,-0.0002,1.1747,2.3557,-0.4400
21.048,0.7852,0.3393,0.0476,-0.0002,1.1780,2.3557,-0.4400
21.060,0.7852,0.3384,0.0454,-0.0002,1.1812,2.3557,-0.4400
21.072,0.7852,0.3375,0.0431,-0.0002,1.1845,2.3557,-0.4400
21.084,0.7852,0.3366,0.0408,-0.0002,1.1877,2.3557,-0.4400
21.096,0.7852,0.3356,0.0385,-0.0002,1.1910,2.3557,-0.4400
21.108,0.7852,0.3347,0.0363,-0.0002,1.1942,2.3557,-0.4400
21.120,0.7852,0.3338,0.0340,-0.0002,1.1975,2.3557,-0.4400
21.132,0.7852,0.3329,0.0317,-0.0002,1.2007,2.3557,-0.4400
21.144,0.7852,0.3320,0.0294,-0.0003,1.2040,2.3557,-0.4400
21.156,0.7852,0.3310,0.0272,-0.0003,1.2072,2.3557,-0.4400
21.168,0.7852,0.3301,0.0249,-0.0003,1.2105,2.3557,-0.4400
21.180,0.7852,0.3292,0.0226,-0.0003,1.2137,2.3557,-0.4400
21.192,0.7851,0.3283,0.0203,-0.0003,1.2170,2.3557,-0.4400
21.204,0.7851,0.3273,0.0181,-0.0003,1.2202,2.3557,-0.4400
21.216,0.7851,0.3264,0.0158,-0.0003,1.2235,2.3557,-0.4400
21.228,0.7851,0.3255,0.0135,-0.0003,1.2267,2.3557,-0.4400
21.240,0.7851,0.3246,0.0112,-0.0003,1.2300,2.3557,-0.4400
21.252,0.7851,0.3237,0.0090,-0.0003,1.2332,2.3557,-0.4400
21.264,0.7851,0.3227,0.0067,-0.0003,1.2365,2.3557,-0.4400
21.276,0.7851,0.3218,0.0044,-0.0003,1.2397,2.3557,-0.4400
21.288,0.7851,0.3209,0.0021,-0.0003,1.2430,2.3557,-0.4400
21.300,0.7851,0.3200,-0.0001,-0.0003,1.2462,2.3557,-0.4400
21.312,0.7851,0.3190,-0.0024,-0.0003,1.2495,2.3557,-0.4400
21.324,0.7851,0.3181,-0.0047,-0.0003,1.2527,2.3557,-0.4400
21.336,0.7851,0.3172,-0.0070,-0.0003,1.2560,2.3557,-0.4400
21.348,0.7851,0.3163,-0.0092,-0.0003,1.2593,2.3557,-0.4400
21.360,0.7851,0.3153,-0.0115,-0.0003,1.2625,2.3557,-0.4400
21.372,0.7851,0.3144,-0.0138,-0.0003,1.2658,2.3557,-0.4400
21.384,0.7851,0.3135,-0.0161,-0.0003,1.2690,2.3557,-0.4400
21.396,0.7851,0.3126,-0.0183,-0.0004,1.2723,2.3557,-0.4400
21.408,0.7851,0.3117,-0.0206,-0.0004,1.2755,2.3557,-0.4400
21.420,0.7851,0.3107,-0.0229,-0.0004,1.2788,2.3557,-0.4400
21.432,0.7851,0.3098,-0.0252,-0.0004,1.2820,2.3557,-0.4400
21.444,0.7851,0.3089,-0.0274,-0.0004,1.2853,2.3557,-0.4400
21.456,0.7851,0.3080,-0.0297,-0.0004,1.2885,2.3557,-0.4400
21.468,0.7850,0.3070,-0.0320,-0.0004,1.2918,2.3557,-0.4400
21.480,0.7850,0.3061,-0.0343,-0.0004,1.2950,2.3557,-0.4400
21.492,0.7850,0.3052,-0.0365,-0.0004,1.2983,2.3557,-0.4400
21.504,0.7850,0.3043,-0.0388,-0.0004,1.3015,2.3557,-0.4400
21.516,0.7850,0.3033,-0.0411,-0.0004,1.3048,2.3557,-0.4400
21.528,0.7850,0.3024,-0.0434,-0.0004,1.3080,2.3557,-0.4400
21.540,0.7850,0.3015,-0.0456,-0.0004,1.3113,2.3557,-0.4400
21.552,0.7850,0.3006,-0.0479,-0.0004,1.3145,2.3557,-0.4400
21.564,0.7850,0.2997,-0.0502,-0.0004,1.3178,2.3557,-0.4400
21.576,0.7850,0.2987,-0.0525,-0.0004,1.3210,2.3557,-0.4400
21.588,0.7850,0.2978,-0.0547,-0.0004,1.3243,2.3557,-0.4400
21.600,0.7850,0.2969,-0.0570,-0.0004,1.3275,2.3557,-0.4400
21.612,0.7850,0.2960,-0.0593,-0.0004,1.3308,2.3557,-0.4400
21.624,0.7850,0.2950,-0.0616,-0.0004,1.3340,2.3557,-0.4400
21.636,0.7850,0.2941,-0.0638,-0.0005,1.3373,2.3557,-0.4400
21.648,0.7850,0.2932,-0.0661,-0.0005,1.3405,2.3557,-0.4400
21.660,0.7850,0.2923,-0.0684,-0.0005,1.3438,2.3557,-0.4400
21.672,0.7850,0.2913,-0.0707,-0.0005,1.3470,2.3557,-0.4400
21.684,0.7850,0.2904,-0.0729,-0.0005,1.3503,2.3557,-0.4400
21.696,0.7850,0.2895,-0.0752,-0.0005,1.3535,2.3557,-0.4400
21.708,0.7850,0.2886,-0.0775,-0.0005,1.3568,2.3557,-0.4400
21.720,0.7850,0.2877,-0.0798,-0.0005,1.3600,2.3557,-0.4400
21.732,0.7850,0.2867,-0.0820,-0.0005,1.3633,2.3557,-0.4400
21.744,0.7850,0.2858,-0.0843,-0.0005,1.3665,2.3557,-0.4400
21.756,0.7849,0.2849,-0.0866,-0.0005,1.3698,2.3557,-0.4400
21.768,0.7849,0.2840,-0.0889,-0.0005,1.3730,2.3557,-0.4400
21.780,0.7849,0.2830,-0.0911,-0.0005,1.3763,2.3557,-0.4400
21.792,0.7849,0.2821,-0.0934,-0.0005,1.3795,2.3557,-0.4400
21.804,0.7849,0.2812,-0.0957,-0.0005,1.3828,2.3557,-0.4400
21.816,0.7849,0.2803,-0.0980,-0.0005,1.3860,2.3557,-0.4400
21.828,0.7849,0.2793,-0.1002,-0.0005,1.3893,2.3557,-0.4400
21.840,0.7849,0.2784,-0.1025,-0.0005,1.3926,2.3557,-0.4400
21.852,0.7849,0.2775,-0.1048,-0.0005,1.3958,2.3557,-0.4400
21.864,0.7849,0.2766,-0.1071,-0.0005,1.3991,2.3557,-0.4400
21.876,0.7849,0.2756,-0.1093,-0.0005,1.4023,2.3557,-0.4400
21.888,0.7849,0.2747,-0.1116,-0.0006,1.4056,2.3557,-0.4400
21.900,0.7849,0.2738,-0.1139,-0.0006,1.4088,2.3557,-0.4400
21.912,0.7849,0.2729,-0.1162,-0.0006,1.4121,2.3557,-0.4400
21.924,0.7849,0.2721,-0.1182,-0.0006,1.4149,2.3557,-0.4400
21.936,0.7849,0.2714,-0.1199,-0.0006,1.4174,2.3557,-0.4400
21.948,0.7849,0.2707,-0.1215,-0.0006,1.4197,2.3557,-0.4400
21.960,0.7849,0.2702,-0.1228,-0.0006,1.4216,2.3557,-0.4400
21.972,0.7849,0.2697,-0.1240,-0.0006,1.4233,2.3557,-0.4400
21.984,0.7849,0.2697,-0.1240,-0.0006,1.4233,2.3557,-0.4400
21.996,0.7840,0.2697,-0.1240,-0.0006,1.4233,2.3558,-0.4400
22.008,0.7824,0.2697,-0.1240,-0.0006,1.4233,2.3558,-0.4400
22.020,0.7801,0.2696,-0.1240,-0.0006,1.4233,2.3559,-0.4400
22.032,0.7772,0.2696,-0.1240,-0.0006,1.4233,2.3561,-0.4400
22.044,0.7738,0.2696,-0.1240,-0.0006,1.4233,2.3562,-0.4400
22.056,0.7699,0.2696,-0.1240,-0.0006,1.4233,2.3564,-0.4400
22.068,0.7656,0.2695,-0.1239,-0.0006,1.4233,2.3565,-0.4400
22.080,0.7610,0.2695,-0.1239,-0.0006,1.4233,2.3567,-0.4400
22.092,0.7560,0.2694,-0.1239,-0.0007,1.4232,2.3570,-0.4400
22.104,0.7508,0.2694,-0.1238,-0.0007,1.4232,2.3572,-0.4400
22.116,0.7453,0.2693,-0.1238,-0.0007,1.4232,2.3574,-0.4400
22.128,0.7397,0.2693,-0.1238,-0.0007,1.4232,2.3576,-0.4400
22.140,0.7338,0.2692,-0.1237,-0.0007,1.4232,2.3579,-0.4400
22.152,0.7278,0.2692,-0.1237,-0.0007,1.4232,2.3581,-0.4400
22.164,0.7216,0.2691,-0.1237,-0.0008,1.4231,2.3584,-0.4400
22.176,0.7153,0.2691,-0.1236,-0.0008,1.4231,2.3587,-0.4400
22.188,0.7089,0.2690,-0.1236,-0.0008,1.4231,2.3589,-0.4400
22.200,0.7024,0.2690,-0.1236,-0.0008,1.4231,2.3592,-0.4400
22.212,0.6958,0.2689,-0.1235,-0.0008,1.4231,2.3595,-0.4400
22.224,0.6891,0.2688,-0.1235,-0.0009,1.4231,2.3598,-0.4400
22.236,0.6823,0.2688,-0.1234,-0.0009,1.4230,2.3601,-0.4400
22.248,0.6755,0.2687,-0.1234,-0.0009,1.4230,2.3603,-0.4400
22.260,0.6687,0.2687,-0.1234,-0.0009,1.4230,2.3606,-0.4400
22.272,0.6618,0.2686,-0.1233,-0.0009,1.4230,2.3609,-0.4400
22.284,0.6548,0.2686,-0.1233,-0.0009,1.4230,2.3612,-0.4400
22.296,0.6479,0.2685,-0.1232,-0.0010,1.4229,2.3615,-0.4400
22.308,0.6409,0.2684,-0.1232,-0.0010,1.4229,2.3618,-0.4400
22.320,0.6338,0.2684,-0.1232,-0.0010,1.4229,2.3621,-0.4400
22.332,0.6268,0.2683,-0.1231,-0.0010,1.4229,2.3624,-0.4400
22.344,0.6197,0.2682,-0.1231,-0.0010,1.4229,2.3627,-0.4400
22.356,0.6126,0.2682,-0.1230,-0.0011,1.4229,2.3630,-0.4400
22.368,0.6055,0.2681,-0.1230,-0.0011,1.4228,2.3633,-0.4400
22.380,0.5983,0.2681,-0.1230,-0.0011,1.4228,2.3636,-0.4400
22.392,0.5912,0.2680,-0.1229,-0.0011,1.4228,2.3639,-0.4400
22.404,0.5840,0.2679,-0.1229,-0.0011,1.4228,2.3642,-0.4400
22.416,0.5769,0.2679,-0.1228,-0.0012,1.4228,2.3645,-0.4400
22.428,0.5697,0.2678,-0.1228,-0.0012,1.4227,2.3648,-0.4400
22.440,0.5625,0.2677,-0.1227,-0.0012,1.4227,2.3651,-0.4400
22.452,0.5553,0.2677,-0.1227,-0.0012,1.4227,2.3654,-0.4400
22.464,0.5481,0.2676,-0.1227,-0.0013,1.4227,2.3657,-0.4400
22.476,0.5409,0.2676,-0.1226,-0.0013,1.4227,2.3660,-0.4400
22.488,0.5337,0.2675,-0.1226,-0.0013,1.4226,2.3663,-0.4400
22.500,0.5265,0.2674,-0.1225,-0.0013,1.4226,2.3666,-0.4400
22.512,0.5193,0.2674,-0.1225,-0.0013,1.4226,2.3669,-0.4400
22.524,0.5121,0.2673,-0.1224,-0.0014,1.4226,2.3672,-0.4400
22.536,0.5049,0.2672,-0.1224,-0.0014,1.4226,2.3676,-0.4400
22.548,0.4977,0.2672,-0.1224,-0.0014,1.4225,2.3679,-0.4400
22.560,0.4904,0.2671,-0.1223,-0.0014,1.4225,2.3682,-0.4400
22.572,0.4832,0.2671,-0.1223,-0.0014,1.4225,2.3685,-0.4400
22.584,0.4760,0.2670,-0.1222,-0.0015,1.4225,2.3688,-0.4400
22.596,0.4688,0.2669,-0.1222,-0.0015,1.4225,2.3691,-0.4400
22.608,0.4615,0.2669,-0.1221,-0.0015,1.4224,2.3694,-0.4400
22.620,0.4543,0.2668,-0.1221,-0.0015,1.4224,2.3697,-0.4400
22.632,0.4471,0.2667,-0.1221,-0.0015,1.4224,2.3700,-0.4400
22.644,0.4398,0.2667,-0.1220,-0.0016,1.4224,2.3703,-0.4400
22.656,0.4326,0.2666,-0.1220,-0.0016,1.4224,2.3706,-0.4400
22.668,0.4254,0.2666,-0.1219,-0.0016,1.4223,2.3709,-0.4400
22.680,0.4182,0.2665,-0.1219,-0.0016,1.4223,2.3712,-0.4400
22.692,0.4109,0.2664,-0.1219,-0.0016,1.4223,2.3715,-0.4400
22.704,0.4037,0.2664,-0.1218,-0.0017,1.4223,2.3718,-0.4400
22.716,0.3964,0.2663,-0.1218,-0.0017,1.4223,2.3721,-0.4400
22.728,0.3892,0.2662,-0.1217,-0.0017,1.4222,2.3724,-0.4400
22.740,0.3820,0.2662,-0.1217,-0.0017,1.4222,2.3727,-0.4400
22.752,0.3747,0.2661,-0.1216,-0.0017,1.4222,2.3730,-0.4400
22.764,0.3675,0.2660,-0.1216,-0.0018,1.4222,2.3734,-0.4400
22.776,0.3603,0.2660,-0.1216,-0.0018,1.4222,2.3737,-0.4400
22.788,0.3530,0.2659,-0.1215,-0.0018,1.4221,2.3740,-0.4400
22.800,0.3458,0.2659,-0.1215,-0.0018,1.4221,2.3743,-0.4400
22.812,0.3386,0.2658,-0.1214,-0.0018,1.4221,2.3746,-0.4400
22.824,0.3313,0.2657,-0.1214,-0.0019,1.4221,2.3749,-0.4400
22.836,0.3241,0.2657,-0.1213,-0.0019,1.4221,2.3752,-0.4400
22.848,0.3169,0.2656,-0.1213,-0.0019,1.4221,2.3755,-0.4400
22.860,0.3096,0.2655,-0.1213,-0.0019,1.4220,2.3758,-0.4400
22.872,0.3024,0.2655,-0.1212,-0.0019,1.4220,2.3761,-0.4400
22.884,0.2951,0.2654,-0.1212,-0.0020,1.4220,2.3764,-0.4400
22.896,0.2879,0.2654,-0.1211,-0.0020,1.4220,2.3767,-0.4400
22.908,0.2807,0.2653,-0.1211,-0.0020,1.4220,2.3770,-0.4400
22.920,0.2734,0.2652,-0.1210,-0.0020,1.4219,2.3773,-0.4400
22.932,0.2662,0.2652,-0.1210,-0.0021,1.4219,2.3776,-0.4400
22.944,0.2590,0.2651,-0.1210,-0.0021,1.4219,2.3779,-0.4400
22.956,0.2517,0.2650,-0.1209,-0.0021,1.4219,2.3782,-0.4400
22.968,0.2445,0.2650,-0.1209,-0.0021,1.4219,2.3785,-0.4400
22.980,0.2372,0.2649,-0.1208,-0.0021,1.4218,2.3788,-0.4400
22.992,0.2300,0.2649,-0.1208,-0.0022,1.4218,2.3792,-0.4400
23.004,0.2228,0.2648,-0.1207,-0.0022,1.4218,2.3795,-0.4400
23.016,0.2155,0.2647,-0.1207,-0.0022,1.4218,2.3798,-0.4400
23.028,0.2083,0.2647,-0.1207,-0.0022,1.4218,2.3801,-0.4400
23.040,0.2011,0.2646,-0.1206,-0.0022,1.4217,2.3804,-0.4400
23.052,0.1938,0.2645,-0.1206,-0.0023,1.4217,2.3807,-0.4400
23.064,0.1866,0.2645,-0.1205,-0.0023,1.4217,2.3810,-0.4400
23.076,0.1793,0.2644,-0.1205,-0.0023,1.4217,2.3813,-0.4400
23.088,0.1721,0.2643,-0.1204,-0.0023,1.4217,2.3816,-0.4400
23.100,0.1649,0.2643,-0.1204,-0.0023,1.4216,2.3819,-0.4400
23.112,0.1576,0.2642,-0.1204,-0.0024,1.4216,2.3822,-0.4400
23.124,0.1504,0.2642,-0.1203,-0.0024,1.4216,2.3825,-0.4400
23.136,0.1432,0.2641,-0.1203,-0.0024,1.4216,2.3828,-0.4400
23.148,0.1359,0.2640,-0.1202,-0.0024,1.4216,2.3831,-0.4400
23.160,0.1287,0.2640,-0.1202,-0.0024,1.4215,2.3834,-0.4400
23.172,0.1215,0.2639,-0.1202,-0.0025,1.4215,2.3837,-0.4400
23.184,0.1142,0.2638,-0.1201,-0.0025,1.4215,2.3840,-0.4400
23.196,0.1070,0.2638,-0.1201,-0.0025,1.4215,2.3843,-0.4400
23.208,0.0997,0.2637,-0.1200,-0.0025,1.4215,2.3847,-0.4400
23.220,0.0925,0.2637,-0.1200,-0.0025,1.4214,2.3850,-0.4400
23.232,0.0853,0.2636,-0.1199,-0.0026,1.4214,2.3853,-0.4400
23.244,0.0780,0.2635,-0.1199,-0.0026,1.4214,2.3856,-0.4400
23.256,0.0708,0.2635,-0.1199,-0.0026,1.4214,2.3859,-0.4400
23.268,0.0636,0.2634,-0.1198,-0.0026,1.4214,2.3862,-0.4400
23.280,0.0563,0.2633,-0.1198,-0.0026,1.4213,2.3865,-0.4400
23.292,0.0491,0.2633,-0.1197,-0.0027,1.4213,2.3868,-0.4400
23.304,0.0418,0.2632,-0.1197,-0.0027,1.4213,2.3871,-0.4400
23.316,0.0346,0.2632,-0.1196,-0.0027,1.4213,2.3874,-0.4400
23.328,0.0274,0.2631,-0.1196,-0.0027,1.4213,2.3877,-0.4400
23.340,0.0201,0.2630,-0.1196,-0.0028,1.4212,2.3880,-0.4400
23.352,0.0129,0.2630,-0.1195,-0.0028,1.4212,2.3883,-0.4400
23.364,0.0057,0.2629,-0.1195,-0.0028,1.4212,2.3886,-0.4400
23.376,-0.0016,0.2628,-0.1194,-0.0028,1.4212,2.3889,-0.4400
23.388,-0.0088,0.2628,-0.1194,-0.0028,1.4212,2.3892,-0.4400
23.400,-0.0161,0.2627,-0.1193,-0.0029,1.4212,2.3895,-0.4400
23.412,-0.0233,0.2626,-0.1193,-0.0029,1.4211,2.3898,-0.4400
23.424,-0.0305,0.2626,-0.1193,-0.0029,1.4211,2.3901,-0.4400
23.436,-0.0378,0.2625,-0.1192,-0.0029,1.4211,2.3905,-0.4400
23.448,-0.0450,0.2625,-0.1192,-0.0029,1.4211,2.3908,-0.4400
23.460,-0.0522,0.2624,-0.1191,-0.0030,1.4211,2.3911,-0.4400
23.472,-0.0595,0.2623,-0.1191,-0.0030,1.4210,2.3914,-0.4400
23.484,-0.0667,0.2623,-0.1190,-0.0030,1.4210,2.3917,-0.4400
23.496,-0.0740,0.2622,-0.1190,-0.0030,1.4210,2.3920,-0.4400
23.508,-0.0812,0.2621,-0.1190,-0.0030,1.4210,2.3923,-0.4400
23.520,-0.0884,0.2621,-0.1189,-0.0031,1.4210,2.3926,-0.4400
23.532,-0.0957,0.2620,-0.1189,-0.0031,1.4209,2.3929,-0.4400
23.544,-0.1029,0.2620,-0.1188,-0.0031,1.4209,2.3932,-0.4400
23.556,-0.1101,0.2619,-0.1188,-0.0031,1.4209,2.3935,-0.4400
23.568,-0.1174,0.2618,-0.1187,-0.0031,1.4209,2.3938,-0.4400
23.580,-0.1246,0.2618,-0.1187,-0.0032,1.4209,2.3941,-0.4400
23.592,-0.1319,0.2617,-0.1187,-0.0032,1.4208,2.3944,-0.4400
23.604,-0.1391,0.2616,-0.1186,-0.0032,1.4208,2.3947,-0.4400
23.616,-0.1463,0.2616,-0.1186,-0.0032,1.4208,2.3950,-0.4400
23.628,-0.1536,0.2615,-0.1185,-0.0032,1.4208,2.3953,-0.4400
23.640,-0.1608,0.2615,-0.1185,-0.0033,1.4208,2.3956,-0.4400
23.652,-0.1680,0.2614,-0.1185,-0.0033,1.4207,2.3960,-0.4400
23.664,-0.1753,0.2613,-0.1184,-0.0033,1.4207,2.3963,-0.4400
23.676,-0.1825,0.2613,-0.1184,-0.0033,1.4207,2.3966,-0.4400
23.688,-0.1898,0.2612,-0.1183,-0.0033,1.4207,2.3969,-0.4400
23.700,-0.1970,0.2611,-0.1183,-0.0034,1.4207,2.3972,-0.4400
23.712,-0.2042,0.2611,-0.1182,-0.0034,1.4206,2.3975,-0.4400
23.724,-0.2115,0.2610,-0.1182,-0.0034,1.4206,2.3978,-0.4400
23.736,-0.2187,0.2609,-0.1182,-0.0034,1.4206,2.3981,-0.4400
23.748,-0.2259,0.2609,-0.1181,-0.0034,1.4206,2.3984,-0.4400
23.760,-0.2332,0.2608,-0.1181,-0.0035,1.4206,2.3987,-0.4400
23.772,-0.2404,0.2608,-0.1180,-0.0035,1.4205,2.3990,-0.4400
23.784,-0.2477,0.2607,-0.1180,-0.0035,1.4205,2.3993,-0.4400
23.796,-0.2549,0.2606,-0.1179,-0.0035,1.4205,2.3996,-0.4400
23.808,-0.2621,0.2606,-0.1179,-0.0036,1.4205,2.3999,-0.4400
23.820,-0.2694,0.2605,-0.1179,-0.0036,1.4205,2.4002,-0.4400
23.832,-0.2766,0.2604,-0.1178,-0.0036,1.4204,2.4005,-0.4400
23.844,-0.2838,0.2604,-0.1178,-0.0036,1.4204,2.4008,-0.4400
23.856,-0.2911,0.2603,-0.1177,-0.0036,1.4204,2.4011,-0.4400
23.868,-0.2983,0.2603,-0.1177,-0.0037,1.4204,2.4015,-0.4400
23.880,-0.3056,0.2602,-0.1176,-0.0037,1.4204,2.4018,-0.4400
23.892,-0.3128,0.2601,-0.1176,-0.0037,1.4203,2.4021,-0.4400
23.904,-0.3200,0.2601,-0.1176,-0.0037,1.4203,2.4024,-0.4400
23.916,-0.3273,0.2600,-0.1175,-0.0037,1.4203,2.4027,-0.4400
23.928,-0.3345,0.2599,-0.1175,-0.0038,1.4203,2.4030,-0.4400
23.940,-0.3417,0.2599,-0.1174,-0.0038,1.4203,2.4033,-0.4400
23.952,-0.3490,0.2598,-0.1174,-0.0038,1.4203,2.4036,-0.4400
23.964,-0.3562,0.2597,-0.1173,-0.0038,1.4202,2.4039,-0.4400
23.976,-0.3635,0.2597,-0.1173,-0.0038,1.4202,2.4042,-0.4400
23.988,-0.3707,0.2596,-0.1173,-0.0039,1.4202,2.4045,-0.4400
24.000,-0.3779,0.2596,-0.1172,-0.0039,1.4202,2.4048,-0.4400
24.012,-0.3852,0.2595,-0.1172,-0.0039,1.4202,2.4051,-0.4400
24.024,-0.3924,0.2594,-0.1171,-0.0039,1.4201,2.4054,-0.4400
24.036,-0.3996,0.2594,-0.1171,-0.0039,1.4201,2.4057,-0.4400
24.048,-0.4069,0.2593,-0.1170,-0.0040,1.4201,2.4060,-0.4400
24.060,-0.4141,0.2592,-0.1170,-0.0040,1.4201,2.4063,-0.4400
24.072,-0.4214,0.2592,-0.1170,-0.0040,1.4201,2.4066,-0.4400
24.084,-0.4286,0.2591,-0.1169,-0.0040,1.4200,2.4069,-0.4400
24.096,-0.4358,0.2591,-0.1169,-0.0040,1.4200,2.4073,-0.4400
24.108,-0.4431,0.2590,-0.1168,-0.0041,1.4200,2.4076,-0.4400
24.120,-0.4503,0.2589,-0.1168,-0.0041,1.4200,2.4079,-0.4400
24.132,-0.4575,0.2589,-0.1168,-0.0041,1.4200,2.4082,-0.4400
24.144,-0.4648,0.2588,-0.1167,-0.0041,1.4199,2.4085,-0.4400
24.156,-0.4720,0.2587,-0.1167,-0.0041,1.4199,2.4088,-0.4400
24.168,-0.4792,0.2587,-0.1166,-0.0042,1.4199,2.4091,-0.4400
24.180,-0.4865,0.2586,-0.1166,-0.0042,1.4199,2.4094,-0.4400
24.192,-0.4937,0.2586,-0.1165,-0.0042,1.4199,2.4097,-0.4400
24.204,-0.5010,0.2585,-0.1165,-0.0042,1.4198,2.4100,-0.4400
24.216,-0.5082,0.2584,-0.1165,-0.0043,1.4198,2.4103,-0.4400
24.228,-0.5154,0.2584,-0.1164,-0.0043,1.4198,2.4106,-0.4400
24.240,-0.5227,0.2583,-0.1164,-0.0043,1.4198,2.4109,-0.4400
24.252,-0.5299,0.2582,-0.1163,-0.0043,1.4198,2.4112,-0.4400
24.264,-0.5371,0.2582,-0.1163,-0.0043,1.4197,2.4115,-0.4400
24.276,-0.5444,0.2581,-0.1162,-0.0044,1.4197,2.4118,-0.4400
24.288,-0.5516,0.2580,-0.1162,-0.0044,1.4197,2.4121,-0.4400
24.300,-0.5589,0.2580,-0.1162,-0.0044,1.4197,2.4124,-0.4400
24.312,-0.5661,0.2579,-0.1161,-0.0044,1.4197,2.4128,-0.4400
24.324,-0.5733,0.2579,-0.1161,-0.0044,1.4196,2.4131,-0.4400
24.336,-0.5806,0.2578,-0.1160,-0.0045,1.4196,2.4134,-0.4400
24.348,-0.5878,0.2577,-0.1160,-0.0045,1.4196,2.4137,-0.4400
24.360,-0.5950,0.2577,-0.1159,-0.0045,1.4196,2.4140,-0.4400
24.372,-0.6023,0.2576,-0.1159,-0.0045,1.4196,2.4143,-0.4400
24.384,-0.6095,0.2575,-0.1159,-0.0045,1.4195,2.4146,-0.4400
24.396,-0.6168,0.2575,-0.1158,-0.0046,1.4195,2.4149,-0.4400
24.408,-0.6240,0.2574,-0.1158,-0.0046,1.4195,2.4152,-0.4400
24.420,-0.6312,0.2574,-0.1157,-0.0046,1.4195,2.4155,-0.4400
24.432,-0.6385,0.2573,-0.1157,-0.0046,1.4195,2.4158,-0.4400
24.444,-0.6457,0.2572,-0.1156,-0.0046,1.4194,2.4161,-0.4400
24.456,-0.6529,0.2572,-0.1156,-0.0047,1.4194,2.4164,-0.4400
24.468,-0.6602,0.2571,-0.1156,-0.0047,1.4194,2.4167,-0.4400
24.480,-0.6674,0.2570,-0.1155,-0.0047,1.4194,2.4170,-0.4400
24.492,-0.6741,0.2570,-0.1155,-0.0047,1.4194,2.4173,-0.4400
24.504,-0.6799,0.2569,-0.1154,-0.0047,1.4194,2.4176,-0.4400
24.516,-0.6851,0.2569,-0.1154,-0.0048,1.4193,2.4178,-0.4400
24.528,-0.6896,0.2568,-0.1154,-0.0048,1.4193,2.4180,-0.4400
24.540,-0.6936,0.2568,-0.1154,-0.0048,1.4193,2.4181,-0.4400
24.552,-0.6971,0.2568,-0.1153,-0.0048,1.4193,2.4183,-0.4400
24.564,-0.7002,0.2568,-0.1153,-0.0048,1.4193,2.4184,-0.4400
24.576,-0.7030,0.2567,-0.1153,-0.0048,1.4193,2.4185,-0.4400
24.588,-0.7053,0.2567,-0.1153,-0.0048,1.4193,2.4186,-0.4400
24.600,-0.7075,0.2567,-0.1153,-0.0048,1.4193,2.4187,-0.4400
24.612,-0.7093,0.2567,-0.1153,-0.0048,1.4193,2.4188,-0.4400
24.624,-0.7109,0.2567,-0.1153,-0.0048,1.4193,2.4189,-0.4400
24.636,-0.7109,0.2567,-0.1153,-0.0048,1.4193,2.4189,-0.4400
24.648,-0.7110,0.2568,-0.1150,-0.0048,1.4189,2.4189,-0.4400
24.660,-0.7110,0.2570,-0.1146,-0.0048,1.4183,2.4188,-0.4400
24.672,-0.7111,0.2573,-0.1140,-0.0048,1.4174,2.4188,-0.4400
24.684,-0.7111,0.2578,-0.1132,-0.0048,1.4162,2.4188,-0.4400
24.696,-0.7112,0.2582,-0.1123,-0.0048,1.4149,2.4187,-0.4400
24.708,-0.7113,0.2588,-0.1113,-0.0047,1.4134,2.4187,-0.4400
24.720,-0.7114,0.2594,-0.1102,-0.0047,1.4117,2.4187,-0.4400
24.732,-0.7115,0.2600,-0.1090,-0.0047,1.4099,2.4186,-0.4400
24.744,-0.7116,0.2607,-0.1077,-0.0047,1.4079,2.4185,-0.4400
24.756,-0.7118,0.2615,-0.1063,-0.0046,1.4058,2.4185,-0.4400
24.768,-0.7119,0.2623,-0.1048,-0.0046,1.4037,2.4184,-0.4400
24.780,-0.7120,0.2631,-0.1034,-0.0046,1.4015,2.4184,-0.4400
24.792,-0.7122,0.2639,-0.1018,-0.0046,1.3991,2.4183,-0.4400
24.804,-0.7123,0.2647,-0.1002,-0.0045,1.3968,2.4182,-0.4400
24.816,-0.7125,0.2656,-0.0986,-0.0045,1.3943,2.4182,-0.4400
24.828,-0.7126,0.2665,-0.0969,-0.0045,1.3919,2.4181,-0.4400
24.840,-0.7128,0.2674,-0.0952,-0.0044,1.3893,2.4180,-0.4400
24.852,-0.7129,0.2683,-0.0935,-0.0044,1.3868,2.4179,-0.4400
24.864,-0.7131,0.2693,-0.0918,-0.0044,1.3842,2.4179,-0.4400
24.876,-0.7133,0.2702,-0.0900,-0.0043,1.3815,2.4178,-0.4400
24.888,-0.7134,0.2712,-0.0883,-0.0043,1.3789,2.4177,-0.4400
24.900,-0.7136,0.2721,-0.0865,-0.0042,1.3762,2.4176,-0.4400
24.912,-0.7137,0.2731,-0.0847,-0.0042,1.3735,2.4176,-0.4400
24.924,-0.7139,0.2741,-0.0828,-0.0042,1.3708,2.4175,-0.4400
24.936,-0.7141,0.2751,-0.0810,-0.0041,1.3681,2.4174,-0.4400
24.948,-0.7143,0.2761,-0.0792,-0.0041,1.3653,2.4173,-0.4400
24.960,-0.7144,0.2771,-0.0773,-0.0041,1.3625,2.4173,-0.4400
24.972,-0.7146,0.2780,-0.0755,-0.0040,1.3598,2.4172,-0.4400
24.984,-0.7148,0.2790,-0.0736,-0.0040,1.3570,2.4171,-0.4400
24.996,-0.7149,0.2801,-0.0717,-0.0039,1.3542,2.4170,-0.4400
25.008,-0.7151,0.2811,-0.0699,-0.0039,1.3514,2.4169,-0.4400
25.020,-0.7153,0.2821,-0.0680,-0.0039,1.3486,2.4169,-0.4400
25.032,-0.7155,0.2831,-0.0661,-0.0038,1.3458,2.4168,-0.4400
25.044,-0.7156,0.2841,-0.0642,-0.0038,1.3430,2.4167,-0.4400
25.056,-0.7158,0.2851,-0.0624,-0.0038,1.3402,2.4166,-0.4400
25.068,-0.7160,0.2861,-0.0605,-0.0037,1.3373,2.4165,-0.4400
25.080,-0.7161,0.2871,-0.0586,-0.0037,1.3345,2.4165,-0.4400
25.092,-0.7163,0.2881,-0.0567,-0.0036,1.3317,2.4164,-0.4400
25.104,-0.7165,0.2892,-0.0548,-0.0036,1.3289,2.4163,-0.4400
25.116,-0.7167,0.2902,-0.0529,-0.0036,1.3260,2.4162,-0.4400
25.128,-0.7168,0.2912,-0.0510,-0.0035,1.3232,2.4161,-0.4400
25.140,-0.7170,0.2922,-0.0491,-0.0035,1.3203,2.4161,-0.4400
25.152,-0.7172,0.2932,-0.0472,-0.0034,1.3175,2.4160,-0.4400
25.164,-0.7174,0.2943,-0.0453,-0.0034,1.3147,2.4159,-0.4400
25.176,-0.7175,0.2953,-0.0434,-0.0034,1.3118,2.4158,-0.4400
25.188,-0.7177,0.2963,-0.0415,-0.0033,1.3090,2.4157,-0.4400
25.200,-0.7179,0.2973,-0.0396,-0.0033,1.3061,2.4157,-0.4400
25.212,-0.7181,0.2983,-0.0377,-0.0033,1.3033,2.4156,-0.4400
25.224,-0.7182,0.2994,-0.0358,-0.0032,1.3004,2.4155,-0.4400
25.236,-0.7184,0.3004,-0.0339,-0.0032,1.2976,2.4154,-0.4400
25.248,-0.7186,0.3014,-0.0320,-0.0031,1.2948,2.4153,-0.4400
25.260,-0.7188,0.3024,-0.0301,-0.0031,1.2919,2.4153,-0.4400
25.272,-0.7189,0.3035,-0.0282,-0.0031,1.2891,2.4152,-0.4400
25.284,-0.7191,0.3045,-0.0263,-0.0030,1.2862,2.4151,-0.4400
25.296,-0.7193,0.3055,-0.0244,-0.0030,1.2834,2.4150,-0.4400
25.308,-0.7195,0.3065,-0.0225,-0.0029,1.2805,2.4149,-0.4400
25.320,-0.7196,0.3076,-0.0206,-0.0029,1.2777,2.4149,-0.4400
25.332,-0.7198,0.3086,-0.0187,-0.0029,1.2748,2.4148,-0.4400
25.344,-0.7200,0.3096,-0.0167,-0.0028,1.2720,2.4147,-0.4400
25.356,-0.7202,0.3106,-0.0148,-0.0028,1.2691,2.4146,-0.4400
25.368,-0.7203,0.3117,-0.0129,-0.0028,1.2663,2.4145,-0.4400
25.380,-0.7205,0.3127,-0.0110,-0.0027,1.2634,2.4145,-0.4400
25.392,-0.7207,0.3137,-0.0091,-0.0027,1.2606,2.4144,-0.4400
25.404,-0.7209,0.3147,-0.0072,-0.0026,1.2577,2.4143,-0.4400
25.416,-0.7210,0.3158,-0.0053,-0.0026,1.2549,2.4142,-0.4400
25.428,-0.7212,0.3168,-0.0034,-0.0026,1.2520,2.4141,-0.4400
25.440,-0.7214,0.3178,-0.0015,-0.0025,1.2492,2.4140,-0.4400
25.452,-0.7216,0.3188,0.0004,-0.0025,1.2463,2.4140,-0.4400
25.464,-0.7217,0.3199,0.0023,-0.0024,1.2435,2.4139,-0.4400
25.476,-0.7219,0.3209,0.0042,-0.0024,1.2406,2.4138,-0.4400
25.488,-0.7221,0.3219,0.0061,-0.0024,1.2378,2.4137,-0.4400
25.500,-0.7223,0.3229,0.0080,-0.0023,1.2349,2.4136,-0.4400
25.512,-0.7224,0.3240,0.0099,-0.0023,1.2321,2.4136,-0.4400
25.524,-0.7226,0.3250,0.0118,-0.0022,1.2292,2.4135,-0.4400
25.536,-0.7228,0.3260,0.0138,-0.0022,1.2264,2.4134,-0.4400
25.548,-0.7230,0.3270,0.0157,-0.0022,1.2235,2.4133,-0.4400
25.560,-0.7231,0.3281,0.0176,-0.0021,1.2207,2.4132,-0.4400
25.572,-0.7233,0.3291,0.0195,-0.0021,1.2178,2.4132,-0.4400
25.584,-0.7235,0.3301,0.0214,-0.0021,1.2150,2.4131,-0.4400
25.596,-0.7237,0.3311,0.0233,-0.0020,1.2121,2.4130,-0.4400
25.608,-0.7238,0.3321,0.0252,-0.0020,1.2093,2.4129,-0.4400
25.620,-0.7240,0.3332,0.0271,-0.0019,1.2064,2.4128,-0.4400
25.632,-0.7242,0.3342,0.0290,-0.0019,1.2036,2.4128,-0.4400
25.644,-0.7244,0.3352,0.0309,-0.0019,1.2007,2.4127,-0.4400
25.656,-0.7245,0.3362,0.0328,-0.0018,1.1979,2.4126,-0.4400
25.668,-0.7247,0.3373,0.0347,-0.0018,1.1950,2.4125,-0.4400
25.680,-0.7249,0.3383,0.0366,-0.0017,1.1921,2.4124,-0.4400
25.692,-0.7251,0.3393,0.0385,-0.0017,1.1893,2.4124,-0.4400
25.704,-0.7252,0.3403,0.0404,-0.0017,1.1864,2.4123,-0.4400
25.716,-0.7254,0.3414,0.0424,-0.0016,1.1836,2.4122,-0.4400
25.728,-0.7256,0.3424,0.0443,-0.0016,1.1807,2.4121,-0.4400
25.740,-0.7258,0.3434,0.0462,-0.0016,1.1779,2.4120,-0.4400
25.752,-0.7259,0.3444,0.0481,-0.0015,1.1750,2.4119,-0.4400
25.764,-0.7261,0.3455,0.0500,-0.0015,1.1722,2.4119,-0.4400
25.776,-0.7263,0.3465,0.0519,-0.0014,1.1693,2.4118,-0.4400
25.788,-0.7265,0.3475,0.0538,-0.0014,1.1665,2.4117,-0.4400
25.800,-0.7266,0.3485,0.0557,-0.0014,1.1636,2.4116,-0.4400
25.812,-0.7268,0.3496,0.0576,-0.0013,1.1608,2.4115,-0.4400
25.824,-0.7270,0.3506,0.0595,-0.0013,1.1579,2.4115,-0.4400
25.836,-0.7272,0.3516,0.0614,-0.0012,1.1551,2.4114,-0.4400
25.848,-0.7273,0.3526,0.0633,-0.0012,1.1522,2.4113,-0.4400
25.860,-0.7275,0.3537,0.0652,-0.0012,1.1494,2.4112,-0.4400
25.872,-0.7277,0.3547,0.0671,-0.0011,1.1465,2.4111,-0.4400
25.884,-0.7279,0.3557,0.0690,-0.0011,1.1437,2.4111,-0.4400
25.896,-0.7280,0.3567,0.0710,-0.0011,1.1408,2.4110,-0.4400
25.908,-0.7282,0.3578,0.0729,-0.0010,1.1380,2.4109,-0.4400
25.920,-0.7284,0.3588,0.0748,-0.0010,1.1351,2.4108,-0.4400
25.932,-0.7286,0.3598,0.0767,-0.0009,1.1323,2.4107,-0.4400
25.944,-0.7287,0.3608,0.0786,-0.0009,1.1294,2.4107,-0.4400
25.956,-0.7289,0.3619,0.0805,-0.0009,1.1266,2.4106,-0.4400
25.968,-0.7291,0.3629,0.0824,-0.0008,1.1237,2.4105,-0.4400
25.980,-0.7293,0.3639,0.0843,-0.0008,1.1209,2.4104,-0.4400
25.992,-0.7294,0.3649,0.0862,-0.0007,1.1180,2.4103,-0.4400
26.004,-0.7296,0.3660,0.0881,-0.0007,1.1152,2.4103,-0.4400
26.016,-0.7298,0.3670,0.0900,-0.0007,1.1123,2.4102,-0.4400
26.028,-0.7300,0.3680,0.0919,-0.0006,1.1095,2.4101,-0.4400
26.040,-0.7301,0.3690,0.0938,-0.0006,1.1066,2.4100,-0.4400
26.052,-0.7303,0.3701,0.0957,-0.0005,1.1038,2.4099,-0.4400
26.064,-0.7305,0.3711,0.0976,-0.0005,1.1009,2.4099,-0.4400
26.076,-0.7307,0.3721,0.0996,-0.0005,1.0981,2.4098,-0.4400
26.088,-0.7308,0.3731,0.1015,-0.0004,1.0952,2.4097,-0.4400
26.100,-0.7310,0.3742,0.1034,-0.0004,1.0924,2.4096,-0.4400
26.112,-0.7312,0.3752,0.1053,-0.0004,1.0895,2.4095,-0.4400
26.124,-0.7314,0.3762,0.1072,-0.0003,1.0867,2.4094,-0.4400
26.136,-0.7315,0.3772,0.1091,-0.0003,1.0838,2.4094,-0.4400
26.148,-0.7317,0.3781,0.1108,-0.0002,1.0813,2.4093,-0.4400
26.160,-0.7318,0.3789,0.1122,-0.0002,1.0791,2.4092,-0.4400
26.172,-0.7319,0.3796,0.1135,-0.0002,1.0772,2.4092,-0.4400
26.184,-0.7320,0.3802,0.1147,-0.0002,1.0754,2.4091,-0.4400
26.196,-0.7321,0.3808,0.1157,-0.0001,1.0739,2.4091,-0.4400
26.208,-0.7322,0.3813,0.1166,-0.0001,1.0726,2.4090,-0.4400
26.220,-0.7323,0.3817,0.1174,-0.0001,1.0715,2.4090,-0.4395
26.232,-0.7324,0.3820,0.1180,-0.0001,1.0704,2.4090,-0.4385
26.244,-0.7324,0.3824,0.1186,-0.0001,1.0695,2.4090,-0.4371
26.256,-0.7325,0.3827,0.1192,-0.0001,1.0687,2.4089,-0.4353
26.268,-0.7325,0.3829,0.1196,-0.0001,1.0680,2.4089,-0.4332
26.280,-0.7325,0.3831,0.1201,-0.0001,1.0674,2.4089,-0.4309
26.292,-0.7326,0.3833,0.1204,-0.0000,1.0669,2.4089,-0.4283
26.304,-0.7326,0.3835,0.1207,-0.0000,1.0664,2.4089,-0.4255
26.316,-0.7326,0.3836,0.1210,-0.0000,1.0660,2.4089,-0.4225
26.328,-0.7327,0.3838,0.1213,-0.0000,1.0656,2.4089,-0.4193
26.340,-0.7327,0.3839,0.1215,-0.0000,1.0653,2.4088,-0.4160
26.352,-0.7327,0.3840,0.1217,-0.0000,1.0650,2.4088,-0.4125
26.364,-0.7327,0.3841,0.1218,-0.0000,1.0648,2.4088,-0.4089
26.376,-0.7327,0.3842,0.1220,-0.0000,1.0645,2.4088,-0.4053
26.388,-0.7327,0.3842,0.1221,-0.0000,1.0643,2.4088,-0.4015
26.400,-0.7327,0.3843,0.1222,-0.0000,1.0642,2.4088,-0.3977
26.412,-0.7327,0.3844,0.1223,-0.0000,1.0640,2.4088,-0.3938
26.424,-0.7328,0.3844,0.1224,-0.0000,1.0639,2.4088,-0.3898
26.436,-0.7328,0.3844,0.1225,-0.0000,1.0638,2.4088,-0.3858
26.448,-0.7328,0.3845,0.1226,-0.0000,1.0637,2.4088,-0.3818
26.460,-0.7328,0.3845,0.1226,-0.0000,1.0636,2.4088,-0.3777
26.472,-0.7328,0.3845,0.1227,-0.0000,1.0635,2.4088,-0.3735
26.484,-0.7328,0.3846,0.1227,-0.0000,1.0634,2.4088,-0.3694
26.496,-0.7328,0.3846,0.1228,-0.0000,1.0634,2.4088,-0.3652
26.508,-0.7328,0.3846,0.1228,-0.0000,1.0633,2.4088,-0.3609
26.520,-0.7328,0.3846,0.1228,0.0000,1.0633,2.4088,-0.3567
26.532,-0.7328,0.3846,0.1229,0.0000,1.0632,2.4088,-0.3524
26.544,-0.7328,0.3847,0.1229,0.0000,1.0632,2.4088,-0.3482
26.556,-0.7328,0.3847,0.1229,0.0000,1.0631,2.4088,-0.3439
26.568,-0.7328,0.3847,0.1229,0.0000,1.0631,2.4088,-0.3396
26.580,-0.7328,0.3847,0.1229,0.0000,1.0631,2.4088,-0.3353
26.592,-0.7328,0.3847,0.1230,0.0000,1.0631,2.4088,-0.3309
26.604,-0.7328,0.3847,0.1230,0.0000,1.0631,2.4088,-0.3266
26.616,-0.7328,0.3847,0.1230,0.0000,1.0630,2.4088,-0.3222
26.628,-0.7328,0.3847,0.1230,0.0000,1.0630,2.4088,-0.3179
26.640,-0.7328,0.3847,0.1230,0.0000,1.0630,2.4088,-0.3135
26.652,-0.7328,0.3847,0.1230,0.0000,1.0630,2.4088,-0.3092
26.664,-0.7328,0.3847,0.1230,0.0000,1.0630,2.4088,-0.3048
26.676,-0.7328,0.3847,0.1230,0.0000,1.0630,2.4088,-0.3004
26.688,-0.7328,0.3847,0.1230,0.0000,1.0630,2.4088,-0.2961
26.700,-0.7328,0.3847,0.1230,0.0000,1.0630,2.4088,-0.2917
26.712,-0.7328,0.3847,0.1230,0.0000,1.0630,2.4088,-0.2873
26.724,-0.7328,0.3847,0.1230,0.0000,1.0629,2.4088,-0.2829
26.736,-0.7328,0.3847,0.1230,0.0000,1.0629,2.4088,-0.2786
26.748,-0.7328,0.3847,0.1231,0.0000,1.0629,2.4088,-0.2742
26.760,-0.7328,0.3847,0.1231,0.0000,1.0629,2.4088,-0.2698
26.772,-0.7328,0.3847,0.1231,0.0000,1.0629,2.4088,-0.2654
26.784,-0.7328,0.3847,0.1231,0.0000,1.0629,2.4088,-0.2610
26.796,-0.7328,0.3847,0.1231,0.0000,1.0629,2.4088,-0.2566
26.808,-0.7328,0.3847,0.1231,0.0000,1.0629,2.4088,-0.2522
26.820,-0.7328,0.3847,0.1231,0.0000,1.0629,2.4088,-0.2478
26.832,-0.7328,0.3847,0.1231,0.0000,1.0629,2.4088,-0.2434
26.844,-0.7328,0.3847,0.1231,0.0000,1.0629,2.4088,-0.2390
26.856,-0.7328,0.3847,0.1231,0.0000,1.0629,2.4088,-0.2346
26.868,-0.7328,0.3847,0.1231,0.0000,1.0629,2.4088,-0.2302
26.880,-0.7328,0.3847,0.1231,0.0000,1.0629,2.4088,-0.2258
26.892,-0.7328,0.3847,0.1231,0.0000,1.0629,2.4088,-0.2214
26.904,-0.7328,0.3847,0.1231,0.0000,1.0629,2.4088,-0.2170
26.916,-0.7328,0.3847,0.1231,0.0000,1.0629,2.4088,-0.2126
26.928,-0.7328,0.3847,0.1231,0.0000,1.0629,2.4088,-0.2083
26.940,-0.7328,0.3847,0.1231,0.0000,1.0629,2.4088,-0.2039
26.952,-0.7328,0.3847,0.1231,0.0000,1.0629,2.4088,-0.1995
26.964,-0.7328,0.3847,0.1231,0.0000,1.0629,2.4088,-0.1951
26.976,-0.7328,0.3847,0.1231,0.0000,1.0629,2.4088,-0.1907
26.988,-0.7328,0.3847,0.1231,0.0000,1.0629,2.4088,-0.1863
27.000,-0.7328,0.3847,0.1231,0.0000,1.0629,2.4088,-0.1819
27.012,-0.7328,0.3847,0.1231,0.0000,1.0629,2.4088,-0.1775
27.024,-0.7328,0.3847,0.1231,0.0000,1.0629,2.4088,-0.1731
27.036,-0.7328,0.3847,0.1231,0.0000,1.0629,2.4088,-0.1687
27.048,-0.7328,0.3847,0.1231,0.0000,1.0629,2.4088,-0.1643
27.060,-0.7328,0.3847,0.1231,0.0000,1.0629,2.4088,-0.1599
27.072,-0.7328,0.3848,0.1231,0.0000,1.0629,2.4088,-0.1555
27.084,-0.7328,0.3848,0.1231,0.0000,1.0629,2.4088,-0.1511
27.096,-0.7328,0.3848,0.1231,0.0000,1.0629,2.4088,-0.1467
27.108,-0.7328,0.3848,0.1231,0.0000,1.0629,2.4088,-0.1423
27.120,-0.7328,0.3848,0.1231,0.0000,1.0629,2.4088,-0.1379
27.132,-0.7328,0.3848,0.1231,0.0000,1.0629,2.4088,-0.1335
27.144,-0.7328,0.3848,0.1231,0.0000,1.0629,2.4088,-0.1291
27.156,-0.7328,0.3848,0.1231,0.0000,1.0629,2.4088,-0.1247
27.168,-0.7328,0.3848,0.1231,0.0000,1.0629,2.4088,-0.1203
27.180,-0.7328,0.3848,0.1231,0.0000,1.0629,2.4088,-0.1159
27.192,-0.7328,0.3848,0.1231,0.0000,1.0629,2.4088,-0.1115
27.204,-0.7328,0.3848,0.1231,0.0000,1.0629,2.4088,-0.1071
27.216,-0.7328,0.3848,0.1231,0.0000,1.0629,2.4088,-0.1027
27.228,-0.7328,0.3848,0.1231,0.0000,1.0629,2.4088,-0.0983
27.240,-0.7328,0.3848,0.1231,0.0000,1.0629,2.4088,-0.0939
27.252,-0.7328,0.3848,0.1231,0.0000,1.0629,2.4088,-0.0895
27.264,-0.7328,0.3848,0.1231,0.0000,1.0629,2.4088,-0.0851
27.276,-0.7328,0.3848,0.1231,0.0000,1.0629,2.4088,-0.0807
27.288,-0.7328,0.3848,0.1231,0.0000,1.0629,2.4088,-0.0763
27.300,-0.7328,0.3848,0.1231,0.0000,1.0629,2.4088,-0.0719
27.312,-0.7328,0.3848,0.1231,0.0000,1.0629,2.4088,-0.0675
27.324,-0.7328,0.3848,0.1231,0.0000,1.0629,2.4088,-0.0631
27.336,-0.7328,0.3848,0.1231,0.0000,1.0629,2.4088,-0.0587
27.348,-0.7328,0.3848,0.1231,0.0000,1.0629,2.4088,-0.0543
27.360,-0.7328,0.3848,0.1231,0.0000,1.0629,2.4088,-0.0499
27.372,-0.7328,0.3848,0.1231,0.0000,1.0629,2.4088,-0.0455
27.384,-0.7328,0.3848,0.1231,0.0000,1.0629,2.4088,-0.0411
27.396,-0.7328,0.3848,0.1231,0.0000,1.0629,2.4088,-0.0367
27.408,-0.7328,0.3848,0.1231,0.0000,1.0629,2.4088,-0.0323
27.420,-0.7328,0.3848,0.1231,0.0000,1.0629,2.4088,-0.0284
27.432,-0.7328,0.3848,0.1231,0.0000,1.0629,2.4088,-0.0250
27.444,-0.7328,0.3848,0.1231,0.0000,1.0629,2.4088,-0.0220
27.456,-0.7328,0.3846,0.1228,0.0000,1.0632,2.4088,-0.0194
27.468,-0.7328,0.3844,0.1224,-0.0000,1.0639,2.4088,-0.0170
27.480,-0.7328,0.3841,0.1218,-0.0000,1.0648,2.4088,-0.0150
27.492,-0.7327,0.3837,0.1210,-0.0000,1.0659,2.4089,-0.0132
27.504,-0.7327,0.3832,0.1201,-0.0001,1.0673,2.4089,-0.0116
27.516,-0.7327,0.3826,0.1191,-0.0001,1.0688,2.4089,-0.0102
27.528,-0.7326,0.3820,0.1180,-0.0001,1.0705,2.4090,-0.0090
27.540,-0.7326,0.3814,0.1168,-0.0001,1.0723,2.4091,-0.0079
27.552,-0.7325,0.3807,0.1155,-0.0002,1.0743,2.4091,-0.0070
27.564,-0.7324,0.3799,0.1141,-0.0002,1.0763,2.4092,-0.0061
27.576,-0.7324,0.3791,0.1127,-0.0002,1.0785,2.4092,-0.0054
27.588,-0.7323,0.3783,0.1112,-0.0002,1.0807,2.4093,-0.0047
27.600,-0.7323,0.3775,0.1096,-0.0003,1.0830,2.4094,-0.0042
27.612,-0.7322,0.3767,0.1080,-0.0003,1.0854,2.4094,-0.0037
27.624,-0.7321,0.3758,0.1064,-0.0003,1.0878,2.4095,-0.0032
27.636,-0.7321,0.3749,0.1047,-0.0004,1.0903,2.4096,-0.0028
27.648,-0.7320,0.3740,0.1031,-0.0004,1.0928,2.4097,-0.0025
27.660,-0.7319,0.3731,0.1013,-0.0004,1.0954,2.4097,-0.0022
27.672,-0.7318,0.3721,0.0996,-0.0005,1.0980,2.4098,-0.0019
27.684,-0.7318,0.3712,0.0978,-0.0005,1.1006,2.4099,-0.0017
27.696,-0.7317,0.3702,0.0961,-0.0005,1.1033,2.4100,-0.0015
27.708,-0.7316,0.3693,0.0943,-0.0006,1.1060,2.4101,-0.0013
27.720,-0.7315,0.3683,0.0925,-0.0006,1.1087,2.4101,-0.0012
27.732,-0.7315,0.3673,0.0907,-0.0007,1.1114,2.4102,-0.0010
27.744,-0.7314,0.3663,0.0888,-0.0007,1.1141,2.4103,-0.0009
27.756,-0.7313,0.3653,0.0870,-0.0007,1.1169,2.4104,-0.0008
27.768,-0.7312,0.3643,0.0851,-0.0008,1.1196,2.4105,-0.0007
27.780,-0.7312,0.3633,0.0833,-0.0008,1.1224,2.4105,-0.0006
27.792,-0.7311,0.3623,0.0814,-0.0008,1.1252,2.4106,-0.0005
27.804,-0.7310,0.3613,0.0796,-0.0009,1.1280,2.4107,-0.0005
27.816,-0.7309,0.3603,0.0777,-0.0009,1.1308,2.4108,-0.0004
27.828,-0.7309,0.3593,0.0758,-0.0010,1.1336,2.4109,-0.0004
27.840,-0.7308,0.3583,0.0739,-0.0010,1.1364,2.4110,-0.0003
27.852,-0.7307,0.3573,0.0721,-0.0010,1.1392,2.4110,-0.0003
27.864,-0.7306,0.3563,0.0702,-0.0011,1.1420,2.4111,-0.0003
27.876,-0.7305,0.3553,0.0683,-0.0011,1.1448,2.4112,-0.0002
27.888,-0.7305,0.3543,0.0664,-0.0012,1.1477,2.4113,-0.0002
27.900,-0.7304,0.3532,0.0645,-0.0012,1.1505,2.4114,-0.0002
27.912,-0.7303,0.3522,0.0626,-0.0012,1.1533,2.4115,-0.0002
27.924,-0.7302,0.3512,0.0607,-0.0013,1.1562,2.4115,-0.0001
27.936,-0.7301,0.3502,0.0588,-0.0013,1.1590,2.4116,-0.0001
27.948,-0.7301,0.3492,0.0569,-0.0013,1.1618,2.4117,-0.0001
27.960,-0.7300,0.3481,0.0550,-0.0014,1.1647,2.4118,-0.0001
27.972,-0.7299,0.3471,0.0531,-0.0014,1.1675,2.4119,-0.0001
27.984,-0.7298,0.3461,0.0512,-0.0015,1.1703,2.4120,-0.0001
27.996,-0.7297,0.3451,0.0493,-0.0015,1.1732,2.4121,-0.0001
28.008,-0.7297,0.3441,0.0474,-0.0015,1.1760,2.4121,-0.0001
28.020,-0.7296,0.3430,0.0455,-0.0016,1.1789,2.4122,-0.0000
28.032,-0.7295,0.3420,0.0436,-0.0016,1.1817,2.4123,-0.0000
28.044,-0.7294,0.3410,0.0417,-0.0017,1.1846,2.4124,-0.0000
28.056,-0.7294,0.3400,0.0398,-0.0017,1.1874,2.4125,-0.0000
28.068,-0.7293,0.3389,0.0379,-0.0017,1.1903,2.4126,-0.0000
28.080,-0.7292,0.3379,0.0360,-0.0018,1.1931,2.4126,-0.0000
28.092,-0.7291,0.3369,0.0341,-0.0018,1.1960,2.4127,-0.0000
28.104,-0.7290,0.3359,0.0322,-0.0019,1.1988,2.4128,-0.0000
28.116,-0.7290,0.3348,0.0303,-0.0019,1.2017,2.4129,-0.0000
28.128,-0.7289,0.3338,0.0284,-0.0019,1.2045,2.4130,-0.0000
28.140,-0.7288,0.3328,0.0265,-0.0020,1.2074,2.4131,-0.0000
28.152,-0.7287,0.3318,0.0246,-0.0020,1.2102,2.4132,-0.0000
28.164,-0.7286,0.3307,0.0227,-0.0020,1.2131,2.4132,-0.0000
28.176,-0.7286,0.3297,0.0208,-0.0021,1.2159,2.4133,-0.0000
28.188,-0.7285,0.3287,0.0189,-0.0021,1.2188,2.4134,-0.0000
28.200,-0.7284,0.3277,0.0170,-0.0022,1.2216,2.4135,-0.0000
28.212,-0.7283,0.3266,0.0151,-0.0022,1.2245,2.4136,-0.0000
28.224,-0.7282,0.3256,0.0131,-0.0022,1.2273,2.4137,-0.0000
28.236,-0.7282,0.3246,0.0112,-0.0023,1.2302,2.4137,-0.0000
28.248,-0.7281,0.3236,0.0093,-0.0023,1.2330,2.4138,-0.0000
28.260,-0.7280,0.3225,0.0074,-0.0024,1.2359,2.4139,-0.0000
28.272,-0.7279,0.3215,0.0055,-0.0024,1.2387,2.4140,-0.0000
28.284,-0.7278,0.3205,0.0036,-0.0024,1.2416,2.4141,-0.0000
28.296,-0.7278,0.3195,0.0017,-0.0025,1.2444,2.4142,-0.0000
28.308,-0.7277,0.3184,-0.0002,-0.0025,1.2473,2.4143,-0.0000
28.320,-0.7276,0.3174,-0.0021,-0.0026,1.2501,2.4143,-0.0000
28.332,-0.7275,0.3164,-0.0040,-0.0026,1.2530,2.4144,-0.0000
28.344,-0.7275,0.3154,-0.0059,-0.0026,1.2558,2.4145,-0.0000
28.356,-0.7274,0.3143,-0.0078,-0.0027,1.2587,2.4146,-0.0000
28.368,-0.7273,0.3133,-0.0097,-0.0027,1.2615,2.4147,-0.0000
28.380,-0.7272,0.3123,-0.0116,-0.0027,1.2644,2.4148,-0.0000
28.392,-0.7271,0.3113,-0.0135,-0.0028,1.2672,2.4149,-0.0000
28.404,-0.7271,0.3102,-0.0154,-0.0028,1.2701,2.4149,-0.0000
28.416,-0.7270,0.3092,-0.0173,-0.0029,1.2729,2.4150,-0.0000
28.428,-0.7269,0.3082,-0.0193,-0.0029,1.2758,2.4151,-0.0000
28.440,-0.7268,0.3072,-0.0212,-0.0029,1.2786,2.4152,-0.0000
28.452,-0.7267,0.3061,-0.0231,-0.0030,1.2815,2.4153,-0.0000
28.464,-0.7267,0.3051,-0.0250,-0.0030,1.2843,2.4154,-0.0000
28.476,-0.7266,0.3041,-0.0269,-0.0031,1.2872,2.4154,-0.0000
28.488,-0.7265,0.3030,-0.0288,-0.0031,1.2900,2.4155,-0.0000
28.500,-0.7264,0.3020,-0.0307,-0.0031,1.2929,2.4156,-0.0000
28.512,-0.7263,0.3010,-0.0326,-0.0032,1.2957,2.4157,-0.0000
28.524,-0.7263,0.3000,-0.0345,-0.0032,1.2986,2.4158,-0.0000
28.536,-0.7262,0.2989,-0.0364,-0.0033,1.3014,2.4159,-0.0000
28.548,-0.7261,0.2979,-0.0383,-0.0033,1.3043,2.4160,-0.0000
28.560,-0.7260,0.2969,-0.0402,-0.0033,1.3071,2.4160,-0.0000
28.572,-0.7259,0.2959,-0.0421,-0.0034,1.3100,2.4161,-0.0000
28.584,-0.7259,0.2948,-0.0440,-0.0034,1.3128,2.4162,-0.0000
28.596,-0.7258,0.2938,-0.0459,-0.0034,1.3157,2.4163,-0.0000
28.608,-0.7257,0.2928,-0.0478,-0.0035,1.3185,2.4164,-0.0000
28.620,-0.7256,0.2918,-0.0498,-0.0035,1.3214,2.4165,-0.0000
28.632,-0.7255,0.2907,-0.0517,-0.0036,1.3242,2.4165,-0.0000
28.644,-0.7255,0.2897,-0.0536,-0.0036,1.3271,2.4166,-0.0000
28.656,-0.7254,0.2887,-0.0555,-0.0036,1.3299,2.4167,-0.0000
28.668,-0.7253,0.2877,-0.0574,-0.0037,1.3328,2.4168,-0.0000
28.680,-0.7252,0.2866,-0.0593,-0.0037,1.3356,2.4169,-0.0000
28.692,-0.7252,0.2856,-0.0612,-0.0038,1.3385,2.4170,-0.0000
28.704,-0.7251,0.2846,-0.0631,-0.0038,1.3413,2.4171,-0.0000
28.716,-0.7250,0.2836,-0.0650,-0.0038,1.3442,2.4171,-0.0000
28.728,-0.7249,0.2825,-0.0669,-0.0039,1.3470,2.4172,-0.0000
28.740,-0.7248,0.2815,-0.0688,-0.0039,1.3499,2.4173,-0.0000
28.752,-0.7248,0.2805,-0.0707,-0.0040,1.3527,2.4174,-0.0000
28.764,-0.7247,0.2795,-0.0726,-0.0040,1.3556,2.4175,-0.0000
28.776,-0.7246,0.2784,-0.0745,-0.0040,1.3584,2.4176,-0.0000
28.788,-0.7245,0.2774,-0.0764,-0.0041,1.3613,2.4176,-0.0000
28.800,-0.7244,0.2764,-0.0783,-0.0041,1.3641,2.4177,-0.0000
28.812,-0.7244,0.2754,-0.0802,-0.0041,1.3670,2.4178,-0.0000
28.824,-0.7243,0.2743,-0.0822,-0.0042,1.3698,2.4179,-0.0000
28.836,-0.7242,0.2733,-0.0841,-0.0042,1.3727,2.4180,-0.0000
28.848,-0.7241,0.2723,-0.0860,-0.0043,1.3755,2.4181,-0.0000
28.860,-0.7240,0.2713,-0.0879,-0.0043,1.3784,2.4182,-0.0000
28.872,-0.7240,0.2702,-0.0898,-0.0043,1.3812,2.4182,-0.0000
28.884,-0.7239,0.2692,-0.0917,-0.0044,1.3841,2.4183,-0.0000
28.896,-0.7238,0.2682,-0.0936,-0.0044,1.3869,2.4184,-0.0000
28.908,-0.7237,0.2672,-0.0955,-0.0045,1.3898,2.4185,-0.0000
28.920,-0.7236,0.2661,-0.0974,-0.0045,1.3926,2.4186,-0.0000
28.932,-0.7236,0.2651,-0.0993,-0.0045,1.3955,2.4187,-0.0000
28.944,-0.7235,0.2641,-0.1012,-0.0046,1.3983,2.4188,-0.0000
28.956,-0.7234,0.2632,-0.1029,-0.0046,1.4008,2.4188,-0.0000
28.968,-0.7234,0.2624,-0.1044,-0.0046,1.4031,2.4189,-0.0000
28.980,-0.7233,0.2617,-0.1057,-0.0047,1.4050,2.4189,-0.0000
28.992,-0.7233,0.2611,-0.1068,-0.0047,1.4067,2.4190,-0.0000
29.004,-0.7232,0.2605,-0.1078,-0.0047,1.4082,2.4190,-0.0000
29.016,-0.7232,0.2605,-0.1078,-0.0047,1.4082,2.4190,-0.0000
29.028,-0.7228,0.2604,-0.1078,-0.0047,1.4074,2.4177,-0.0000
29.040,-0.7220,0.2601,-0.1076,-0.0047,1.4059,2.4150,-0.0000
29.052,-0.7209,0.2597,-0.1075,-0.0047,1.4037,2.4113,-0.0000
29.064,-0.7195,0.2592,-0.1073,-0.0047,1.4010,2.4067,-0.0000
29.076,-0.7179,0.2586,-0.1070,-0.0047,1.3978,2.4012,-0.0000
29.088,-0.7160,0.2579,-0.1067,-0.0047,1.3942,2.3950,-0.0000
29.100,-0.7140,0.2572,-0.1064,-0.0046,1.3902,2.3881,-0.0000
29.112,-0.7117,0.2564,-0.1061,-0.0046,1.3859,2.3807,-0.0000
29.124,-0.7094,0.2555,-0.1058,-0.0046,1.3813,2.3727,-0.0000
29.136,-0.7069,0.2546,-0.1054,-0.0046,1.3764,2.3644,-0.0000
29.148,-0.7042,0.2537,-0.1050,-0.0046,1.3713,2.3556,-0.0000
29.160,-0.7015,0.2527,-0.1046,-0.0046,1.3660,2.3465,-0.0000
29.172,-0.6987,0.2517,-0.1042,-0.0046,1.3605,2.3371,-0.0000
29.184,-0.6958,0.2507,-0.1037,-0.0045,1.3549,2.3274,-0.0000
29.196,-0.6929,0.2496,-0.1033,-0.0045,1.3491,2.3175,-0.0000
29.208,-0.6898,0.2485,-0.1028,-0.0045,1.3432,2.3074,-0.0000
29.220,-0.6868,0.2474,-0.1024,-0.0045,1.3372,2.2971,-0.0000
29.232,-0.6836,0.2463,-0.1019,-0.0045,1.3311,2.2867,-0.0000
29.244,-0.6805,0.2451,-0.1014,-0.0044,1.3250,2.2761,-0.0000
29.256,-0.6773,0.2440,-0.1010,-0.0044,1.3187,2.2654,-0.0000
29.268,-0.6740,0.2428,-0.1005,-0.0044,1.3124,2.2545,-0.0000
29.280,-0.6708,0.2416,-0.1000,-0.0044,1.3061,2.2436,-0.0000
29.292,-0.6675,0.2404,-0.0995,-0.0043,1.2997,2.2326,-0.0000
29.304,-0.6642,0.2393,-0.0990,-0.0043,1.2932,2.2216,-0.0000
29.316,-0.6608,0.2381,-0.0985,-0.0043,1.2868,2.2104,-0.0000
29.328,-0.6575,0.2369,-0.0980,-0.0043,1.2802,2.1992,-0.0000
29.340,-0.6541,0.2356,-0.0975,-0.0043,1.2737,2.1880,-0.0000
29.352,-0.6508,0.2344,-0.0970,-0.0042,1.2671,2.1767,-0.0000
29.364,-0.6474,0.2332,-0.0965,-0.0042,1.2605,2.1654,-0.0000
29.376,-0.6440,0.2320,-0.0960,-0.0042,1.2539,2.1540,-0.0000
29.388,-0.6406,0.2308,-0.0955,-0.0042,1.2473,2.1426,-0.0000
29.400,-0.6372,0.2295,-0.0950,-0.0041,1.2406,2.1312,-0.0000
29.412,-0.6337,0.2283,-0.0945,-0.0041,1.2340,2.1198,-0.0000
29.424,-0.6303,0.2271,-0.0940,-0.0041,1.2273,2.1083,-0.0000
29.436,-0.6269,0.2258,-0.0935,-0.0041,1.2206,2.0968,-0.0000
29.448,-0.6234,0.2246,-0.0929,-0.0041,1.2139,2.0853,-0.0000
29.460,-0.6200,0.2233,-0.0924,-0.0040,1.2072,2.0738,-0.0000
29.472,-0.6166,0.2221,-0.0919,-0.0040,1.2005,2.0623,-0.0000
29.484,-0.6131,0.2209,-0.0914,-0.0040,1.1938,2.0508,-0.0000
29.496,-0.6097,0.2196,-0.0909,-0.0040,1.1871,2.0392,-0.0000
29.508,-0.6062,0.2184,-0.0904,-0.0039,1.1804,2.0277,-0.0000
29.520,-0.6028,0.2171,-0.0899,-0.0039,1.1737,2.0161,-0.0000
29.532,-0.5993,0.2159,-0.0893,-0.0039,1.1669,2.0046,-0.0000
29.544,-0.5958,0.2146,-0.0888,-0.0039,1.1602,1.9930,-0.0000
29.556,-0.5924,0.2134,-0.0883,-0.0039,1.1534,1.9814,-0.0000
29.568,-0.5889,0.2121,-0.0878,-0.0038,1.1467,1.9698,-0.0000
29.580,-0.5855,0.2109,-0.0873,-0.0038,1.1400,1.9582,-0.0000
29.592,-0.5820,0.2097,-0.0868,-0.0038,1.1332,1.9467,-0.0000
29.604,-0.5785,0.2084,-0.0862,-0.0038,1.1265,1.9351,-0.0000
29.616,-0.5751,0.2072,-0.0857,-0.0037,1.1197,1.9235,-0.0000
29.628,-0.5716,0.2059,-0.0852,-0.0037,1.1130,1.9119,-0.0000
29.640,-0.5681,0.2047,-0.0847,-0.0037,1.1062,1.9003,-0.0000
29.652,-0.5647,0.2034,-0.0842,-0.0037,1.0995,1.8887,-0.0000
29.664,-0.5612,0.2022,-0.0837,-0.0037,1.0927,1.8771,-0.0000
29.676,-0.5577,0.2009,-0.0831,-0.0036,1.0860,1.8655,-0.0000
29.688,-0.5543,0.1997,-0.0826,-0.0036,1.0792,1.8539,-0.0000
29.700,-0.5508,0.1984,-0.0821,-0.0036,1.0725,1.8423,-0.0000
29.712,-0.5473,0.1972,-0.0816,-0.0036,1.0657,1.8307,-0.0000
29.724,-0.5438,0.1959,-0.0811,-0.0035,1.0589,1.8191,-0.0000
29.736,-0.5404,0.1947,-0.0806,-0.0035,1.0522,1.8075,-0.0000
29.748,-0.5369,0.1934,-0.0800,-0.0035,1.0454,1.7959,-0.0000
29.760,-0.5334,0.1922,-0.0795,-0.0035,1.0387,1.7843,-0.0000
29.772,-0.5300,0.1909,-0.0790,-0.0035,1.0319,1.7726,-0.0000
29.784,-0.5265,0.1897,-0.0785,-0.0034,1.0252,1.7610,-0.0000
29.796,-0.5230,0.1884,-0.0780,-0.0034,1.0184,1.7494,-0.0000
29.808,-0.5196,0.1872,-0.0775,-0.0034,1.0116,1.7378,-0.0000
29.820,-0.5161,0.1859,-0.0769,-0.0034,1.0049,1.7262,-0.0000
29.832,-0.5126,0.1847,-0.0764,-0.0033,0.9981,1.7146,-0.0000
29.844,-0.5091,0.1834,-0.0759,-0.0033,0.9914,1.7030,-0.0000
29.856,-0.5057,0.1822,-0.0754,-0.0033,0.9846,1.6914,-0.0000
29.868,-0.5022,0.1809,-0.0749,-0.0033,0.9779,1.6798,-0.0000
29.880,-0.4987,0.1797,-0.0744,-0.0032,0.9711,1.6682,-0.0000
29.892,-0.4953,0.1784,-0.0738,-0.0032,0.9643,1.6566,-0.0000
29.904,-0.4918,0.1772,-0.0733,-0.0032,0.9576,1.6449,-0.0000
29.916,-0.4883,0.1759,-0.0728,-0.0032,0.9508,1.6333,-0.0000
29.928,-0.4848,0.1747,-0.0723,-0.0032,0.9441,1.6217,-0.0000
29.940,-0.4814,0.1734,-0.0718,-0.0031,0.9373,1.6101,-0.0000
29.952,-0.4779,0.1722,-0.0712,-0.0031,0.9305,1.5985,-0.0000
29.964,-0.4744,0.1709,-0.0707,-0.0031,0.9238,1.5869,-0.0000
29.976,-0.4710,0.1697,-0.0702,-0.0031,0.9170,1.5753,-0.0000
29.988,-0.4675,0.1684,-0.0697,-0.0030,0.9103,1.5637,-0.0000
30.000,-0.4640,0.1672,-0.0692,-0.0030,0.9035,1.5521,-0.0000
30.012,-0.4605,0.1659,-0.0687,-0.0030,0.8967,1.5404,-0.0000
30.024,-0.4571,0.1647,-0.0681,-0.0030,0.8900,1.5288,-0.0000
30.036,-0.4536,0.1634,-0.0676,-0.0030,0.8832,1.5172,-0.0000
30.048,-0.4501,0.1622,-0.0671,-0.0029,0.8765,1.5056,-0.0000
30.060,-0.4467,0.1609,-0.0666,-0.0029,0.8697,1.4940,-0.0000
30.072,-0.4432,0.1597,-0.0661,-0.0029,0.8629,1.4824,-0.0000
30.084,-0.4397,0.1584,-0.0656,-0.0029,0.8562,1.4708,-0.0000
30.096,-0.4362,0.1571,-0.0650,-0.0028,0.8494,1.4592,-0.0000
30.108,-0.4328,0.1559,-0.0645,-0.0028,0.8427,1.4476,-0.0000
30.120,-0.4293,0.1546,-0.0640,-0.0028,0.8359,1.4359,-0.0000
30.132,-0.4258,0.1534,-0.0635,-0.0028,0.8292,1.4243,-0.0000
30.144,-0.4224,0.1521,-0.0630,-0.0028,0.8224,1.4127,-0.0000
30.156,-0.4189,0.1509,-0.0624,-0.0027,0.8156,1.4011,-0.0000
30.168,-0.4154,0.1496,-0.0619,-0.0027,0.8089,1.3895,-0.0000
30.180,-0.4119,0.1484,-0.0614,-0.0027,0.8021,1.3779,-0.0000
30.192,-0.4085,0.1471,-0.0609,-0.0027,0.7954,1.3663,-0.0000
30.204,-0.4050,0.1459,-0.0604,-0.0026,0.7886,1.3547,-0.0000
30.216,-0.4015,0.1446,-0.0599,-0.0026,0.7818,1.3431,-0.0000
30.228,-0.3981,0.1434,-0.0593,-0.0026,0.7751,1.3314,-0.0000
30.240,-0.3946,0.1421,-0.0588,-0.0026,0.7683,1.3198,-0.0000
30.252,-0.3911,0.1409,-0.0583,-0.0025,0.7616,1.3082,-0.0000
30.264,-0.3876,0.1396,-0.0578,-0.0025,0.7548,1.2966,-0.0000
30.276,-0.3842,0.1384,-0.0573,-0.0025,0.7480,1.2850,-0.0000
30.288,-0.3807,0.1371,-0.0568,-0.0025,0.7413,1.2734,-0.0000
30.300,-0.3772,0.1359,-0.0562,-0.0025,0.7345,1.2618,-0.0000
30.312,-0.3738,0.1346,-0.0557,-0.0024,0.7278,1.2502,-0.0000
30.324,-0.3703,0.1334,-0.0552,-0.0024,0.7210,1.2386,-0.0000
30.336,-0.3668,0.1321,-0.0547,-0.0024,0.7142,1.2269,-0.0000
30.348,-0.3633,0.1309,-0.0542,-0.0024,0.7075,1.2153,-0.0000
30.360,-0.3599,0.1296,-0.0536,-0.0023,0.7007,1.2037,-0.0000
30.372,-0.3564,0.1284,-0.0531,-0.0023,0.6940,1.1921,-0.0000
30.384,-0.3529,0.1271,-0.0526,-0.0023,0.6872,1.1805,-0.0000
30.396,-0.3495,0.1259,-0.0521,-0.0023,0.6804,1.1689,-0.0000
30.408,-0.3460,0.1246,-0.0516,-0.0023,0.6737,1.1573,-0.0000
30.420,-0.3425,0.1234,-0.0511,-0.0022,0.6669,1.1457,-0.0000
30.432,-0.3390,0.1221,-0.0505,-0.0022,0.6602,1.1340,-0.0000
30.444,-0.3356,0.1209,-0.0500,-0.0022,0.6534,1.1224,-0.0000
30.456,-0.3321,0.1196,-0.0495,-0.0022,0.6466,1.1108,-0.0000
30.468,-0.3286,0.1184,-0.0490,-0.0021,0.6399,1.0992,-0.0000
30.480,-0.3252,0.1171,-0.0485,-0.0021,0.6331,1.0876,-0.0000
30.492,-0.3217,0.1159,-0.0480,-0.0021,0.6264,1.0760,-0.0000
30.504,-0.3182,0.1146,-0.0474,-0.0021,0.6196,1.0644,-0.0000
30.516,-0.3147,0.1134,-0.0469,-0.0020,0.6129,1.0528,-0.0000
30.528,-0.3113,0.1121,-0.0464,-0.0020,0.6061,1.0412,-0.0000
30.540,-0.3078,0.1109,-0.0459,-0.0020,0.5993,1.0295,-0.0000
30.552,-0.3043,0.1096,-0.0454,-0.0020,0.5926,1.0179,-0.0000
30.564,-0.3009,0.1084,-0.0449,-0.0020,0.5858,1.0063,-0.0000
30.576,-0.2974,0.1071,-0.0443,-0.0019,0.5791,0.9947,-0.0000
30.588,-0.2939,0.1059,-0.0438,-0.0019,0.5723,0.9831,-0.0000
30.600,-0.2904,0.1046,-0.0433,-0.0019,0.5655,0.9715,-0.0000
30.612,-0.2870,0.1034,-0.0428,-0.0019,0.5588,0.9599,-0.0000
30.624,-0.2835,0.1021,-0.0423,-0.0018,0.5520,0.9483,-0.0000
30.636,-0.2800,0.1009,-0.0417,-0.0018,0.5453,0.9367,-0.0000
30.648,-0.2766,0.0996,-0.0412,-0.0018,0.5385,0.9250,-0.0000
30.660,-0.2731,0.0984,-0.0407,-0.0018,0.5317,0.9134,-0.0000
30.672,-0.2696,0.0971,-0.0402,-0.0018,0.5250,0.9018,-0.0000
30.684,-0.2661,0.0959,-0.0397,-0.0017,0.5182,0.8902,-0.0000
30.696,-0.2627,0.0946,-0.0392,-0.0017,0.5115,0.8786,-0.0000
30.708,-0.2592,0.0934,-0.0386,-0.0017,0.5047,0.8670,-0.0000
30.720,-0.2557,0.0921,-0.0381,-0.0017,0.4979,0.8554,-0.0000
30.732,-0.2523,0.0909,-0.0376,-0.0016,0.4912,0.8438,-0.0000
30.744,-0.2488,0.0896,-0.0371,-0.0016,0.4844,0.8322,-0.0000
30.756,-0.2453,0.0884,-0.0366,-0.0016,0.4777,0.8205,-0.0000
30.768,-0.2418,0.0871,-0.0361,-0.0016,0.4709,0.8089,-0.0000
30.780,-0.2384,0.0859,-0.0355,-0.0016,0.4641,0.7973,-0.0000
30.792,-0.2349,0.0846,-0.0350,-0.0015,0.4574,0.7857,-0.0000
30.804,-0.2314,0.0834,-0.0345,-0.0015,0.4506,0.7741,-0.0000
30.816,-0.2280,0.0821,-0.0340,-0.0015,0.4439,0.7625,-0.0000
30.828,-0.2245,0.0809,-0.0335,-0.0015,0.4371,0.7509,-0.0000
30.840,-0.2210,0.0796,-0.0329,-0.0014,0.4303,0.7393,-0.0000
30.852,-0.2175,0.0784,-0.0324,-0.0014,0.4236,0.7276,-0.0000
30.864,-0.2141,0.0771,-0.0319,-0.0014,0.4168,0.7160,-0.0000
30.876,-0.2106,0.0759,-0.0314,-0.0014,0.4101,0.7044,-0.0000
30.888,-0.2071,0.0746,-0.0309,-0.0013,0.4033,0.6928,-0.0000
30.900,-0.2037,0.0734,-0.0304,-0.0013,0.3966,0.6812,-0.0000
30.912,-0.2002,0.0721,-0.0298,-0.0013,0.3898,0.6696,-0.0000
30.924,-0.1967,0.0709,-0.0293,-0.0013,0.3830,0.6580,-0.0000
30.936,-0.1932,0.0696,-0.0288,-0.0013,0.3763,0.6464,-0.0000
30.948,-0.1898,0.0684,-0.0283,-0.0012,0.3695,0.6348,-0.0000
30.960,-0.1863,0.0671,-0.0278,-0.0012,0.3628,0.6231,-0.0000
30.972,-0.1828,0.0659,-0.0273,-0.0012,0.3560,0.6115,-0.0000
30.984,-0.1794,0.0646,-0.0267,-0.0012,0.3492,0.5999,-0.0000
30.996,-0.1759,0.0634,-0.0262,-0.0011,0.3425,0.5883,-0.0000
31.008,-0.1724,0.0621,-0.0257,-0.0011,0.3357,0.5767,-0.0000
31.020,-0.1689,0.0609,-0.0252,-0.0011,0.3290,0.5651,-0.0000
31.032,-0.1655,0.0596,-0.0247,-0.0011,0.3222,0.5535,-0.0000
31.044,-0.1620,0.0584,-0.0242,-0.0011,0.3154,0.5419,-0.0000
31.056,-0.1585,0.0571,-0.0236,-0.0010,0.3087,0.5303,-0.0000
31.068,-0.1551,0.0559,-0.0231,-0.0010,0.3019,0.5186,-0.0000
31.080,-0.1516,0.0546,-0.0226,-0.0010,0.2952,0.5070,-0.0000
31.092,-0.1481,0.0534,-0.0221,-0.0010,0.2884,0.4954,-0.0000
31.104,-0.1446,0.0521,-0.0216,-0.0009,0.2816,0.4838,-0.0000
31.116,-0.1412,0.0509,-0.0210,-0.0009,0.2749,0.4722,-0.0000
31.128,-0.1377,0.0496,-0.0205,-0.0009,0.2681,0.4606,-0.0000
31.140,-0.1342,0.0484,-0.0200,-0.0009,0.2614,0.4490,-0.0000
31.152,-0.1308,0.0471,-0.0195,-0.0009,0.2546,0.4374,-0.0000
31.164,-0.1273,0.0459,-0.0190,-0.0008,0.2478,0.4258,-0.0000
31.176,-0.1238,0.0446,-0.0185,-0.0008,0.2411,0.4141,-0.0000
31.188,-0.1203,0.0434,-0.0179,-0.0008,0.2343,0.4025,-0.0000
31.200,-0.1169,0.0421,-0.0174,-0.0008,0.2276,0.3909,-0.0000
31.212,-0.1134,0.0409,-0.0169,-0.0007,0.2208,0.3793,-0.0000
31.224,-0.1099,0.0396,-0.0164,-0.0007,0.2140,0.3677,-0.0000
31.236,-0.1065,0.0383,-0.0159,-0.0007,0.2073,0.3561,-0.0000
31.248,-0.1030,0.0371,-0.0154,-0.0007,0.2005,0.3445,-0.0000
31.260,-0.0995,0.0358,-0.0148,-0.0006,0.1938,0.3329,-0.0000
31.272,-0.0960,0.0346,-0.0143,-0.0006,0.1870,0.3212,-0.0000
31.284,-0.0926,0.0333,-0.0138,-0.0006,0.1803,0.3096,-0.0000
31.296,-0.0891,0.0321,-0.0133,-0.0006,0.1735,0.2980,-0.0000
31.308,-0.0856,0.0308,-0.0128,-0.0006,0.1667,0.2864,-0.0000
31.320,-0.0822,0.0296,-0.0122,-0.0005,0.1600,0.2748,-0.0000
31.332,-0.0787,0.0283,-0.0117,-0.0005,0.1532,0.2632,-0.0000
31.344,-0.0752,0.0271,-0.0112,-0.0005,0.1465,0.2516,-0.0000
31.356,-0.0717,0.0258,-0.0107,-0.0005,0.1397,0.2400,-0.0000
31.368,-0.0683,0.0246,-0.0102,-0.0004,0.1329,0.2284,-0.0000
31.380,-0.0648,0.0233,-0.0097,-0.0004,0.1262,0.2167,-0.0000
31.392,-0.0613,0.0221,-0.0091,-0.0004,0.1194,0.2051,-0.0000
31.404,-0.0579,0.0208,-0.0086,-0.0004,0.1127,0.1935,-0.0000
31.416,-0.0544,0.0196,-0.0081,-0.0004,0.1059,0.1819,-0.0000
31.428,-0.0509,0.0183,-0.0076,-0.0003,0.0991,0.1703,-0.0000
31.440,-0.0474,0.0171,-0.0071,-0.0003,0.0924,0.1587,-0.0000
31.452,-0.0440,0.0158,-0.0066,-0.0003,0.0856,0.1471,-0.0000
31.464,-0.0405,0.0146,-0.0060,-0.0003,0.0789,0.1355,-0.0000
31.476,-0.0370,0.0133,-0.0055,-0.0002,0.0721,0.1239,-0.0000
31.488,-0.0336,0.0121,-0.0050,-0.0002,0.0653,0.1122,-0.0000
31.500,-0.0301,0.0108,-0.0045,-0.0002,0.0586,0.1006,-0.0000
31.512,-0.0266,0.0096,-0.0040,-0.0002,0.0518,0.0890,-0.0000
31.524,-0.0234,0.0084,-0.0035,-0.0002,0.0456,0.0783,-0.0000
31.536,-0.0206,0.0074,-0.0031,-0.0001,0.0401,0.0689,-0.0000
31.548,-0.0181,0.0065,-0.0027,-0.0001,0.0353,0.0607,-0.0000
31.560,-0.0160,0.0057,-0.0024,-0.0001,0.0311,0.0534,-0.0000
31.572,-0.0140,0.0051,-0.0021,-0.0001,0.0273,0.0470,-0.0000
31.584,-0.0124,0.0045,-0.0018,-0.0001,0.0241,0.0413,-0.0000
31.596,-0.0109,0.0039,-0.0016,-0.0001,0.0212,0.0364,-0.0000
31.608,-0.0096,0.0034,-0.0014,-0.0001,0.0186,0.0320,-0.0000
31.620,-0.0084,0.0030,-0.0013,-0.0001,0.0164,0.0282,-0.0000
31.632,-0.0074,0.0027,-0.0011,-0.0000,0.0144,0.0248,-0.0000
31.644,-0.0065,0.0023,-0.0010,-0.0000,0.0127,0.0218,-0.0000
31.656,-0.0057,0.0021,-0.0009,-0.0000,0.0112,0.0192,-0.0000
31.668,-0.0051,0.0018,-0.0008,-0.0000,0.0098,0.0169,-0.0000
31.680,-0.0044,0.0016,-0.0007,-0.0000,0.0087,0.0149,-0.0000
31.692,-0.0039,0.0014,-0.0006,-0.0000,0.0076,0.0131,-0.0000
31.704,-0.0034,0.0012,-0.0005,-0.0000,0.0067,0.0115,-0.0000
31.716,-0.0030,0.0011,-0.0005,-0.0000,0.0059,0.0101,-0.0000
31.728,-0.0027,0.0010,-0.0004,-0.0000,0.0052,0.0089,-0.0000
31.740,-0.0023,0.0008,-0.0003,-0.0000,0.0046,0.0078,-0.0000
31.752,-0.0021,0.0007,-0.0003,-0.0000,0.0040,0.0069,-0.0000
31.764,-0.0018,0.0007,-0.0003,-0.0000,0.0035,0.0061,-0.0000
31.776,-0.0016,0.0006,-0.0002,-0.0000,0.0031,0.0053,-0.0000
31.788,-0.0014,0.0005,-0.0002,-0.0000,0.0027,0.0047,-0.0000
31.800,-0.0012,0.0004,-0.0002,-0.0000,0.0024,0.0041,-0.0000
31.812,-0.0011,0.0004,-0.0002,-0.0000,0.0021,0.0036,-0.0000
31.824,-0.0010,0.0003,-0.0001,-0.0000,0.0019,0.0032,-0.0000
31.836,-0.0008,0.0003,-0.0001,-0.0000,0.0016,0.0028,-0.0000
31.848,-0.0007,0.0003,-0.0001,-0.0000,0.0014,0.0025,-0.0000
31.860,-0.0007,0.0002,-0.0001,-0.0000,0.0013,0.0022,-0.0000
31.872,-0.0006,0.0002,-0.0001,-0.0000,0.0011,0.0019,0.0000
31.884,-0.0005,0.0002,-0.0001,-0.0000,0.0010,0.0017,0.0000
31.896,-0.0004,0.0002,-0.0001,-0.0000,0.0009,0.0015,0.0000
31.908,-0.0004,0.0001,-0.0001,-0.0000,0.0008,0.0013,0.0000
31.920,-0.0003,0.0001,-0.0001,-0.0000,0.0007,0.0012,0.0000
31.932,-0.0003,0.0001,-0.0000,-0.0000,0.0006,0.0010,0.0000
31.944,-0.0003,0.0001,-0.0000,-0.0000,0.0005,0.0009,0.0000
31.956,-0.0002,0.0001,-0.0000,-0.0000,0.0005,0.0008,0.0000
31.968,-0.0002,0.0001,-0.0000,-0.0000,0.0004,0.0007,0.0000
31.980,-0.0002,0.0001,-0.0000,-0.0000,0.0004,0.0006,0.0000
31.992,-0.0002,0.0001,-0.0000,-0.0000,0.0003,0.0005,0.0000
32.004,-0.0001,0.0001,-0.0000,-0.0000,0.0003,0.0005,0.0000
32.016,-0.0001,0.0000,-0.0000,-0.0000,0.0002,0.0004,0.0000
32.028,-0.0001,0.0000,-0.0000,-0.0000,0.0002,0.0004,0.0000
32.040,-0.0001,0.0000,-0.0000,-0.0000,0.0002,0.0003,0.0000
32.052,-0.0001,0.0000,-0.0000,-0.0000,0.0002,0.0003,0.0000
32.064,-0.0001,0.0000,-0.0000,-0.0000,0.0001,0.0002,0.0000
32.076,-0.0001,0.0000,-0.0000,-0.0000,0.0001,0.0002,0.0000
32.088,-0.0001,0.0000,-0.0000,-0.0000,0.0001,0.0002,0.0000
32.100,-0.0001,0.0000,-0.0000,-0.0000,0.0001,0.0002,0.0000
32.112,-0.0000,0.0000,-0.0000,-0.0000,0.0001,0.0001,0.0000
32.124,-0.0000,0.0000,-0.0000,-0.0000,0.0001,0.0001,0.0000
32.136,-0.0000,0.0000,-0.0000,-0.0000,0.0001,0.0001,0.0000
32.148,-0.0000,0.0000,-0.0000,-0.0000,0.0001,0.0001,0.0000
32.160,-0.0000,0.0000,-0.0000,-0.0000,0.0001,0.0001,0.0000
32.172,-0.0000,0.0000,-0.0000,-0.0000,0.0000,0.0001,0.0000
32.184,-0.0000,0.0000,-0.0000,-0.0000,0.0000,0.0001,0.0000
32.196,-0.0000,0.0000,-0.0000,-0.0000,0.0000,0.0001,0.0000
32.208,-0.0000,0.0000,-0.0000,-0.0000,0.0000,0.0001,0.0000
32.220,-0.0000,0.0000,-0.0000,-0.0000,0.0000,0.0000,0.0000
32.232,-0.0000,0.0000,-0.0000,-0.0000,0.0000,0.0000,0.0000
32.244,-0.0000,0.0000,-0.0000,-0.0000,0.0000,0.0000,0.0000
32.256,-0.0000,0.0000,-0.0000,-0.0000,0.0000,0.0000,0.0000
32.268,-0.0000,0.0000,-0.0000,-0.0000,0.0000,0.0000,0.0000
32.280,-0.0000,0.0000,-0.0000,-0.0000,0.0000,0.0000,0.0000
32.292,-0.0000,0.0000,-0.0000,-0.0000,0.0000,0.0000,0.0000
32.304,-0.0000,0.0000,-0.0000,-0.0000,0.0000,0.0000,0.0000
32.316,-0.0000,0.0000,-0.0000,-0.0000,0.0000,0.0000,0.0000
32.328,-0.0000,0.0000,-0.0000,-0.0000,0.0000,0.0000,0.0000
32.340,-0.0000,0.0000,-0.0000,-0.0000,0.0000,0.0000,0.0000
32.352,-0.0000,0.0000,-0.0000,-0.0000,0.0000,0.0000,0.0000
32.364,-0.0000,0.0000,-0.0000,-0.0000,0.0000,0.0000,0.0000
32.376,-0.0000,0.0000,-0.0000,-0.0000,0.0000,0.0000,0.0000
32.388,-0.0000,0.0000,-0.0000,-0.0000,0.0000,0.0000,0.0000
32.400,-0.0000,0.0000,-0.0000,-0.0000,0.0000,0.0000,0.0000
32.412,-0.0000,0.0000,-0.0000,-0.0000,0.0000,0.0000,0.0000
32.424,-0.0000,0.0000,-0.0000,-0.0000,0.0000,0.0000,0.0000
32.436,-0.0000,0.0000,-0.0000,-0.0000,0.0000,0.0000,0.0000
32.448,-0.0000,0.0000,-0.0000,-0.0000,0.0000,0.0000,0.0000
32.460,-0.0000,0.0000,-0.0000,-0.0000,0.0000,0.0000,0.0000
32.472,-0.0000,0.0000,-0.0000,-0.0000,0.0000,0.0000,0.0000
32.484,-0.0000,0.0000,-0.0000,-0.0000,0.0000,0.0000,0.0000
32.496,-0.0000,0.0000,-0.0000,-0.0000,0.0000,0.0000,0.0000
32.508,-0.0000,0.0000,-0.0000,-0.0000,0.0000,0.0000,0.0000
32.520,-0.0000,0.0000,-0.0000,-0.0000,0.0000,0.0000,0.0000
32.532,-0.0000,0.0000,-0.0000,-0.0000,0.0000,0.0000,0.0000
32.544,-0.0000,0.0000,-0.0000,-0.0000,0.0000,0.0000,0.0000
32.556,-0.0000,0.0000,-0.0000,-0.0000,0.0000,0.0000,0.0000
32.568,-0.0000,0.0000,-0.0000,-0.0000,0.0000,0.0000,0.0000
32.580,-0.0000,0.0000,-0.0000,-0.0000,0.0000,0.0000,0.0000
32.592,-0.0000,0.0000,-0.0000,-0.0000,0.0000,0.0000,0.0000
32.604,-0.0000,0.0000,-0.0000,-0.0000,0.0000,0.0000,0.0000
32.616,-0.0000,0.0000,-0.0000,-0.0000,0.0000,0.0000,0.0000
32.628,-0.0000,0.0000,-0.0000,-0.0000,0.0000,0.0000,0.0000
32.640,-0.0000,0.0000,-0.0000,-0.0000,0.0000,0.0000,0.0000
32.652,-0.0000,0.0000,-0.0000,-0.0000,0.0000,0.0000,0.0000
32.664,-0.0000,0.0000,-0.0000,-0.0000,0.0000,0.0000,0.0000
32.676,-0.0000,0.0000,-0.0000,-0.0000,0.0000,0.0000,0.0000
32.688,-0.0000,0.0000,-0.0000,-0.0000,0.0000,0.0000,0.0000
32.700,-0.0000,0.0000,-0.0000,-0.0000,0.0000,0.0000,0.0000
32.712,-0.0000,0.0000,-0.0000,-0.0000,0.0000,0.0000,0.0000
32.724,-0.0000,0.0000,-0.0000,-0.0000,0.0000,0.0000,0.0000
32.736,-0.0000,0.0000,-0.0000,-0.0000,0.0000,0.0000,0.0000
32.748,-0.0000,0.0000,-0.0000,-0.0000,0.0000,0.0000,0.0000
32.760,-0.0000,0.0000,-0.0000,-0.0000,0.0000,0.0000,0.0000
32.772,-0.0000,0.0000,-0.0000,-0.0000,0.0000,0.0000,0.0000
32.784,-0.0000,0.0000,-0.0000,-0.0000,0.0000,0.0000,0.0000
32.796,-0.0000,0.0000,-0.0000,-0.0000,0.0000,0.0000,0.0000
32.808,-0.0000,0.0000,-0.0000,-0.0000,0.0000,0.0000,0.0000
32.820,-0.0000,0.0000,-0.0000,-0.0000,0.0000,0.0000,0.0000
32.832,-0.0000,0.0000,-0.0000,-0.0000,0.0000,0.0000,0.0000
32.844,-0.0000,0.0000,-0.0000,-0.0000,0.0000,0.0000,0.0000
32.856,-0.0000,0.0000,-0.0000,-0.0000,0.0000,0.0000,0.0000
32.868,-0.0000,0.0000,-0.0000,-0.0000,0.0000,0.0000,0.0000
32.880,-0.0000,0.0000,-0.0000,-0.0000,0.0000,0.0000,0.0000
32.892,-0.0000,0.0000,-0.0000,-0.0000,0.0000,0.0000,0.0000
32.904,-0.0000,0.0000,-0.0000,-0.0000,0.0000,0.0000,0.0000
32.916,-0.0000,0.0000,-0.0000,-0.0000,0.0000,0.0000,0.0000
32.928,-0.0000,0.0000,-0.0000,-0.0000,0.0000,0.0000,0.0000
32.940,-0.0000,0.0000,-0.0000,-0.0000,0.0000,0.0000,0.0000
32.952,-0.0000,0.0000,-0.0000,-0.0000,0.0000,0.0000,0.0000
32.964,-0.0000,0.0000,-0.0000,-0.0000,0.0000,0.0000,0.0000
32.976,-0.0000,0.0000,-0.0000,-0.0000,0.0000,0.0000,0.0000
32.988,-0.0000,0.0000,-0.0000,-0.0000,0.0000,0.0000,0.0000
33.000,-0.0000,0.0000,-0.0000,-0.0000,0.0000,0.0000,0.0000
33.012,-0.0000,0.0000,-0.0000,-0.0000,0.0000,0.0000,0.0000
33.024,-0.0000,0.0000,-0.0000,-0.0000,0.0000,0.0000,0.0000
33.036,-0.0000,0.0000,-0.0000,-0.0000,0.0000,0.0000,0.0000
33.048,-0.0000,0.0000,-0.0000,-0.0000,0.0000,0.0000,0.0000
33.060,-0.0000,0.0000,-0.0000,-0.0000,0.0000,0.0000,0.0000
33.072,-0.0000,0.0000,-0.0000,-0.0000,0.0000,0.0000,0.0000
33.084,-0.0000,0.0000,-0.0000,-0.0000,0.0000,0.0000,0.0000
33.096,-0.0000,0.0000,-0.0000,-0.0000,0.0000,0.0000,0.0000
33.108,-0.0000,0.0000,-0.0000,-0.0000,0.0000,0.0000,0.0000
33.120,-0.0000,0.0000,-0.0000,-0.0000,0.0000,0.0000,0.0000
33.132,-0.0000,0.0000,-0.0000,-0.0000,0.0000,0.0000,0.0000
33.144,-0.0000,0.0000,-0.0000,-0.0000,0.0000,0.0000,0.0000
33.156,-0.0000,0.0000,-0.0000,-0.0000,0.0000,0.0000,0.0000
33.168,-0.0000,0.0000,-0.0000,-0.0000,0.0000,0.0000,0.0000
33.180,-0.0000,0.0000,-0.0000,-0.0000,0.0000,0.0000,0.0000
33.192,-0.0000,0.0000,-0.0000,-0.0000,0.0000,0.0000,0.0000
33.204,-0.0000,0.0000,-0.0000,-0.0000,0.0000,0.0000,0.0000
33.216,-0.0000,0.0000,-0.0000,-0.0000,0.0000,0.0000,0.0000
33.228,-0.0000,0.0000,-0.0000,-0.0000,0.0000,0.0000,0.0000
33.240,-0.0000,0.0000,-0.0000,-0.0000,0.0000,0.0000,0.0000
33.252,-0.0000,0.0000,-0.0000,-0.0000,0.0000,0.0000,0.0000
33.264,-0.0000,0.0000,-0.0000,-0.0000,0.0000,0.0000,0.0000
33.276,-0.0000,0.0000,-0.0000,-0.0000,0.0000,0.0000,0.0000
33.288,-0.0000,0.0000,-0.0000,-0.0000,0.0000,0.0000,0.0000
33.300,-0.0000,0.0000,-0.0000,-0.0000,0.0000,0.0000,0.0000
33.312,-0.0000,0.0000,-0.0000,-0.0000,0.0000,0.0000,0.0000
33.324,-0.0000,0.0000,-0.0000,-0.0000,0.0000,0.0000,0.0000
33.336,-0.0000,0.0000,-0.0000,-0.0000,0.0000,0.0000,0.0000
33.348,-0.0000,0.0000,-0.0000,-0.0000,0.0000,0.0000,0.0000
33.360,-0.0000,0.0000,-0.0000,-0.0000,0.0000,0.0000,0.0000
33.372,-0.0000,0.0000,-0.0000,-0.0000,0.0000,0.0000,0.0000
33.384,-0.0000,0.0000,-0.0000,-0.0000,0.0000,0.0000,0.0000
33.396,-0.0000,0.0000,-0.0000,-0.0000,0.0000,0.0000,0.0000
33.408,-0.0000,0.0000,-0.0000,-0.0000,0.0000,0.0000,0.0000
33.420,-0.0000,0.0000,-0.0000,-0.0000,0.0000,0.0000,0.0000
33.432,-0.0000,0.0000,-0.0000,-0.0000,0.0000,0.0000,0.0000
33.444,-0.0000,0.0000,-0.0000,-0.0000,0.0000,0.0000,0.0000
33.456,-0.0000,0.0000,-0.0000,-0.0000,0.0000,0.0000,0.0000
33.468,-0.0000,0.0000,-0.0000,-0.0000,0.0000,0.0000,0.0000
33.480,-0.0000,0.0000,-0.0000,-0.0000,0.0000,0.0000,0.0000
33.492,-0.0000,0.0000,-0.0000,-0.0000,0.0000,0.0000,0.0000
33.504,-0.0000,0.0000,-0.0000,-0.0000,0.0000,0.0000,0.0000
33.516,-0.0000,0.0000,-0.0000,-0.0000,0.0000,0.0000,0.0000
33.528,-0.0000,0.0000,-0.0000,-0.0000,0.0000,0.0000,0.0000
33.540,-0.0000,0.0000,-0.0000,-0.0000,0.0000,0.0000,0.0000
33.552,-0.0000,0.0000,-0.0000,-0.0000,0.0000,0.0000,0.0000
33.564,-0.0000,0.0000,-0.0000,-0.0000,0.0000,0.0000,0.0000
33.576,-0.0000,0.0000,-0.0000,-0.0000,0.0000,0.0000,0.0000
33.588,-0.0000,0.0000,-0.0000,-0.0000,0.0000,0.0000,0.0000
33.600,-0.0000,0.0000,-0.0000,-0.0000,0.0000,0.0000,0.0000
33.612,-0.0000,0.0000,-0.0000,-0.0000,0.0000,0.0000,0.0000
33.624,-0.0000,0.0000,-0.0000,-0.0000,0.0000,0.0000,0.0000
33.636,-0.0000,0.0000,-0.0000,-0.0000,0.0000,0.0000,0.0000
33.648,-0.0000,0.0000,-0.0000,-0.0000,0.0000,0.0000,0.0000
33.660,-0.0000,0.0000,-0.0000,-0.0000,0.0000,0.0000,0.0000
33.672,-0.0000,0.0000,-0.0000,-0.0000,0.0000,0.0000,0.0000
33.684,-0.0000,0.0000,-0.0000,-0.0000,0.0000,0.0000,0.0000
33.696,-0.0000,0.0000,-0.0000,-0.0000,0.0000,0.0000,0.0000
33.708,-0.0000,0.0000,-0.0000,-0.0000,0.0000,0.0000,0.0000
33.720,-0.0000,0.0000,-0.0000,-0.0000,0.0000,0.0000,0.0000
33.732,-0.0000,0.0000,-0.0000,-0.0000,0.0000,0.0000,0.0000
33.744,-0.0000,0.0000,-0.0000,-0.0000,0.0000,0.0000,0.0000
33.756,-0.0000,0.0000,-0.0000,-0.0000,0.0000,0.0000,0.0000
33.768,-0.0000,0.0000,-0.0000,-0.0000,0.0000,0.0000,0.0000
33.780,-0.0000,0.0000,-0.0000,-0.0000,0.0000,0.0000,0.0000
33.792,-0.0000,0.0000,-0.0000,-0.0000,0.0000,0.0000,0.0000
33.804,-0.0000,0.0000,-0.0000,-0.0000,0.0000,0.0000,0.0000
33.816,-0.0000,0.0000,-0.0000,-0.0000,0.0000,0.0000,0.0000
33.828,-0.0000,0.0000,-0.0000,-0.0000,0.0000,0.0000,0.0000
33.840,-0.0000,0.0000,-0.0000,-0.0000,0.0000,0.0000,0.0000
33.852,-0.0000,0.0000,-0.0000,-0.0000,0.0000,0.0000,0.0000
33.864,-0.0000,0.0000,-0.0000,-0.0000,0.0000,0.0000,0.0000
33.876,-0.0000,0.0000,-0.0000,-0.0000,0.0000,0.0000,0.0000
33.888,-0.0000,0.0000,-0.0000,-0.0000,0.0000,0.0000,0.0000
33.900,-0.0000,0.0000,-0.0000,-0.0000,0.0000,0.0000,0.0000
33.912,-0.0000,0.0000,-0.0000,-0.0000,0.0000,0.0000,0.0000
33.924,-0.0000,0.0000,-0.0000,-0.0000,0.0000,0.0000,0.0000
33.936,-0.0000,0.0000,-0.0000,-0.0000,0.0000,0.0000,0.0000
33.948,-0.0000,0.0000,-0.0000,-0.0000,0.0000,0.0000,0.0000
33.960,-0.0000,0.0000,-0.0000,-0.0000,0.0000,0.0000,0.0000
33.972,-0.0000,0.0000,-0.0000,-0.0000,0.0000,0.0000,0.0000
33.984,-0.0000,0.0000,-0.0000,-0.0000,0.0000,0.0000,0.0000
33.996,-0.0000,0.0000,-0.0000,-0.0000,0.0000,0.0000,0.0000
34.008,-0.0000,0.0000,-0.0000,-0.0000,0.0000,0.0000,0.0000
34.020,-0.0000,0.0000,-0.0000,-0.0000,0.0000,0.0000,0.0000
34.032,-0.0000,0.0000,-0.0000,-0.0000,0.0000,0.0000,0.0000
34.044,-0.0000,0.0000,-0.0000,-0.0000,0.0000,0.0000,0.0000
34.056,-0.0000,0.0000,-0.0000,-0.0000,0.0000,0.0000,0.0000
34.068,-0.0000,0.0000,-0.0000,-0.0000,0.0000,0.0000,0.0000
34.080,-0.0000,0.0000,-0.0000,-0.0000,0.0000,0.0000,0.0000
34.092,-0.0000,0.0000,-0.0000,-0.0000,0.0000,0.0000,0.0000
34.104,-0.0000,0.0000,-0.0000,-0.0000,0.0000,0.0000,0.0000
34.116,-0.0000,0.0000,-0.0000,-0.0000,0.0000,0.0000,0.0000
34.128,-0.0000,0.0000,-0.0000,-0.0000,0.0000,0.0000,0.0000
34.140,-0.0000,0.0000,-0.0000,-0.0000,0.0000,0.0000,0.0000
34.152,-0.0000,0.0000,-0.0000,-0.0000,0.0000,0.0000,0.0000
34.164,-0.0000,0.0000,-0.0000,-0.0000,0.0000,0.0000,0.0000
34.176,-0.0000,0.0000,-0.0000,-0.0000,0.0000,0.0000,0.0000
34.188,-0.0000,0.0000,-0.0000,-0.0000,0.0000,0.0000,0.0000
34.200,-0.0000,0.0000,-0.0000,-0.0000,0.0000,0.0000,0.0000
34.212,-0.0000,0.0000,-0.0000,-0.0000,0.0000,0.0000,0.0000
34.224,-0.0000,0.0000,-0.0000,-0.0000,0.0000,0.0000,0.0000
34.236,-0.0000,0.0000,-0.0000,-0.0000,0.0000,0.0000,0.0000
34.248,-0.0000,0.0000,-0.0000,-0.0000,0.0000,0.0000,0.0000
34.260,-0.0000,0.0000,-0.0000,-0.0000,0.0000,0.0000,0.0000
34.272,-0.0000,0.0000,-0.0000,-0.0000,0.0000,0.0000,0.0000
34.284,-0.0000,0.0000,-0.0000,-0.0000,0.0000,0.0000,0.0000
34.296,-0.0000,0.0000,-0.0000,-0.0000,0.0000,0.0000,0.0000
34.308,-0.0000,0.0000,-0.0000,-0.0000,0.0000,0.0000,0.0000
34.320,-0.0000,0.0000,-0.0000,-0.0000,0.0000,0.0000,0.0000
34.332,-0.0000,0.0000,-0.0000,-0.0000,0.0000,0.0000,0.0000
34.344,-0.0000,0.0000,-0.0000,-0.0000,0.0000,0.0000,0.0000
34.356,-0.0000,0.0000,-0.0000,-0.0000,0.0000,0.0000,0.0000
34.368,-0.0000,0.0000,-0.0000,-0.0000,0.0000,0.0000,0.0000
34.380,-0.0000,0.0000,-0.0000,-0.0000,0.0000,0.0000,0.0000
34.392,-0.0000,0.0000,-0.0000,-0.0000,0.0000,0.0000,0.0000
34.404,-0.0000,0.0000,-0.0000,-0.0000,0.0000,0.0000,0.0000
34.416,-0.0000,0.0000,-0.0000,-0.0000,0.0000,0.0000,0.0000
34.428,-0.0000,0.0000,-0.0000,-0.0000,0.0000,0.0000,0.0000
34.440,-0.0000,0.0000,-0.0000,-0.0000,0.0000,0.0000,0.0000
34.452,-0.0000,0.0000,-0.0000,-0.0000,0.0000,0.0000,0.0000
34.464,-0.0000,0.0000,-0.0000,-0.0000,0.0000,0.0000,0.0000
34.476,-0.0000,0.0000,-0.0000,-0.0000,0.0000,0.0000,0.0000
34.488,-0.0000,0.0000,-0.0000,-0.0000,0.0000,0.0000,0.0000
34.500,-0.0000,0.0000,-0.0000,-0.0000,0.0000,0.0000,0.0000
34.512,-0.0000,0.0000,-0.0000,-0.0000,0.0000,0.0000,0.0000
34.524,-0.0000,0.0000,-0.0000,-0.0000,0.0000,0.0000,0.0000
34.536,-0.0000,0.0000,-0.0000,-0.0000,0.0000,0.0000,0.0000
34.548,-0.0000,0.0000,-0.0000,-0.0000,0.0000,0.0000,0.0000
34.560,-0.0000,0.0000,-0.0000,-0.0000,0.0000,0.0000,0.0000
34.572,-0.0000,0.0000,-0.0000,-0.0000,0.0000,0.0000,0.0000
34.584,-0.0000,0.0000,-0.0000,-0.0000,0.0000,0.0000,0.0000
34.596,-0.0000,0.0000,-0.0000,-0.0000,0.0000,0.0000,0.0000
34.608,-0.0000,0.0000,-0.0000,-0.0000,0.0000,0.0000,0.0000
34.620,-0.0000,0.0000,-0.0000,-0.0000,0.0000,0.0000,0.0000
34.632,-0.0000,0.0000,-0.0000,-0.0000,0.0000,0.0000,0.0000
34.644,-0.0000,0.0000,-0.0000,-0.0000,0.0000,0.0000,0.0000
34.656,-0.0000,0.0000,-0.0000,-0.0000,0.0000,0.0000,0.0000
34.668,-0.0000,0.0000,-0.0000,-0.0000,0.0000,0.0000,0.0000
34.680,-0.0000,0.0000,-0.0000,-0.0000,0.0000,0.0000,0.0000
34.692,-0.0000,0.0000,-0.0000,-0.0000,0.0000,0.0000,0.0000
34.704,-0.0000,0.0000,-0.0000,-0.0000,0.0000,0.0000,0.0000
34.716,-0.0000,0.0000,-0.0000,-0.0000,0.0000,0.0000,0.0000
34.728,-0.0000,0.0000,-0.0000,-0.0000,0.0000,0.0000,0.0000
34.740,-0.0000,0.0000,-0.0000,-0.0000,0.0000,0.0000,0.0000
34.752,-0.0000,0.0000,-0.0000,-0.0000,0.0000,0.0000,0.0000
34.764,-0.0000,0.0000,-0.0000,-0.0000,0.0000,0.0000,0.0000
34.776,-0.0000,0.0000,-0.0000,-0.0000,0.0000,0.0000,0.0000
34.788,-0.0000,0.0000,-0.0000,-0.0000,0.0000,0.0000,0.0000
34.800,-0.0000,0.0000,-0.0000,-0.0000,0.0000,0.0000,0.0000
34.812,-0.0000,0.0000,-0.0000,-0.0000,0.0000,0.0000,0.0000
34.824,-0.0000,0.0000,-0.0000,-0.0000,0.0000,0.0000,0.0000
34.836,-0.0000,0.0000,-0.0000,-0.0000,0.0000,0.0000,0.0000
34.848,-0.0000,0.0000,-0.0000,-0.0000,0.0000,0.0000,0.0000
34.860,-0.0000,0.0000,-0.0000,-0.0000,0.0000,0.0000,0.0000
34.872,-0.0000,0.0000,-0.0000,-0.0000,0.0000,0.0000,0.0000
34.884,-0.0000,0.0000,-0.0000,-0.0000,0.0000,0.0000,0.0000
34.896,-0.0000,0.0000,-0.0000,-0.0000,0.0000,0.0000,0.0000
34.908,-0.0000,0.0000,-0.0000,-0.0000,0.0000,0.0000,0.0000
34.920,-0.0000,0.0000,-0.0000,-0.0000,0.0000,0.0000,0.0000
34.932,-0.0000,0.0000,-0.0000,-0.0000,0.0000,0.0000,0.0000
34.944,-0.0000,0.0000,-0.0000,-0.0000,0.0000,0.0000,0.0000
34.956,-0.0000,0.0000,-0.0000,-0.0000,0.0000,0.0000,0.0000
34.968,-0.0000,0.0000,-0.0000,-0.0000,0.0000,0.0000,0.0000
34.980,-0.0000,0.0000,-0.0000,-0.0000,0.0000,0.0000,0.0000
34.992,-0.0000,0.0000,-0.0000,-0.0000,0.0000,0.0000,0.0000
35.004,-0.0000,0.0000,-0.0000,-0.0000,0.0000,0.0000,0.0000
35.016,-0.0000,0.0000,-0.0000,-0.0000,0.0000,0.0000,0.0000
35.028,-0.0000,0.0000,-0.0000,-0.0000,0.0000,0.0000,0.0000
35.040,-0.0000,0.0000,-0.0000,-0.0000,0.0000,0.0000,0.0000
35.052,-0.0000,0.0000,-0.0000,-0.0000,0.0000,0.0000,0.0000
35.064,-0.0000,0.0000,-0.0000,-0.0000,0.0000,0.0000,0.0000
35.076,-0.0000,0.0000,-0.0000,-0.0000,0.0000,0.0000,0.0000
35.088,-0.0000,0.0000,-0.0000,-0.0000,0.0000,0.0000,0.0000
35.100,-0.0000,0.0000,-0.0000,-0.0000,0.0000,0.0000,0.0000
35.112,-0.0000,0.0000,-0.0000,-0.0000,0.0000,0.0000,0.0000
35.124,-0.0000,0.0000,-0.0000,-0.0000,0.0000,0.0000,0.0000
35.136,-0.0000,0.0000,-0.0000,-0.0000,0.0000,0.0000,0.0000
35.148,-0.0000,0.0000,-0.0000,-0.0000,0.0000,0.0000,0.0000
35.160,-0.0000,0.0000,-0.0000,-0.0000,0.0000,0.0000,0.0000
35.172,-0.0000,0.0000,-0.0000,-0.0000,0.0000,0.0000,0.0000
35.184,-0.0000,0.0000,-0.0000,-0.0000,0.0000,0.0000,0.0000
35.196,-0.0000,0.0000,-0.0000,-0.0000,0.0000,0.0000,0.0000
35.208,-0.0000,0.0000,-0.0000,-0.0000,0.0000,0.0000,0.0000
35.220,-0.0000,0.0000,-0.0000,-0.0000,0.0000,0.0000,0.0000
35.232,-0.0000,0.0000,-0.0000,-0.0000,0.0000,0.0000,0.0000
35.244,-0.0000,0.0000,-0.0000,-0.0000,0.0000,0.0000,0.0000
35.256,-0.0000,0.0000,-0.0000,-0.0000,0.0000,0.0000,0.0000
35.268,-0.0000,0.0000,-0.0000,-0.0000,0.0000,0.0000,0.0000
35.280,-0.0000,0.0000,-0.0000,-0.0000,0.0000,0.0000,0.0000
35.292,-0.0000,0.0000,-0.0000,-0.0000,0.0000,0.0000,0.0000
35.304,-0.0000,0.0000,-0.0000,-0.0000,0.0000,0.0000,0.0000
35.316,-0.0000,0.0000,-0.0000,-0.0000,0.0000,0.0000,0.0000
35.328,-0.0000,0.0000,-0.0000,-0.0000,0.0000,0.0000,0.0000
35.340,-0.0000,0.0000,0.0000,-0.0000,0.0000,0.0000,0.0000
35.352,-0.0000,0.0000,0.0000,-0.0000,0.0000,0.0000,0.0000
35.364,-0.0000,0.0000,0.0000,-0.0000,0.0000,0.0000,0.0000
35.376,-0.0000,0.0000,0.0000,-0.0000,0.0000,0.0000,0.0000
35.388,-0.0000,0.0000,0.0000,-0.0000,0.0000,0.0000,0.0000
35.400,-0.0000,0.0000,0.0000,-0.0000,0.0000,0.0000,0.0000
35.412,-0.0000,0.0000,0.0000,-0.0000,0.0000,0.0000,0.0000
35.424,-0.0000,0.0000,0.0000,-0.0000,0.0000,0.0000,0.0000
35.436,-0.0000,0.0000,0.0000,-0.0000,0.0000,0.0000,0.0000
35.448,-0.0000,0.0000,0.0000,-0.0000,0.0000,0.0000,0.0000
35.460,-0.0000,0.0000,0.0000,-0.0000,0.0000,0.0000,0.0000
35.472,-0.0000,0.0000,0.0000,-0.0000,0.0000,0.0000,0.0000
35.484,-0.0000,0.0000,0.0000,-0.0000,0.0000,0.0000,0.0000
35.496,-0.0000,0.0000,0.0000,-0.0000,0.0000,0.0000,0.0000
35.508,-0.0000,0.0000,0.0000,-0.0000,0.0000,0.0000,0.0000
35.520,-0.0000,0.0000,0.0000,-0.0000,0.0000,0.0000,0.0000
35.532,-0.0000,0.0000,0.0000,-0.0000,0.0000,0.0000,0.0000
35.544,-0.0000,0.0000,0.0000,-0.0000,0.0000,0.0000,0.0000
35.556,-0.0000,0.0000,0.0000,-0.0000,0.0000,0.0000,0.0000
35.568,-0.0000,0.0000,0.0000,-0.0000,0.0000,0.0000,0.0000
35.580,-0.0000,0.0000,0.0000,-0.0000,0.0000,0.0000,0.0000
35.592,-0.0000,0.0000,0.0000,-0.0000,0.0000,0.0000,0.0000
35.604,-0.0000,0.0000,0.0000,-0.0000,0.0000,0.0000,0.0000
35.616,-0.0000,0.0000,0.0000,-0.0000,0.0000,0.0000,0.0000
35.628,-0.0000,0.0000,0.0000,-0.0000,0.0000,0.0000,0.0000
35.640,-0.0000,0.0000,0.0000,-0.0000,0.0000,0.0000,0.0000
35.652,-0.0000,0.0000,0.0000,-0.0000,0.0000,0.0000,0.0000
35.664,-0.0000,0.0000,0.0000,-0.0000,0.0000,0.0000,0.0000
35.676,-0.0000,0.0000,0.0000,-0.0000,0.0000,0.0000,0.0000
35.688,-0.0000,0.0000,0.0000,-0.0000,0.0000,0.0000,0.0000
35.700,-0.0000,0.0000,0.0000,-0.0000,0.0000,0.0000,0.0000
35.712,-0.0000,0.0000,0.0000,-0.0000,0.0000,0.0000,0.0000
35.724,-0.0000,0.0000,0.0000,-0.0000,0.0000,0.0000,0.0000
35.736,-0.0000,0.0000,0.0000,-0.0000,0.0000,0.0000,0.0000
35.748,-0.0000,0.0000,0.0000,-0.0000,0.0000,0.0000,0.0000
35.760,-0.0000,0.0000,0.0000,-0.0000,0.0000,0.0000,0.0000
35.772,-0.0000,0.0000,0.0000,-0.0000,0.0000,0.0000,0.0000
35.784,-0.0000,0.0000,0.0000,-0.0000,0.0000,0.0000,0.0000
35.796,-0.0000,0.0000,0.0000,-0.0000,0.0000,0.0000,0.0000
35.808,-0.0000,0.0000,0.0000,-0.0000,0.0000,0.0000,0.0000
35.820,-0.0000,0.0000,0.0000,-0.0000,0.0000,0.0000,0.0000
35.832,-0.0000,0.0000,0.0000,-0.0000,0.0000,0.0000,0.0000
35.844,-0.0000,0.0000,0.0000,-0.0000,0.0000,0.0000,0.0000
35.856,-0.0000,0.0000,0.0000,-0.0000,0.0000,0.0000,0.0000
35.868,-0.0000,0.0000,0.0000,-0.0000,0.0000,0.0000,0.0000
35.880,-0.0000,0.0000,0.0000,-0.0000,0.0000,0.0000,0.0000
35.892,-0.0000,0.0000,0.0000,-0.0000,0.0000,0.0000,0.0000
35.904,-0.0000,0.0000,0.0000,-0.0000,0.0000,0.0000,0.0000
35.916,-0.0000,0.0000,0.0000,-0.0000,0.0000,0.0000,0.0000
35.928,-0.0000,0.0000,0.0000,-0.0000,0.0000,0.0000,0.0000
35.940,-0.0000,0.0000,0.0000,-0.0000,0.0000,0.0000,0.0000
35.952,-0.0000,0.0000,0.0000,-0.0000,0.0000,0.0000,0.0000
35.964,-0.0000,0.0000,0.0000,-0.0000,0.0000,0.0000,0.0000
35.976,-0.0000,0.0000,0.0000,-0.0000,0.0000,0.0000,0.0000
35.988,-0.0000,0.0000,0.0000,-0.0000,0.0000,0.0000,0.0000
36.000,-0.0000,0.0000,0.0000,-0.0000,0.0000,0.0000,0.0000
36.012,-0.0000,0.0000,0.0000,-0.0000,0.0000,0.0000,0.0000
36.024,-0.0000,0.0000,0.0000,-0.0000,0.0000,0.0000,0.0000
36.036,-0.0000,0.0000,0.0000,-0.0000,0.0000,0.0000,0.0000
36.048,-0.0000,0.0000,0.0000,-0.0000,0.0000,0.0000,0.0000
36.060,-0.0000,0.0000,0.0000,-0.0000,0.0000,0.0000,0.0000
36.072,-0.0000,0.0000,0.0000,-0.0000,0.0000,0.0000,0.0000
36.084,-0.0000,0.0000,0.0000,-0.0000,0.0000,0.0000,0.0000
36.096,-0.0000,0.0000,0.0000,-0.0000,0.0000,0.0000,0.0000
36.108,-0.0000,0.0000,0.0000,-0.0000,0.0000,0.0000,0.0000
36.120,-0.0000,0.0000,0.0000,-0.0000,0.0000,0.0000,0.0000
36.132,-0.0000,0.0000,0.0000,-0.0000,0.0000,0.0000,0.0000
36.144,-0.0000,0.0000,0.0000,-0.0000,0.0000,0.0000,0.0000
36.156,-0.0000,0.0000,0.0000,-0.0000,0.0000,0.0000,0.0000
36.168,0.0005,0.0002,-0.0001,-0.0000,0.0008,0.0014,0.0000
36.180,0.0013,0.0004,-0.0002,-0.0000,0.0024,0.0039,-0.0000
36.192,0.0025,0.0008,-0.0004,-0.0000,0.0046,0.0075,-0.0000
36.204,0.0040,0.0014,-0.0007,-0.0000,0.0073,0.0120,-0.0000
36.216,0.0058,0.0020,-0.0010,-0.0000,0.0106,0.0174,-0.0000
36.228,0.0078,0.0026,-0.0013,-0.0000,0.0143,0.0234,-0.0000
36.240,0.0100,0.0034,-0.0017,-0.0000,0.0184,0.0301,-0.0000
36.252,0.0124,0.0042,-0.0021,-0.0000,0.0228,0.0374,-0.0000
36.264,0.0150,0.0051,-0.0025,-0.0000,0.0275,0.0451,-0.0000
36.276,0.0177,0.0060,-0.0030,-0.0000,0.0325,0.0532,-0.0000
36.288,0.0206,0.0070,-0.0035,-0.0000,0.0377,0.0618,-0.0000
36.300,0.0235,0.0080,-0.0040,-0.0000,0.0431,0.0707,-0.0000
36.312,0.0266,0.0090,-0.0045,-0.0000,0.0486,0.0798,-0.0000
36.324,0.0297,0.0101,-0.0050,-0.0000,0.0544,0.0892,-0.0000
36.336,0.0329,0.0112,-0.0056,-0.0000,0.0603,0.0989,-0.0000
36.348,0.0362,0.0123,-0.0061,-0.0000,0.0663,0.1087,-0.0000
36.360,0.0396,0.0134,-0.0067,-0.0000,0.0724,0.1187,-0.0000
36.372,0.0430,0.0146,-0.0073,-0.0000,0.0786,0.1289,-0.0000
36.384,0.0464,0.0157,-0.0079,-0.0000,0.0849,0.1392,-0.0000
36.396,0.0499,0.0169,-0.0084,-0.0000,0.0912,0.1497,-0.0000
36.408,0.0534,0.0181,-0.0090,-0.0000,0.0976,0.1602,-0.0000
36.420,0.0569,0.0193,-0.0096,-0.0000,0.1041,0.1708,-0.0000
36.432,0.0605,0.0205,-0.0102,-0.0000,0.1107,0.1815,-0.0000
36.444,0.0641,0.0217,-0.0108,-0.0000,0.1172,0.1923,-0.0000
36.456,0.0677,0.0229,-0.0115,-0.0001,0.1238,0.2032,-0.0000
36.468,0.0713,0.0242,-0.0121,-0.0001,0.1305,0.2141,-0.0000
36.480,0.0750,0.0254,-0.0127,-0.0001,0.1372,0.2250,-0.0000
36.492,0.0786,0.0267,-0.0133,-0.0001,0.1439,0.2360,-0.0000
36.504,0.0823,0.0279,-0.0139,-0.0001,0.1506,0.2470,-0.0000
36.516,0.0860,0.0292,-0.0146,-0.0001,0.1573,0.2581,-0.0000
36.528,0.0897,0.0304,-0.0152,-0.0001,0.1641,0.2692,-0.0000
36.540,0.0934,0.0317,-0.0158,-0.0001,0.1709,0.2803,-0.0000
36.552,0.0971,0.0329,-0.0164,-0.0001,0.1776,0.2914,-0.0000
36.564,0.1008,0.0342,-0.0171,-0.0001,0.1844,0.3026,-0.0000
36.576,0.1045,0.0354,-0.0177,-0.0001,0.1913,0.3138,-0.0000
36.588,0.1083,0.0367,-0.0183,-0.0001,0.1981,0.3250,-0.0000
36.600,0.1120,0.0380,-0.0190,-0.0001,0.2049,0.3362,-0.0000
36.612,0.1157,0.0392,-0.0196,-0.0001,0.2118,0.3474,-0.0000
36.624,0.1195,0.0405,-0.0202,-0.0001,0.2186,0.3586,-0.0000
36.636,0.1232,0.0418,-0.0209,-0.0001,0.2255,0.3699,-0.0000
36.648,0.1270,0.0431,-0.0215,-0.0001,0.2323,0.3811,-0.0000
36.660,0.1307,0.0443,-0.0221,-0.0001,0.2392,0.3924,-0.0000
36.672,0.1345,0.0456,-0.0228,-0.0001,0.2460,0.4036,-0.0000
36.684,0.1382,0.0469,-0.0234,-0.0001,0.2529,0.4149,-0.0000
36.696,0.1420,0.0481,-0.0240,-0.0001,0.2598,0.4262,-0.0000
36.708,0.1457,0.0494,-0.0247,-0.0001,0.2666,0.4375,-0.0000
36.720,0.1495,0.0507,-0.0253,-0.0001,0.2735,0.4487,-0.0000
36.732,0.1533,0.0520,-0.0259,-0.0001,0.2804,0.4600,-0.0000
36.744,0.1570,0.0532,-0.0266,-0.0001,0.2873,0.4713,-0.0000
36.756,0.1608,0.0545,-0.0272,-0.0001,0.2942,0.4826,-0.0000
36.768,0.1645,0.0558,-0.0279,-0.0001,0.3010,0.4939,-0.0000
36.780,0.1683,0.0571,-0.0285,-0.0001,0.3079,0.5052,-0.0000
36.792,0.1721,0.0583,-0.0291,-0.0001,0.3148,0.5165,-0.0000
36.804,0.1758,0.0596,-0.0298,-0.0001,0.3217,0.5278,-0.0000
36.816,0.1796,0.0609,-0.0304,-0.0001,0.3286,0.5391,-0.0000
36.828,0.1834,0.0622,-0.0310,-0.0001,0.3355,0.5504,-0.0000
36.840,0.1871,0.0634,-0.0317,-0.0001,0.3424,0.5617,-0.0000
36.852,0.1909,0.0647,-0.0323,-0.0001,0.3492,0.5730,-0.0000
36.864,0.1947,0.0660,-0.0329,-0.0001,0.3561,0.5843,-0.0000
36.876,0.1984,0.0673,-0.0336,-0.0002,0.3630,0.5956,-0.0000
36.888,0.2022,0.0686,-0.0342,-0.0002,0.3699,0.6069,-0.0000
36.900,0.2060,0.0698,-0.0349,-0.0002,0.3768,0.6182,-0.0000
36.912,0.2097,0.0711,-0.0355,-0.0002,0.3837,0.6295,-0.0000
36.924,0.2135,0.0724,-0.0361,-0.0002,0.3906,0.6408,-0.0000
36.936,0.2173,0.0737,-0.0368,-0.0002,0.3975,0.6521,-0.0000
36.948,0.2210,0.0749,-0.0374,-0.0002,0.4044,0.6634,-0.0000
36.960,0.2248,0.0762,-0.0380,-0.0002,0.4113,0.6747,-0.0000
36.972,0.2286,0.0775,-0.0387,-0.0002,0.4181,0.6860,-0.0000
36.984,0.2323,0.0788,-0.0393,-0.0002,0.4250,0.6973,-0.0000
36.996,0.2361,0.0800,-0.0400,-0.0002,0.4319,0.7086,-0.0000
37.008,0.2399,0.0813,-0.0406,-0.0002,0.4388,0.7199,-0.0000
37.020,0.2436,0.0826,-0.0412,-0.0002,0.4457,0.7312,-0.0000
37.032,0.2474,0.0839,-0.0419,-0.0002,0.4526,0.7425,-0.0000
37.044,0.2512,0.0852,-0.0425,-0.0002,0.4595,0.7538,-0.0000
37.056,0.2549,0.0864,-0.0432,-0.0002,0.4664,0.7651,-0.0000
37.068,0.2587,0.0877,-0.0438,-0.0002,0.4733,0.7765,-0.0000
37.080,0.2625,0.0890,-0.0444,-0.0002,0.4802,0.7878,-0.0000
37.092,0.2662,0.0903,-0.0451,-0.0002,0.4871,0.7991,-0.0000
37.104,0.2700,0.0915,-0.0457,-0.0002,0.4940,0.8104,-0.0000
37.116,0.2738,0.0928,-0.0463,-0.0002,0.5008,0.8217,-0.0000
37.128,0.2775,0.0941,-0.0470,-0.0002,0.5077,0.8330,-0.0000
37.140,0.2813,0.0954,-0.0476,-0.0002,0.5146,0.8443,-0.0000
37.152,0.2851,0.0967,-0.0483,-0.0002,0.5215,0.8556,-0.0000
37.164,0.2888,0.0979,-0.0489,-0.0002,0.5284,0.8669,-0.0000
37.176,0.2926,0.0992,-0.0495,-0.0002,0.5353,0.8782,-0.0000
37.188,0.2964,0.1005,-0.0502,-0.0002,0.5422,0.8895,-0.0000
37.200,0.3001,0.1018,-0.0508,-0.0002,0.5491,0.9008,-0.0000
37.212,0.3039,0.1030,-0.0514,-0.0002,0.5560,0.9121,-0.0000
37.224,0.3077,0.1043,-0.0521,-0.0002,0.5629,0.9234,-0.0000
37.236,0.3114,0.1056,-0.0527,-0.0002,0.5698,0.9348,-0.0000
37.248,0.3152,0.1069,-0.0534,-0.0002,0.5767,0.9461,-0.0000
37.260,0.3190,0.1081,-0.0540,-0.0002,0.5836,0.9574,-0.0000
37.272,0.3227,0.1094,-0.0546,-0.0002,0.5904,0.9687,-0.0000
37.284,0.3265,0.1107,-0.0553,-0.0002,0.5973,0.9800,-0.0000
37.296,0.3303,0.1120,-0.0559,-0.0003,0.6042,0.9913,-0.0000
37.308,0.3340,0.1133,-0.0565,-0.0003,0.6111,1.0026,-0.0000
37.320,0.3378,0.1145,-0.0572,-0.0003,0.6180,1.0139,-0.0000
37.332,0.3416,0.1158,-0.0578,-0.0003,0.6249,1.0252,-0.0000
37.344,0.3453,0.1171,-0.0585,-0.0003,0.6318,1.0365,-0.0000
37.356,0.3491,0.1184,-0.0591,-0.0003,0.6387,1.0478,-0.0000
37.368,0.3529,0.1196,-0.0597,-0.0003,0.6456,1.0591,-0.0000
37.380,0.3566,0.1209,-0.0604,-0.0003,0.6525,1.0704,-0.0000
37.392,0.3604,0.1222,-0.0610,-0.0003,0.6594,1.0818,-0.0000
37.404,0.3642,0.1235,-0.0616,-0.0003,0.6663,1.0931,-0.0000
37.416,0.3679,0.1248,-0.0623,-0.0003,0.6731,1.1044,-0.0000
37.428,0.3717,0.1260,-0.0629,-0.0003,0.6800,1.1157,-0.0000
37.440,0.3755,0.1273,-0.0636,-0.0003,0.6869,1.1270,-0.0000
37.452,0.3792,0.1286,-0.0642,-0.0003,0.6938,1.1383,-0.0000
37.464,0.3830,0.1299,-0.0648,-0.0003,0.7007,1.1496,-0.0000
37.476,0.3868,0.1311,-0.0655,-0.0003,0.7076,1.1609,-0.0000
37.488,0.3905,0.1324,-0.0661,-0.0003,0.7145,1.1722,-0.0000
37.500,0.3943,0.1337,-0.0667,-0.0003,0.7214,1.1835,-0.0000
37.512,0.3981,0.1350,-0.0674,-0.0003,0.7283,1.1948,-0.0000
37.524,0.4018,0.1362,-0.0680,-0.0003,0.7352,1.2061,-0.0000
37.536,0.4056,0.1375,-0.0687,-0.0003,0.7421,1.2174,-0.0000
37.548,0.4094,0.1388,-0.0693,-0.0003,0.7490,1.2288,-0.0000
37.560,0.4131,0.1401,-0.0699,-0.0003,0.7559,1.2401,-0.0000
37.572,0.4169,0.1414,-0.0706,-0.0003,0.7628,1.2514,-0.0000
37.584,0.4207,0.1426,-0.0712,-0.0003,0.7696,1.2627,-0.0000
37.596,0.4245,0.1439,-0.0718,-0.0003,0.7765,1.2740,-0.0000
37.608,0.4282,0.1452,-0.0725,-0.0003,0.7834,1.2853,-0.0000
37.620,0.4320,0.1465,-0.0731,-0.0003,0.7903,1.2966,-0.0000
37.632,0.4358,0.1477,-0.0738,-0.0003,0.7972,1.3079,-0.0000
37.644,0.4395,0.1490,-0.0744,-0.0003,0.8041,1.3192,-0.0000
37.656,0.4433,0.1503,-0.0750,-0.0003,0.8110,1.3305,-0.0000
37.668,0.4471,0.1516,-0.0757,-0.0003,0.8179,1.3418,-0.0000
37.680,0.4508,0.1529,-0.0763,-0.0003,0.8248,1.3531,-0.0000
37.692,0.4546,0.1541,-0.0769,-0.0003,0.8317,1.3644,-0.0000
37.704,0.4584,0.1554,-0.0776,-0.0003,0.8386,1.3757,-0.0000
37.716,0.4621,0.1567,-0.0782,-0.0004,0.8455,1.3871,-0.0000
37.728,0.4659,0.1580,-0.0789,-0.0004,0.8524,1.3984,-0.0000
37.740,0.4697,0.1592,-0.0795,-0.0004,0.8592,1.4097,-0.0000
37.752,0.4734,0.1605,-0.0801,-0.0004,0.8661,1.4210,-0.0000
37.764,0.4772,0.1618,-0.0808,-0.0004,0.8730,1.4323,-0.0000
37.776,0.4810,0.1631,-0.0814,-0.0004,0.8799,1.4436,-0.0000
37.788,0.4847,0.1643,-0.0820,-0.0004,0.8868,1.4549,-0.0000
37.800,0.4885,0.1656,-0.0827,-0.0004,0.8937,1.4662,-0.0000
37.812,0.4923,0.1669,-0.0833,-0.0004,0.9006,1.4775,-0.0000
37.824,0.4960,0.1682,-0.0840,-0.0004,0.9075,1.4888,-0.0000
37.836,0.4998,0.1695,-0.0846,-0.0004,0.9144,1.5001,-0.0000
37.848,0.5036,0.1707,-0.0852,-0.0004,0.9213,1.5114,-0.0000
37.860,0.5073,0.1720,-0.0859,-0.0004,0.9282,1.5227,-0.0000
37.872,0.5111,0.1733,-0.0865,-0.0004,0.9351,1.5341,-0.0000
37.884,0.5149,0.1746,-0.0872,-0.0004,0.9420,1.5454,-0.0000
37.896,0.5186,0.1758,-0.0878,-0.0004,0.9488,1.5567,-0.0000
37.908,0.5224,0.1771,-0.0884,-0.0004,0.9557,1.5680,-0.0000
37.920,0.5262,0.1784,-0.0891,-0.0004,0.9626,1.5793,-0.0000
37.932,0.5299,0.1797,-0.0897,-0.0004,0.9695,1.5906,-0.0000
37.944,0.5337,0.1810,-0.0903,-0.0004,0.9764,1.6019,-0.0000
37.956,0.5375,0.1822,-0.0910,-0.0004,0.9833,1.6132,-0.0000
37.968,0.5412,0.1835,-0.0916,-0.0004,0.9902,1.6245,-0.0000
37.980,0.5450,0.1848,-0.0923,-0.0004,0.9971,1.6358,-0.0000
37.992,0.5488,0.1861,-0.0929,-0.0004,1.0040,1.6471,-0.0000
38.004,0.5525,0.1873,-0.0935,-0.0004,1.0109,1.6584,-0.0000
38.016,0.5563,0.1886,-0.0942,-0.0004,1.0178,1.6697,-0.0000
38.028,0.5601,0.1899,-0.0948,-0.0004,1.0247,1.6811,-0.0000
38.040,0.5638,0.1912,-0.0954,-0.0004,1.0316,1.6924,-0.0000
38.052,0.5676,0.1925,-0.0961,-0.0004,1.0384,1.7037,-0.0000
38.064,0.5714,0.1937,-0.0967,-0.0004,1.0453,1.7150,-0.0000
38.076,0.5751,0.1950,-0.0974,-0.0004,1.0522,1.7263,-0.0000
38.088,0.5789,0.1963,-0.0980,-0.0004,1.0591,1.7376,-0.0000
38.100,0.5827,0.1976,-0.0986,-0.0004,1.0660,1.7489,-0.0000
38.112,0.5864,0.1988,-0.0993,-0.0004,1.0729,1.7602,-0.0000
38.124,0.5902,0.2001,-0.0999,-0.0004,1.0798,1.7715,-0.0000
38.136,0.5940,0.2014,-0.1005,-0.0005,1.0867,1.7828,-0.0000
38.148,0.5977,0.2027,-0.1012,-0.0005,1.0936,1.7941,-0.0000
38.160,0.6015,0.2039,-0.1018,-0.0005,1.1005,1.8054,-0.0000
38.172,0.6053,0.2052,-0.1025,-0.0005,1.1074,1.8167,-0.0000
38.184,0.6091,0.2065,-0.1031,-0.0005,1.1143,1.8281,-0.0000
38.196,0.6128,0.2078,-0.1037,-0.0005,1.1212,1.8394,-0.0000
38.208,0.6166,0.2091,-0.1044,-0.0005,1.1280,1.8507,-0.0000
38.220,0.6204,0.2103,-0.1050,-0.0005,1.1349,1.8620,-0.0000
38.232,0.6241,0.2116,-0.1056,-0.0005,1.1418,1.8733,-0.0000
38.244,0.6279,0.2129,-0.1063,-0.0005,1.1487,1.8846,-0.0000
38.256,0.6317,0.2142,-0.1069,-0.0005,1.1556,1.8959,-0.0000
38.268,0.6354,0.2154,-0.1076,-0.0005,1.1625,1.9072,-0.0000
38.280,0.6392,0.2167,-0.1082,-0.0005,1.1694,1.9185,-0.0000
38.292,0.6430,0.2180,-0.1088,-0.0005,1.1763,1.9298,-0.0000
38.304,0.6467,0.2193,-0.1095,-0.0005,1.1832,1.9411,-0.0000
38.316,0.6505,0.2206,-0.1101,-0.0005,1.1901,1.9524,-0.0000
38.328,0.6543,0.2218,-0.1107,-0.0005,1.1970,1.9637,-0.0000
38.340,0.6580,0.2231,-0.1114,-0.0005,1.2039,1.9750,-0.0000
38.352,0.6618,0.2244,-0.1120,-0.0005,1.2108,1.9864,-0.0000
38.364,0.6656,0.2257,-0.1127,-0.0005,1.2176,1.9977,-0.0000
38.376,0.6693,0.2269,-0.1133,-0.0005,1.2245,2.0090,-0.0000
38.388,0.6731,0.2282,-0.1139,-0.0005,1.2314,2.0203,-0.0000
38.400,0.6769,0.2295,-0.1146,-0.0005,1.2383,2.0316,-0.0000
38.412,0.6806,0.2308,-0.1152,-0.0005,1.2452,2.0429,-0.0000
38.424,0.6844,0.2320,-0.1158,-0.0005,1.2521,2.0542,-0.0000
38.436,0.6882,0.2333,-0.1165,-0.0005,1.2590,2.0655,-0.0000
38.448,0.6919,0.2346,-0.1171,-0.0005,1.2659,2.0768,-0.0000
38.460,0.6957,0.2359,-0.1178,-0.0005,1.2728,2.0881,-0.0000
38.472,0.6995,0.2372,-0.1184,-0.0005,1.2797,2.0994,-0.0000
38.484,0.7032,0.2384,-0.1190,-0.0005,1.2866,2.1107,-0.0000
38.496,0.7070,0.2397,-0.1197,-0.0005,1.2935,2.1220,-0.0000
38.508,0.7108,0.2410,-0.1203,-0.0005,1.3004,2.1334,-0.0000
38.520,0.7145,0.2423,-0.1209,-0.0005,1.3072,2.1447,-0.0000
38.532,0.7183,0.2435,-0.1216,-0.0005,1.3141,2.1560,-0.0000
38.544,0.7221,0.2448,-0.1222,-0.0005,1.3210,2.1673,-0.0000
38.556,0.7258,0.2461,-0.1229,-0.0006,1.3279,2.1786,-0.0000
38.568,0.7296,0.2474,-0.1235,-0.0006,1.3348,2.1899,-0.0000
38.580,0.7334,0.2487,-0.1241,-0.0006,1.3417,2.2012,-0.0000
38.592,0.7371,0.2499,-0.1248,-0.0006,1.3486,2.2125,-0.0000
38.604,0.7409,0.2512,-0.1254,-0.0006,1.3555,2.2238,-0.0000
38.616,0.7447,0.2525,-0.1260,-0.0006,1.3624,2.2351,-0.0000
38.628,0.7484,0.2538,-0.1267,-0.0006,1.3693,2.2464,-0.0000
38.640,0.7522,0.2550,-0.1273,-0.0006,1.3762,2.2577,-0.0000
38.652,0.7560,0.2563,-0.1280,-0.0006,1.3831,2.2690,-0.0000
38.664,0.7594,0.2575,-0.1285,-0.0006,1.3894,2.2794,-0.0000
38.676,0.7625,0.2585,-0.1291,-0.0006,1.3950,2.2886,-0.0000
38.688,0.7652,0.2594,-0.1295,-0.0006,1.3999,2.2967,-0.0000
38.700,0.7675,0.2602,-0.1299,-0.0006,1.4042,2.3037,-0.0000
38.712,0.7696,0.2609,-0.1303,-0.0006,1.4080,2.3100,-0.0000
38.724,0.7714,0.2616,-0.1306,-0.0006,1.4114,2.3155,-0.0000
38.736,0.7731,0.2621,-0.1309,-0.0006,1.4143,2.3203,-0.0000
38.748,0.7745,0.2626,-0.1311,-0.0006,1.4169,2.3246,-0.0000
38.760,0.7757,0.2630,-0.1313,-0.0006,1.4192,2.3283,-0.0000
38.772,0.7768,0.2634,-0.1315,-0.0006,1.4212,2.3316,-0.0000
38.784,0.7778,0.2637,-0.1317,-0.0006,1.4229,2.3345,-0.0000
38.796,0.7786,0.2640,-0.1318,-0.0006,1.4245,2.3370,-0.0000
38.808,0.7794,0.2643,-0.1319,-0.0006,1.4259,2.3393,-0.0000
38.820,0.7800,0.2645,-0.1320,-0.0006,1.4271,2.3413,-0.0000
38.832,0.7806,0.2647,-0.1321,-0.0006,1.4281,2.3430,-0.0000
38.844,0.7806,0.2647,-0.1321,-0.0006,1.4281,2.3430,-0.0000
38.856,0.7806,0.2648,-0.1319,-0.0006,1.4277,2.3430,-0.0000
38.868,0.7806,0.2651,-0.1313,-0.0006,1.4270,2.3430,-0.0000
38.880,0.7806,0.2654,-0.1306,-0.0006,1.4259,2.3431,-0.0000
38.892,0.7807,0.2659,-0.1297,-0.0006,1.4246,2.3431,-0.0000
38.904,0.7807,0.2664,-0.1286,-0.0006,1.4230,2.3432,-0.0000
38.916,0.7807,0.2671,-0.1274,-0.0006,1.4212,2.3432,-0.0000
38.928,0.7807,0.2677,-0.1261,-0.0006,1.4192,2.3433,-0.0000
38.940,0.7807,0.2685,-0.1246,-0.0006,1.4171,2.3433,-0.0000
38.952,0.7808,0.2693,-0.1231,-0.0006,1.4148,2.3434,-0.0000
38.964,0.7808,0.2701,-0.1214,-0.0006,1.4124,2.3435,-0.0000
38.976,0.7808,0.2710,-0.1197,-0.0006,1.4099,2.3436,-0.0000
38.988,0.7809,0.2719,-0.1180,-0.0006,1.4073,2.3436,-0.0000
39.000,0.7809,0.2728,-0.1161,-0.0006,1.4046,2.3437,-0.0000
39.012,0.7809,0.2738,-0.1142,-0.0006,1.4018,2.3438,-0.0000
39.024,0.7809,0.2748,-0.1123,-0.0006,1.3989,2.3439,-0.0000
39.036,0.7810,0.2758,-0.1103,-0.0005,1.3960,2.3440,-0.0000
39.048,0.7810,0.2768,-0.1083,-0.0005,1.3931,2.3441,-0.0000
39.060,0.7811,0.2778,-0.1063,-0.0005,1.3900,2.3442,-0.0000
39.072,0.7811,0.2789,-0.1042,-0.0005,1.3870,2.3442,-0.0000
39.084,0.7811,0.2799,-0.1021,-0.0005,1.3839,2.3443,-0.0000
39.096,0.7812,0.2810,-0.1000,-0.0005,1.3808,2.3444,-0.0000
39.108,0.7812,0.2821,-0.0978,-0.0005,1.3777,2.3445,-0.0000
39.120,0.7812,0.2832,-0.0957,-0.0005,1.3745,2.3446,-0.0000
39.132,0.7813,0.2843,-0.0935,-0.0005,1.3713,2.3447,-0.0000
39.144,0.7813,0.2854,-0.0914,-0.0005,1.3681,2.3448,-0.0000
39.156,0.7813,0.2865,-0.0892,-0.0005,1.3649,2.3449,-0.0000
39.168,0.7814,0.2876,-0.0870,-0.0005,1.3617,2.3450,-0.0000
39.180,0.7814,0.2887,-0.0848,-0.0005,1.3584,2.3451,-0.0000
39.192,0.7814,0.2899,-0.0826,-0.0005,1.3551,2.3452,-0.0000
39.204,0.7815,0.2910,-0.0803,-0.0005,1.3519,2.3453,-0.0000
39.216,0.7815,0.2921,-0.0781,-0.0005,1.3486,2.3454,-0.0000
39.228,0.7816,0.2932,-0.0759,-0.0005,1.3453,2.3455,-0.0000
39.240,0.7816,0.2944,-0.0736,-0.0005,1.3420,2.3456,-0.0000
39.252,0.7816,0.2955,-0.0714,-0.0005,1.3387,2.3457,-0.0000
39.264,0.7817,0.2967,-0.0692,-0.0005,1.3354,2.3458,-0.0000
39.276,0.7817,0.2978,-0.0669,-0.0005,1.3321,2.3459,-0.0000
39.288,0.7818,0.2989,-0.0647,-0.0005,1.3288,2.3460,-0.0000
39.300,0.7818,0.3001,-0.0624,-0.0004,1.3255,2.3461,-0.0000
39.312,0.7818,0.3012,-0.0602,-0.0004,1.3222,2.3462,-0.0000
39.324,0.7819,0.3024,-0.0579,-0.0004,1.3189,2.3463,-0.0000
39.336,0.7819,0.3035,-0.0556,-0.0004,1.3155,2.3464,-0.0000
39.348,0.7819,0.3047,-0.0534,-0.0004,1.3122,2.3465,-0.0000
39.360,0.7820,0.3058,-0.0511,-0.0004,1.3089,2.3466,-0.0000
39.372,0.7820,0.3070,-0.0489,-0.0004,1.3055,2.3467,-0.0000
39.384,0.7821,0.3081,-0.0466,-0.0004,1.3022,2.3468,-0.0000
39.396,0.7821,0.3093,-0.0443,-0.0004,1.2989,2.3469,-0.0000
39.408,0.7821,0.3104,-0.0421,-0.0004,1.2956,2.3470,-0.0000
39.420,0.7822,0.3116,-0.0398,-0.0004,1.2922,2.3471,-0.0000
39.432,0.7822,0.3127,-0.0375,-0.0004,1.2889,2.3472,-0.0000
39.444,0.7822,0.3139,-0.0353,-0.0004,1.2856,2.3473,-0.0000
39.456,0.7823,0.3150,-0.0330,-0.0004,1.2822,2.3474,-0.0000
39.468,0.7823,0.3162,-0.0307,-0.0004,1.2789,2.3475,-0.0000
39.480,0.7824,0.3173,-0.0285,-0.0004,1.2755,2.3476,-0.0000
39.492,0.7824,0.3185,-0.0262,-0.0004,1.2722,2.3478,-0.0000
39.504,0.7824,0.3196,-0.0239,-0.0004,1.2689,2.3479,-0.0000
39.516,0.7825,0.3208,-0.0217,-0.0004,1.2655,2.3480,-0.0000
39.528,0.7825,0.3219,-0.0194,-0.0004,1.2622,2.3481,-0.0000
39.540,0.7826,0.3231,-0.0171,-0.0004,1.2589,2.3482,-0.0000
39.552,0.7826,0.3242,-0.0149,-0.0003,1.2555,2.3483,-0.0000
39.564,0.7826,0.3254,-0.0126,-0.0003,1.2522,2.3484,-0.0000
39.576,0.7827,0.3265,-0.0103,-0.0003,1.2488,2.3485,-0.0000
39.588,0.7827,0.3277,-0.0081,-0.0003,1.2455,2.3486,-0.0000
39.600,0.7827,0.3288,-0.0058,-0.0003,1.2422,2.3487,-0.0000
39.612,0.7828,0.3300,-0.0035,-0.0003,1.2388,2.3488,-0.0000
39.624,0.7828,0.3311,-0.0013,-0.0003,1.2355,2.3489,-0.0000
39.636,0.7829,0.3323,0.0010,-0.0003,1.2321,2.3490,-0.0000
39.648,0.7829,0.3334,0.0033,-0.0003,1.2288,2.3491,-0.0000
39.660,0.7829,0.3346,0.0055,-0.0003,1.2255,2.3492,-0.0000
39.672,0.7830,0.3357,0.0078,-0.0003,1.2221,2.3493,-0.0000
39.684,0.7830,0.3369,0.0101,-0.0003,1.2188,2.3494,-0.0000
39.696,0.7830,0.3381,0.0124,-0.0003,1.2154,2.3495,-0.0000
39.708,0.7831,0.3392,0.0146,-0.0003,1.2121,2.3496,-0.0000
39.720,0.7831,0.3404,0.0169,-0.0003,1.2088,2.3497,-0.0000
39.732,0.7832,0.3415,0.0192,-0.0003,1.2054,2.3498,-0.0000
39.744,0.7832,0.3427,0.0214,-0.0003,1.2021,2.3499,-0.0000
39.756,0.7832,0.3438,0.0237,-0.0003,1.1987,2.3500,-0.0000
39.768,0.7833,0.3450,0.0260,-0.0003,1.1954,2.3501,-0.0000
39.780,0.7833,0.3461,0.0282,-0.0003,1.1920,2.3502,-0.0000
39.792,0.7834,0.3473,0.0305,-0.0003,1.1887,2.3503,-0.0000
39.804,0.7834,0.3484,0.0328,-0.0002,1.1854,2.3504,-0.0000
39.816,0.7834,0.3496,0.0350,-0.0002,1.1820,2.3505,-0.0000
39.828,0.7835,0.3507,0.0373,-0.0002,1.1787,2.3506,-0.0000
39.840,0.7835,0.3519,0.0396,-0.0002,1.1753,2.3507,-0.0000
39.852,0.7835,0.3530,0.0419,-0.0002,1.1720,2.3508,-0.0000
39.864,0.7836,0.3542,0.0441,-0.0002,1.1687,2.3509,-0.0000
39.876,0.7836,0.3553,0.0464,-0.0002,1.1653,2.3510,-0.0000
39.888,0.7837,0.3565,0.0487,-0.0002,1.1620,2.3511,-0.0000
39.900,0.7837,0.3576,0.0509,-0.0002,1.1586,2.3512,-0.0000
39.912,0.7837,0.3588,0.0532,-0.0002,1.1553,2.3513,-0.0000
39.924,0.7838,0.3600,0.0555,-0.0002,1.1520,2.3514,-0.0000
39.936,0.7838,0.3611,0.0577,-0.0002,1.1486,2.3515,-0.0000
39.948,0.7839,0.3623,0.0600,-0.0002,1.1453,2.3516,-0.0000
39.960,0.7839,0.3634,0.0623,-0.0002,1.1419,2.3517,-0.0000
39.972,0.7839,0.3646,0.0646,-0.0002,1.1386,2.3518,-0.0000
39.984,0.7840,0.3657,0.0668,-0.0002,1.1353,2.3519,-0.0000
39.996,0.7840,0.3669,0.0691,-0.0002,1.1319,2.3520,-0.0000
40.008,0.7840,0.3680,0.0714,-0.0002,1.1286,2.3521,-0.0000
40.020,0.7841,0.3692,0.0736,-0.0002,1.1252,2.3522,-0.0000
40.032,0.7841,0.3703,0.0759,-0.0002,1.1219,2.3523,-0.0000
40.044,0.7842,0.3715,0.0782,-0.0001,1.1186,2.3524,-0.0000
40.056,0.7842,0.3726,0.0804,-0.0001,1.1152,2.3525,-0.0000
40.068,0.7842,0.3738,0.0827,-0.0001,1.1119,2.3526,-0.0000
40.080,0.7843,0.3749,0.0850,-0.0001,1.1085,2.3527,-0.0000
40.092,0.7843,0.3761,0.0872,-0.0001,1.1052,2.3528,-0.0000
40.104,0.7844,0.3772,0.0895,-0.0001,1.1018,2.3529,-0.0000
40.116,0.7844,0.3784,0.0918,-0.0001,1.0985,2.3531,-0.0000
40.128,0.7844,0.3795,0.0941,-0.0001,1.0952,2.3532,-0.0000
40.140,0.7845,0.3807,0.0963,-0.0001,1.0918,2.3533,-0.0000
40.152,0.7845,0.3819,0.0986,-0.0001,1.0885,2.3534,-0.0000
40.164,0.7845,0.3830,0.1009,-0.0001,1.0851,2.3535,-0.0000
40.176,0.7846,0.3842,0.1031,-0.0001,1.0818,2.3536,-0.0000
40.188,0.7846,0.3853,0.1054,-0.0001,1.0785,2.3537,-0.0000
40.200,0.7847,0.3865,0.1077,-0.0001,1.0751,2.3538,-0.0000
40.212,0.7847,0.3876,0.1099,-0.0001,1.0718,2.3539,-0.0000
40.224,0.7847,0.3888,0.1122,-0.0001,1.0684,2.3540,-0.0000
40.236,0.7848,0.3899,0.1145,-0.0001,1.0651,2.3541,-0.0000
40.248,0.7848,0.3911,0.1167,-0.0001,1.0618,2.3542,-0.0000
40.260,0.7848,0.3922,0.1190,-0.0001,1.0584,2.3543,-0.0000
40.272,0.7849,0.3934,0.1213,-0.0001,1.0551,2.3544,-0.0000
40.284,0.7849,0.3945,0.1236,-0.0001,1.0517,2.3545,-0.0000
40.296,0.7850,0.3957,0.1258,-0.0000,1.0484,2.3546,-0.0000
40.308,0.7850,0.3968,0.1281,-0.0000,1.0451,2.3547,-0.0000
40.320,0.7850,0.3980,0.1304,-0.0000,1.0417,2.3548,-0.0000
40.332,0.7851,0.3991,0.1326,-0.0000,1.0384,2.3549,-0.0000
40.344,0.7851,0.4003,0.1349,-0.0000,1.0350,2.3550,-0.0000
40.356,0.7851,0.4013,0.1369,-0.0000,1.0321,2.3551,-0.0000
40.368,0.7852,0.4022,0.1387,-0.0000,1.0295,2.3552,-0.0000
40.380,0.7852,0.4030,0.1402,-0.0000,1.0272,2.3552,-0.0000
40.392,0.7852,0.4037,0.1416,-0.0000,1.0252,2.3553,-0.0000
40.404,0.7852,0.4043,0.1428,-0.0000,1.0235,2.3553,-0.0000
40.416,0.7853,0.4048,0.1438,-0.0000,1.0219,2.3554,-0.0000
40.428,0.7853,0.4053,0.1447,-0.0000,1.0205,2.3554,-0.0005
40.440,0.7853,0.4057,0.1456,-0.0000,1.0193,2.3555,-0.0015
40.452,0.7853,0.4061,0.1463,-0.0000,1.0183,2.3555,-0.0029
40.464,0.7853,0.4064,0.1469,-0.0000,1.0174,2.3555,-0.0047
40.476,0.7853,0.4067,0.1475,-0.0000,1.0165,2.3556,-0.0068
40.488,0.7853,0.4069,0.1480,-0.0000,1.0158,2.3556,-0.0091
40.500,0.7853,0.4071,0.1484,-0.0000,1.0152,2.3556,-0.0117
40.512,0.7853,0.4073,0.1488,-0.0000,1.0146,2.3556,-0.0145
40.524,0.7854,0.4075,0.1491,-0.0000,1.0141,2.3556,-0.0175
40.536,0.7854,0.4077,0.1494,0.0000,1.0137,2.3556,-0.0207
40.548,0.7854,0.4078,0.1497,0.0000,1.0133,2.3556,-0.0240
40.560,0.7854,0.4079,0.1499,0.0000,1.0130,2.3557,-0.0275
40.572,0.7854,0.4080,0.1501,0.0000,1.0127,2.3557,-0.0311
40.584,0.7854,0.4081,0.1503,0.0000,1.0124,2.3557,-0.0347
40.596,0.7854,0.4082,0.1504,0.0000,1.0122,2.3557,-0.0385
40.608,0.7854,0.4082,0.1505,0.0000,1.0120,2.3557,-0.0423
40.620,0.7854,0.4083,0.1507,0.0000,1.0118,2.3557,-0.0462
40.632,0.7854,0.4084,0.1508,0.0000,1.0117,2.3557,-0.0502
40.644,0.7854,0.4084,0.1509,0.0000,1.0115,2.3557,-0.0542
40.656,0.7854,0.4084,0.1509,0.0000,1.0114,2.3557,-0.0582
40.668,0.7854,0.4085,0.1510,0.0000,1.0113,2.3557,-0.0623
40.680,0.7854,0.4085,0.1511,0.0000,1.0112,2.3557,-0.0665
40.692,0.7854,0.4085,0.1511,0.0000,1.0111,2.3557,-0.0706
40.704,0.7854,0.4086,0.1512,0.0000,1.0111,2.3557,-0.0748
40.716,0.7854,0.4086,0.1512,0.0000,1.0110,2.3557,-0.0791
40.728,0.7854,0.4086,0.1513,0.0000,1.0109,2.3557,-0.0833
40.740,0.7854,0.4086,0.1513,0.0000,1.0109,2.3557,-0.0876
40.752,0.7854,0.4086,0.1513,0.0000,1.0109,2.3557,-0.0918
40.764,0.7854,0.4087,0.1514,0.0000,1.0108,2.3557,-0.0961
40.776,0.7854,0.4087,0.1514,0.0000,1.0108,2.3557,-0.1004
40.788,0.7854,0.4087,0.1514,0.0000,1.0107,2.3557,-0.1047
40.800,0.7854,0.4087,0.1514,0.0000,1.0107,2.3557,-0.1091
40.812,0.7854,0.4087,0.1514,0.0000,1.0107,2.3557,-0.1134
40.824,0.7854,0.4087,0.1514,0.0000,1.0107,2.3557,-0.1178
40.836,0.7854,0.4087,0.1515,0.0000,1.0107,2.3557,-0.1221
40.848,0.7854,0.4087,0.1515,0.0000,1.0106,2.3557,-0.1265
40.860,0.7854,0.4087,0.1515,0.0000,1.0106,2.3557,-0.1308
40.872,0.7854,0.4087,0.1515,0.0000,1.0106,2.3557,-0.1352
40.884,0.7854,0.4087,0.1515,0.0000,1.0106,2.3557,-0.1396
40.896,0.7854,0.4087,0.1515,0.0000,1.0106,2.3557,-0.1439
40.908,0.7854,0.4087,0.1515,0.0000,1.0106,2.3557,-0.1483
40.920,0.7854,0.4087,0.1515,0.0000,1.0106,2.3557,-0.1527
40.932,0.7854,0.4087,0.1515,0.0000,1.0106,2.3557,-0.1571
40.944,0.7854,0.4087,0.1515,0.0000,1.0106,2.3557,-0.1614
40.956,0.7854,0.4087,0.1515,0.0000,1.0106,2.3557,-0.1658
40.968,0.7854,0.4087,0.1515,0.0000,1.0106,2.3557,-0.1702
40.980,0.7854,0.4087,0.1515,0.0000,1.0106,2.3557,-0.1746
40.992,0.7854,0.4087,0.1515,0.0000,1.0106,2.3557,-0.1790
41.004,0.7854,0.4087,0.1515,0.0000,1.0106,2.3557,-0.1834
41.016,0.7854,0.4087,0.1515,0.0000,1.0106,2.3557,-0.1878
41.028,0.7854,0.4087,0.1515,0.0000,1.0105,2.3557,-0.1922
41.040,0.7854,0.4087,0.1515,0.0000,1.0105,2.3557,-0.1966
41.052,0.7854,0.4087,0.1515,0.0000,1.0105,2.3557,-0.2010
41.064,0.7854,0.4087,0.1515,0.0000,1.0105,2.3557,-0.2054
41.076,0.7854,0.4087,0.1515,0.0000,1.0105,2.3557,-0.2098
41.088,0.7854,0.4087,0.1515,0.0000,1.0105,2.3557,-0.2142
41.100,0.7854,0.4087,0.1515,0.0000,1.0105,2.3557,-0.2186
41.112,0.7854,0.4085,0.1515,0.0000,1.0105,2.3557,-0.2230
41.124,0.7854,0.4080,0.1515,0.0000,1.0108,2.3557,-0.2274
41.136,0.7854,0.4074,0.1515,0.0000,1.0112,2.3557,-0.2317
41.148,0.7854,0.4068,0.1515,0.0000,1.0116,2.3557,-0.2361
41.160,0.7854,0.4062,0.1515,0.0000,1.0120,2.3557,-0.2405
41.172,0.7854,0.4056,0.1515,0.0000,1.0125,2.3557,-0.2449
41.184,0.7854,0.4049,0.1515,0.0000,1.0129,2.3557,-0.2493
41.196,0.7854,0.4042,0.1515,0.0000,1.0134,2.3557,-0.2537
41.208,0.7854,0.4036,0.1515,0.0000,1.0139,2.3557,-0.2581
41.220,0.7854,0.4029,0.1515,0.0000,1.0144,2.3557,-0.2625
41.232,0.7854,0.4023,0.1515,0.0000,1.0149,2.3557,-0.2669
41.244,0.7854,0.4016,0.1515,0.0000,1.0154,2.3557,-0.2713
41.256,0.7854,0.4009,0.1515,0.0000,1.0159,2.3557,-0.2757
41.268,0.7854,0.4003,0.1515,0.0000,1.0163,2.3557,-0.2801
41.280,0.7854,0.3996,0.1515,0.0000,1.0168,2.3557,-0.2845
41.292,0.7854,0.3990,0.1515,0.0000,1.0173,2.3557,-0.2889
41.304,0.7854,0.3983,0.1515,0.0000,1.0178,2.3557,-0.2933
41.316,0.7854,0.3977,0.1515,0.0000,1.0183,2.3557,-0.2977
41.328,0.7854,0.3970,0.1515,0.0000,1.0187,2.3557,-0.3021
41.340,0.7854,0.3964,0.1515,0.0000,1.0192,2.3557,-0.3065
41.352,0.7854,0.3957,0.1515,0.0000,1.0197,2.3557,-0.3109
41.364,0.7854,0.3951,0.1515,0.0000,1.0202,2.3557,-0.3153
41.376,0.7854,0.3944,0.1515,0.0000,1.0206,2.3557,-0.3197
41.388,0.7854,0.3938,0.1515,0.0000,1.0211,2.3557,-0.3241
41.400,0.7854,0.3932,0.1515,0.0000,1.0215,2.3557,-0.3285
41.412,0.7854,0.3925,0.1515,0.0000,1.0220,2.3557,-0.3329
41.424,0.7854,0.3919,0.1515,0.0000,1.0224,2.3557,-0.3373
41.436,0.7854,0.3913,0.1515,0.0000,1.0229,2.3557,-0.3417
41.448,0.7854,0.3906,0.1515,0.0000,1.0233,2.3557,-0.3461
41.460,0.7854,0.3900,0.1515,0.0000,1.0238,2.3557,-0.3505
41.472,0.7854,0.3894,0.1515,0.0000,1.0242,2.3557,-0.3549
41.484,0.7854,0.3887,0.1515,0.0000,1.0246,2.3557,-0.3593
41.496,0.7854,0.3881,0.1515,0.0000,1.0251,2.3557,-0.3637
41.508,0.7854,0.3875,0.1515,0.0000,1.0255,2.3557,-0.3681
41.520,0.7854,0.3869,0.1515,0.0000,1.0259,2.3557,-0.3725
41.532,0.7854,0.3863,0.1515,0.0000,1.0263,2.3557,-0.3769
41.544,0.7854,0.3857,0.1515,0.0000,1.0267,2.3557,-0.3813
41.556,0.7854,0.3851,0.1515,0.0000,1.0271,2.3557,-0.3857
41.568,0.7854,0.3845,0.1515,0.0000,1.0275,2.3557,-0.3901
41.580,0.7854,0.3839,0.1515,0.0000,1.0279,2.3557,-0.3945
41.592,0.7854,0.3833,0.1515,0.0000,1.0283,2.3557,-0.3989
41.604,0.7854,0.3827,0.1515,0.0000,1.0287,2.3557,-0.4033
41.616,0.7854,0.3821,0.1515,0.0000,1.0291,2.3557,-0.4077
41.628,0.7854,0.3815,0.1515,0.0000,1.0295,2.3557,-0.4116
41.640,0.7854,0.3810,0.1515,0.0000,1.0298,2.3557,-0.4150
41.652,0.7854,0.3806,0.1515,0.0000,1.0301,2.3557,-0.4180
41.664,0.7854,0.3804,0.1513,0.0000,1.0306,2.3557,-0.4206
41.676,0.7854,0.3802,0.1508,0.0000,1.0313,2.3557,-0.4230
41.688,0.7854,0.3800,0.1500,0.0000,1.0323,2.3557,-0.4250
41.700,0.7854,0.3797,0.1491,0.0000,1.0336,2.3557,-0.4268
41.712,0.7854,0.3793,0.1480,-0.0000,1.0351,2.3557,-0.4284
41.724,0.7854,0.3788,0.1468,-0.0000,1.0368,2.3557,-0.4298
41.736,0.7854,0.3783,0.1455,-0.0000,1.0387,2.3557,-0.4310
41.748,0.7854,0.3778,0.1440,-0.0000,1.0407,2.3557,-0.4321
41.760,0.7854,0.3772,0.1425,-0.0000,1.0429,2.3557,-0.4330
41.772,0.7854,0.3765,0.1408,-0.0000,1.0452,2.3557,-0.4339
41.784,0.7854,0.3758,0.1391,-0.0000,1.0477,2.3557,-0.4346
41.796,0.7854,0.3751,0.1373,-0.0000,1.0502,2.3557,-0.4353
41.808,0.7854,0.3744,0.1355,-0.0000,1.0528,2.3557,-0.4358
41.820,0.7854,0.3737,0.1336,-0.0000,1.0555,2.3557,-0.4363
41.832,0.7854,0.3729,0.1316,-0.0000,1.0583,2.3557,-0.4368
41.844,0.7854,0.3721,0.1297,-0.0000,1.0611,2.3557,-0.4372
41.856,0.7854,0.3713,0.1277,-0.0000,1.0640,2.3557,-0.4375
41.868,0.7853,0.3705,0.1256,-0.0000,1.0669,2.3557,-0.4378
41.880,0.7853,0.3696,0.1235,-0.0001,1.0699,2.3557,-0.4381
41.892,0.7853,0.3688,0.1214,-0.0001,1.0729,2.3557,-0.4383
41.904,0.7853,0.3679,0.1193,-0.0001,1.0759,2.3557,-0.4385
41.916,0.7853,0.3671,0.1172,-0.0001,1.0789,2.3557,-0.4387
41.928,0.7853,0.3662,0.1150,-0.0001,1.0820,2.3557,-0.4388
41.940,0.7853,0.3653,0.1128,-0.0001,1.0851,2.3557,-0.4390
41.952,0.7853,0.3645,0.1107,-0.0001,1.0882,2.3557,-0.4391
41.964,0.7853,0.3636,0.1085,-0.0001,1.0913,2.3557,-0.4392
41.976,0.7853,0.3627,0.1063,-0.0001,1.0945,2.3557,-0.4393
41.988,0.7853,0.3618,0.1041,-0.0001,1.0976,2.3557,-0.4394
42.000,0.7853,0.3609,0.1018,-0.0001,1.1008,2.3557,-0.4395
42.012,0.7853,0.3600,0.0996,-0.0001,1.1040,2.3557,-0.4395
42.024,0.7853,0.3591,0.0974,-0.0001,1.1072,2.3557,-0.4396
42.036,0.7853,0.3582,0.0951,-0.0001,1.1104,2.3557,-0.4396
42.048,0.7853,0.3573,0.0929,-0.0001,1.1136,2.3557,-0.4397
42.060,0.7853,0.3564,0.0907,-0.0001,1.1168,2.3557,-0.4397
42.072,0.7853,0.3555,0.0884,-0.0001,1.1200,2.3557,-0.4397
42.084,0.7853,0.3546,0.0862,-0.0001,1.1232,2.3557,-0.4398
42.096,0.7853,0.3537,0.0839,-0.0001,1.1264,2.3557,-0.4398
42.108,0.7853,0.3528,0.0816,-0.0001,1.1296,2.3557,-0.4398
42.120,0.7853,0.3518,0.0794,-0.0001,1.1329,2.3557,-0.4398
42.132,0.7853,0.3509,0.0771,-0.0002,1.1361,2.3557,-0.4399
42.144,0.7853,0.3500,0.0749,-0.0002,1.1393,2.3557,-0.4399
42.156,0.7852,0.3491,0.0726,-0.0002,1.1426,2.3557,-0.4399
42.168,0.7852,0.3482,0.0703,-0.0002,1.1458,2.3557,-0.4399
42.180,0.7852,0.3473,0.0681,-0.0002,1.1490,2.3557,-0.4399
42.192,0.7852,0.3464,0.0658,-0.0002,1.1523,2.3557,-0.4399
42.204,0.7852,0.3454,0.0635,-0.0002,1.1555,2.3557,-0.4399
42.216,0.7852,0.3445,0.0613,-0.0002,1.1587,2.3557,-0.4399
42.228,0.7852,0.3436,0.0590,-0.0002,1.1620,2.3557,-0.4400
42.240,0.7852,0.3427,0.0567,-0.0002,1.1652,2.3557,-0.4400
42.252,0.7852,0.3418,0.0544,-0.0002,1.1685,2.3557,-0.4400
42.264,0.7852,0.3409,0.0522,-0.0002,1.1717,2.3557,-0.4400
42.276,0.7852,0.3399,0.0499,-0.0002,1.1750,2.3557,-0.4400
42.288,0.7852,0.3390,0.0476,-0.0002,1.1782,2.3557,-0.4400
42.300,0.7852,0.3381,0.0454,-0.0002,1.1814,2.3557,-0.4400
42.312,0.7852,0.3372,0.0431,-0.0002,1.1847,2.3557,-0.4400
42.324,0.7852,0.3363,0.0408,-0.0002,1.1879,2.3557,-0.4400
42.336,0.7852,0.3353,0.0385,-0.0002,1.1912,2.3557,-0.4400
42.348,0.7852,0.3344,0.0363,-0.0002,1.1944,2.3557,-0.4400
42.360,0.7852,0.3335,0.0340,-0.0002,1.1977,2.3557,-0.4400
42.372,0.7852,0.3326,0.0317,-0.0002,1.2009,2.3557,-0.4400
42.384,0.7852,0.3317,0.0294,-0.0003,1.2042,2.3557,-0.4400
42.396,0.7852,0.3308,0.0272,-0.0003,1.2074,2.3557,-0.4400
42.408,0.7852,0.3298,0.0249,-0.0003,1.2107,2.3557,-0.4400
42.420,0.7852,0.3289,0.0226,-0.0003,1.2139,2.3557,-0.4400
42.432,0.7851,0.3280,0.0203,-0.0003,1.2172,2.3557,-0.4400
42.444,0.7851,0.3271,0.0181,-0.0003,1.2204,2.3557,-0.4400
42.456,0.7851,0.3262,0.0158,-0.0003,1.2237,2.3557,-0.4400
42.468,0.7851,0.3252,0.0135,-0.0003,1.2269,2.3557,-0.4400
42.480,0.7851,0.3243,0.0112,-0.0003,1.2302,2.3557,-0.4400
42.492,0.7851,0.3234,0.0090,-0.0003,1.2334,2.3557,-0.4400
42.504,0.7851,0.3225,0.0067,-0.0003,1.2367,2.3557,-0.4400
42.516,0.7851,0.3216,0.0044,-0.0003,1.2399,2.3557,-0.4400
42.528,0.7851,0.3206,0.0021,-0.0003,1.2431,2.3557,-0.4400
42.540,0.7851,0.3197,-0.0001,-0.0003,1.2464,2.3557,-0.4400
42.552,0.7851,0.3188,-0.0024,-0.0003,1.2496,2.3557,-0.4400
42.564,0.7851,0.3179,-0.0047,-0.0003,1.2529,2.3557,-0.4400
42.576,0.7851,0.3170,-0.0070,-0.0003,1.2561,2.3557,-0.4400
42.588,0.7851,0.3160,-0.0092,-0.0003,1.2594,2.3557,-0.4400
42.600,0.7851,0.3151,-0.0115,-0.0003,1.2626,2.3557,-0.4400
42.612,0.7851,0.3142,-0.0138,-0.0003,1.2659,2.3557,-0.4400
42.624,0.7851,0.3133,-0.0161,-0.0003,1.2691,2.3557,-0.4400
42.636,0.7851,0.3124,-0.0183,-0.0004,1.2724,2.3557,-0.4400
42.648,0.7851,0.3115,-0.0206,-0.0004,1.2756,2.3557,-0.4400
42.660,0.7851,0.3105,-0.0229,-0.0004,1.2789,2.3557,-0.4400
42.672,0.7851,0.3096,-0.0252,-0.0004,1.2821,2.3557,-0.4400
42.684,0.7851,0.3087,-0.0274,-0.0004,1.2854,2.3557,-0.4400
42.696,0.7851,0.3078,-0.0297,-0.0004,1.2886,2.3557,-0.4400
42.708,0.7850,0.3069,-0.0320,-0.0004,1.2919,2.3557,-0.4400
42.720,0.7850,0.3059,-0.0343,-0.0004,1.2951,2.3557,-0.4400
42.732,0.7850,0.3050,-0.0365,-0.0004,1.2984,2.3557,-0.4400
42.744,0.7850,0.3041,-0.0388,-0.0004,1.3016,2.3557,-0.4400
42.756,0.7850,0.3032,-0.0411,-0.0004,1.3049,2.3557,-0.4400
42.768,0.7850,0.3023,-0.0434,-0.0004,1.3081,2.3557,-0.4400
42.780,0.7850,0.3013,-0.0456,-0.0004,1.3114,2.3557,-0.4400
42.792,0.7850,0.3004,-0.0479,-0.0004,1.3146,2.3557,-0.4400
42.804,0.7850,0.2995,-0.0502,-0.0004,1.3179,2.3557,-0.4400
42.816,0.7850,0.2986,-0.0525,-0.0004,1.3211,2.3557,-0.4400
42.828,0.7850,0.2977,-0.0547,-0.0004,1.3244,2.3557,-0.4400
42.840,0.7850,0.2967,-0.0570,-0.0004,1.3276,2.3557,-0.4400
42.852,0.7850,0.2958,-0.0593,-0.0004,1.3309,2.3557,-0.4400
42.864,0.7850,0.2949,-0.0616,-0.0004,1.3341,2.3557,-0.4400
42.876,0.7850,0.2940,-0.0638,-0.0005,1.3374,2.3557,-0.4400
42.888,0.7850,0.2931,-0.0661,-0.0005,1.3406,2.3557,-0.4400
42.900,0.7850,0.2922,-0.0684,-0.0005,1.3439,2.3557,-0.4400
42.912,0.7850,0.2912,-0.0707,-0.0005,1.3471,2.3557,-0.4400
42.924,0.7850,0.2903,-0.0729,-0.0005,1.3504,2.3557,-0.4400
42.936,0.7850,0.2894,-0.0752,-0.0005,1.3536,2.3557,-0.4400
42.948,0.7850,0.2885,-0.0775,-0.0005,1.3568,2.3557,-0.4400
42.960,0.7850,0.2876,-0.0798,-0.0005,1.3601,2.3557,-0.4400
42.972,0.7850,0.2866,-0.0820,-0.0005,1.3633,2.3557,-0.4400
42.984,0.7850,0.2857,-0.0843,-0.0005,1.3666,2.3557,-0.4400
42.996,0.7849,0.2848,-0.0866,-0.0005,1.3698,2.3557,-0.4400
43.008,0.7849,0.2839,-0.0889,-0.0005,1.3731,2.3557,-0.4400
43.020,0.7849,0.2830,-0.0911,-0.0005,1.3763,2.3557,-0.4400
43.032,0.7849,0.2820,-0.0934,-0.0005,1.3796,2.3557,-0.4400
43.044,0.7849,0.2811,-0.0957,-0.0005,1.3828,2.3557,-0.4400
43.056,0.7849,0.2802,-0.0980,-0.0005,1.3861,2.3557,-0.4400
43.068,0.7849,0.2793,-0.1002,-0.0005,1.3893,2.3557,-0.4400
43.080,0.7849,0.2784,-0.1025,-0.0005,1.3926,2.3557,-0.4400
43.092,0.7849,0.2774,-0.1048,-0.0005,1.3958,2.3557,-0.4400
43.104,0.7849,0.2765,-0.1071,-0.0005,1.3991,2.3557,-0.4400
43.116,0.7849,0.2756,-0.1093,-0.0005,1.4023,2.3557,-0.4400
43.128,0.7849,0.2747,-0.1116,-0.0006,1.4056,2.3557,-0.4400
43.140,0.7849,0.2738,-0.1139,-0.0006,1.4088,2.3557,-0.4400
43.152,0.7849,0.2729,-0.1162,-0.0006,1.4121,2.3557,-0.4400
43.164,0.7849,0.2720,-0.1182,-0.0006,1.4149,2.3557,-0.4400
43.176,0.7849,0.2713,-0.1199,-0.0006,1.4175,2.3557,-0.4400
43.188,0.7849,0.2707,-0.1215,-0.0006,1.4197,2.3557,-0.4400
43.200,0.7849,0.2702,-0.1228,-0.0006,1.4216,2.3557,-0.4400
43.212,0.7849,0.2697,-0.1240,-0.0006,1.4233,2.3557,-0.4400
43.224,0.7849,0.2697,-0.1240,-0.0006,1.4233,2.3557,-0.4400
43.236,0.7840,0.2697,-0.1240,-0.0006,1.4233,2.3558,-0.4400
43.248,0.7824,0.2696,-0.1240,-0.0006,1.4233,2.3558,-0.4400
43.260,0.7801,0.2696,-0.1240,-0.0006,1.4233,2.3559,-0.4400
43.272,0.7772,0.2696,-0.1240,-0.0006,1.4233,2.3561,-0.4400
43.284,0.7738,0.2696,-0.1240,-0.0006,1.4233,2.3562,-0.4400
43.296,0.7699,0.2695,-0.1240,-0.0006,1.4233,2.3564,-0.4400
43.308,0.7656,0.2695,-0.1239,-0.0006,1.4233,2.3565,-0.4400
43.320,0.7610,0.2695,-0.1239,-0.0006,1.4233,2.3567,-0.4400
43.332,0.7560,0.2694,-0.1239,-0.0007,1.4232,2.3570,-0.4400
43.344,0.7508,0.2694,-0.1238,-0.0007,1.4232,2.3572,-0.4400
43.356,0.7453,0.2693,-0.1238,-0.0007,1.4232,2.3574,-0.4400
43.368,0.7397,0.2693,-0.1238,-0.0007,1.4232,2.3576,-0.4400
43.380,0.7338,0.2692,-0.1237,-0.0007,1.4232,2.3579,-0.4400
43.392,0.7278,0.2692,-0.1237,-0.0007,1.4232,2.3581,-0.4400
43.404,0.7216,0.2691,-0.1237,-0.0008,1.4232,2.3584,-0.4400
43.416,0.7153,0.2691,-0.1236,-0.0008,1.4231,2.3587,-0.4400
43.428,0.7089,0.2690,-0.1236,-0.0008,1.4231,2.3589,-0.4400
43.440,0.7024,0.2690,-0.1236,-0.0008,1.4231,2.3592,-0.4400
43.452,0.6958,0.2689,-0.1235,-0.0008,1.4231,2.3595,-0.4400
43.464,0.6891,0.2688,-0.1235,-0.0009,1.4231,2.3598,-0.4400
43.476,0.6823,0.2688,-0.1234,-0.0009,1.4230,2.3601,-0.4400
43.488,0.6755,0.2687,-0.1234,-0.0009,1.4230,2.3603,-0.4400
43.500,0.6687,0.2687,-0.1234,-0.0009,1.4230,2.3606,-0.4400
43.512,0.6618,0.2686,-0.1233,-0.0009,1.4230,2.3609,-0.4400
43.524,0.6548,0.2685,-0.1233,-0.0009,1.4230,2.3612,-0.4400
43.536,0.6479,0.2685,-0.1232,-0.0010,1.4230,2.3615,-0.4400
43.548,0.6409,0.2684,-0.1232,-0.0010,1.4229,2.3618,-0.4400
43.560,0.6338,0.2684,-0.1232,-0.0010,1.4229,2.3621,-0.4400
43.572,0.6268,0.2683,-0.1231,-0.0010,1.4229,2.3624,-0.4400
43.584,0.6197,0.2682,-0.1231,-0.0010,1.4229,2.3627,-0.4400
43.596,0.6126,0.2682,-0.1230,-0.0011,1.4229,2.3630,-0.4400
43.608,0.6055,0.2681,-0.1230,-0.0011,1.4228,2.3633,-0.4400
43.620,0.5983,0.2680,-0.1230,-0.0011,1.4228,2.3636,-0.4400
43.632,0.5912,0.2680,-0.1229,-0.0011,1.4228,2.3639,-0.4400
43.644,0.5840,0.2679,-0.1229,-0.0011,1.4228,2.3642,-0.4400
43.656,0.5769,0.2679,-0.1228,-0.0012,1.4228,2.3645,-0.4400
43.668,0.5697,0.2678,-0.1228,-0.0012,1.4227,2.3648,-0.4400
43.680,0.5625,0.2677,-0.1227,-0.0012,1.4227,2.3651,-0.4400
43.692,0.5553,0.2677,-0.1227,-0.0012,1.4227,2.3654,-0.4400
43.704,0.5481,0.2676,-0.1227,-0.0013,1.4227,2.3657,-0.4400
43.716,0.5409,0.2675,-0.1226,-0.0013,1.4227,2.3660,-0.4400
43.728,0.5337,0.2675,-0.1226,-0.0013,1.4226,2.3663,-0.4400
43.740,0.5265,0.2674,-0.1225,-0.0013,1.4226,2.3666,-0.4400
43.752,0.5193,0.2674,-0.1225,-0.0013,1.4226,2.3669,-0.4400
43.764,0.5121,0.2673,-0.1224,-0.0014,1.4226,2.3672,-0.4400
43.776,0.5049,0.2672,-0.1224,-0.0014,1.4226,2.3676,-0.4400
43.788,0.4977,0.2672,-0.1224,-0.0014,1.4225,2.3679,-0.4400
43.800,0.4904,0.2671,-0.1223,-0.0014,1.4225,2.3682,-0.4400
43.812,0.4832,0.2670,-0.1223,-0.0014,1.4225,2.3685,-0.4400
43.824,0.4760,0.2670,-0.1222,-0.0015,1.4225,2.3688,-0.4400
43.836,0.4688,0.2669,-0.1222,-0.0015,1.4225,2.3691,-0.4400
43.848,0.4615,0.2669,-0.1221,-0.0015,1.4225,2.3694,-0.4400
43.860,0.4543,0.2668,-0.1221,-0.0015,1.4224,2.3697,-0.4400
43.872,0.4471,0.2667,-0.1221,-0.0015,1.4224,2.3700,-0.4400
43.884,0.4398,0.2667,-0.1220,-0.0016,1.4224,2.3703,-0.4400
43.896,0.4326,0.2666,-0.1220,-0.0016,1.4224,2.3706,-0.4400
43.908,0.4254,0.2665,-0.1219,-0.0016,1.4224,2.3709,-0.4400
43.920,0.4182,0.2665,-0.1219,-0.0016,1.4223,2.3712,-0.4400
43.932,0.4109,0.2664,-0.1219,-0.0016,1.4223,2.3715,-0.4400
43.944,0.4037,0.2664,-0.1218,-0.0017,1.4223,2.3718,-0.4400
43.956,0.3964,0.2663,-0.1218,-0.0017,1.4223,2.3721,-0.4400
43.968,0.3892,0.2662,-0.1217,-0.0017,1.4223,2.3724,-0.4400
43.980,0.3820,0.2662,-0.1217,-0.0017,1.4222,2.3727,-0.4400
43.992,0.3747,0.2661,-0.1216,-0.0017,1.4222,2.3730,-0.4400
44.004,0.3675,0.2660,-0.1216,-0.0018,1.4222,2.3734,-0.4400
44.016,0.3603,0.2660,-0.1216,-0.0018,1.4222,2.3737,-0.4400
44.028,0.3530,0.2659,-0.1215,-0.0018,1.4222,2.3740,-0.4400
44.040,0.3458,0.2658,-0.1215,-0.0018,1.4221,2.3743,-0.4400
44.052,0.3386,0.2658,-0.1214,-0.0018,1.4221,2.3746,-0.4400
44.064,0.3313,0.2657,-0.1214,-0.0019,1.4221,2.3749,-0.4400
44.076,0.3241,0.2657,-0.1213,-0.0019,1.4221,2.3752,-0.4400
44.088,0.3169,0.2656,-0.1213,-0.0019,1.4221,2.3755,-0.4400
44.100,0.3096,0.2655,-0.1213,-0.0019,1.4220,2.3758,-0.4400
44.112,0.3024,0.2655,-0.1212,-0.0019,1.4220,2.3761,-0.4400
44.124,0.2951,0.2654,-0.1212,-0.0020,1.4220,2.3764,-0.4400
44.136,0.2879,0.2653,-0.1211,-0.0020,1.4220,2.3767,-0.4400
44.148,0.2807,0.2653,-0.1211,-0.0020,1.4220,2.3770,-0.4400
44.160,0.2734,0.2652,-0.1210,-0.0020,1.4219,2.3773,-0.4400
44.172,0.2662,0.2652,-0.1210,-0.0021,1.4219,2.3776,-0.4400
44.184,0.2590,0.2651,-0.1210,-0.0021,1.4219,2.3779,-0.4400
44.196,0.2517,0.2650,-0.1209,-0.0021,1.4219,2.3782,-0.4400
44.208,0.2445,0.2650,-0.1209,-0.0021,1.4219,2.3785,-0.4400
44.220,0.2372,0.2649,-0.1208,-0.0021,1.4218,2.3788,-0.4400
44.232,0.2300,0.2648,-0.1208,-0.0022,1.4218,2.3792,-0.4400
44.244,0.2228,0.2648,-0.1207,-0.0022,1.4218,2.3795,-0.4400
44.256,0.2155,0.2647,-0.1207,-0.0022,1.4218,2.3798,-0.4400
44.268,0.2083,0.2647,-0.1207,-0.0022,1.4218,2.3801,-0.4400
44.280,0.2011,0.2646,-0.1206,-0.0022,1.4217,2.3804,-0.4400
44.292,0.1938,0.2645,-0.1206,-0.0023,1.4217,2.3807,-0.4400
44.304,0.1866,0.2645,-0.1205,-0.0023,1.4217,2.3810,-0.4400
44.316,0.1793,0.2644,-0.1205,-0.0023,1.4217,2.3813,-0.4400
44.328,0.1721,0.2643,-0.1204,-0.0023,1.4217,2.3816,-0.4400
44.340,0.1649,0.2643,-0.1204,-0.0023,1.4216,2.3819,-0.4400
44.352,0.1576,0.2642,-0.1204,-0.0024,1.4216,2.3822,-0.4400
44.364,0.1504,0.2642,-0.1203,-0.0024,1.4216,2.3825,-0.4400
44.376,0.1432,0.2641,-0.1203,-0.0024,1.4216,2.3828,-0.4400
44.388,0.1359,0.2640,-0.1202,-0.0024,1.4216,2.3831,-0.4400
44.400,0.1287,0.2640,-0.1202,-0.0024,1.4215,2.3834,-0.4400
44.412,0.1215,0.2639,-0.1202,-0.0025,1.4215,2.3837,-0.4400
44.424,0.1142,0.2638,-0.1201,-0.0025,1.4215,2.3840,-0.4400
44.436,0.1070,0.2638,-0.1201,-0.0025,1.4215,2.3843,-0.4400
44.448,0.0997,0.2637,-0.1200,-0.0025,1.4215,2.3847,-0.4400
44.460,0.0925,0.2636,-0.1200,-0.0025,1.4215,2.3850,-0.4400
44.472,0.0853,0.2636,-0.1199,-0.0026,1.4214,2.3853,-0.4400
44.484,0.0780,0.2635,-0.1199,-0.0026,1.4214,2.3856,-0.4400
44.496,0.0708,0.2635,-0.1199,-0.0026,1.4214,2.3859,-0.4400
44.508,0.0636,0.2634,-0.1198,-0.0026,1.4214,2.3862,-0.4400
44.520,0.0563,0.2633,-0.1198,-0.0026,1.4214,2.3865,-0.4400
44.532,0.0491,0.2633,-0.1197,-0.0027,1.4213,2.3868,-0.4400
44.544,0.0418,0.2632,-0.1197,-0.0027,1.4213,2.3871,-0.4400
44.556,0.0346,0.2631,-0.1196,-0.0027,1.4213,2.3874,-0.4400
44.568,0.0274,0.2631,-0.1196,-0.0027,1.4213,2.3877,-0.4400
44.580,0.0201,0.2630,-0.1196,-0.0028,1.4213,2.3880,-0.4400
44.592,0.0129,0.2630,-0.1195,-0.0028,1.4212,2.3883,-0.4400
44.604,0.0057,0.2629,-0.1195,-0.0028,1.4212,2.3886,-0.4400
44.616,-0.0016,0.2628,-0.1194,-0.0028,1.4212,2.3889,-0.4400
44.628,-0.0088,0.2628,-0.1194,-0.0028,1.4212,2.3892,-0.4400
44.640,-0.0161,0.2627,-0.1193,-0.0029,1.4212,2.3895,-0.4400
44.652,-0.0233,0.2626,-0.1193,-0.0029,1.4211,2.3898,-0.4400
44.664,-0.0305,0.2626,-0.1193,-0.0029,1.4211,2.3901,-0.4400
44.676,-0.0378,0.2625,-0.1192,-0.0029,1.4211,2.3905,-0.4400
44.688,-0.0450,0.2625,-0.1192,-0.0029,1.4211,2.3908,-0.4400
44.700,-0.0522,0.2624,-0.1191,-0.0030,1.4211,2.3911,-0.4400
44.712,-0.0595,0.2623,-0.1191,-0.0030,1.4210,2.3914,-0.4400
44.724,-0.0667,0.2623,-0.1190,-0.0030,1.4210,2.3917,-0.4400
44.736,-0.0740,0.2622,-0.1190,-0.0030,1.4210,2.3920,-0.4400
44.748,-0.0812,0.2621,-0.1190,-0.0030,1.4210,2.3923,-0.4400
44.760,-0.0884,0.2621,-0.1189,-0.0031,1.4210,2.3926,-0.4400
44.772,-0.0957,0.2620,-0.1189,-0.0031,1.4209,2.3929,-0.4400
44.784,-0.1029,0.2619,-0.1188,-0.0031,1.4209,2.3932,-0.4400
44.796,-0.1101,0.2619,-0.1188,-0.0031,1.4209,2.3935,-0.4400
44.808,-0.1174,0.2618,-0.1187,-0.0031,1.4209,2.3938,-0.4400
44.820,-0.1246,0.2618,-0.1187,-0.0032,1.4209,2.3941,-0.4400
44.832,-0.1319,0.2617,-0.1187,-0.0032,1.4208,2.3944,-0.4400
44.844,-0.1391,0.2616,-0.1186,-0.0032,1.4208,2.3947,-0.4400
44.856,-0.1463,0.2616,-0.1186,-0.0032,1.4208,2.3950,-0.4400
44.868,-0.1536,0.2615,-0.1185,-0.0032,1.4208,2.3953,-0.4400
44.880,-0.1608,0.2614,-0.1185,-0.0033,1.4208,2.3956,-0.4400
44.892,-0.1680,0.2614,-0.1185,-0.0033,1.4207,2.3960,-0.4400
44.904,-0.1753,0.2613,-0.1184,-0.0033,1.4207,2.3963,-0.4400
44.916,-0.1825,0.2613,-0.1184,-0.0033,1.4207,2.3966,-0.4400
44.928,-0.1898,0.2612,-0.1183,-0.0033,1.4207,2.3969,-0.4400
44.940,-0.1970,0.2611,-0.1183,-0.0034,1.4207,2.3972,-0.4400
44.952,-0.2042,0.2611,-0.1182,-0.0034,1.4206,2.3975,-0.4400
44.964,-0.2115,0.2610,-0.1182,-0.0034,1.4206,2.3978,-0.4400
44.976,-0.2187,0.2609,-0.1182,-0.0034,1.4206,2.3981,-0.4400
44.988,-0.2259,0.2609,-0.1181,-0.0034,1.4206,2.3984,-0.4400
45.000,-0.2332,0.2608,-0.1181,-0.0035,1.4206,2.3987,-0.4400
45.012,-0.2404,0.2608,-0.1180,-0.0035,1.4205,2.3990,-0.4400
45.024,-0.2477,0.2607,-0.1180,-0.0035,1.4205,2.3993,-0.4400
45.036,-0.2549,0.2606,-0.1179,-0.0035,1.4205,2.3996,-0.4400
45.048,-0.2621,0.2606,-0.1179,-0.0036,1.4205,2.3999,-0.4400
45.060,-0.2694,0.2605,-0.1179,-0.0036,1.4205,2.4002,-0.4400
45.072,-0.2766,0.2604,-0.1178,-0.0036,1.4204,2.4005,-0.4400
45.084,-0.2838,0.2604,-0.1178,-0.0036,1.4204,2.4008,-0.4400
45.096,-0.2911,0.2603,-0.1177,-0.0036,1.4204,2.4011,-0.4400
45.108,-0.2983,0.2602,-0.1177,-0.0037,1.4204,2.4015,-0.4400
45.120,-0.3056,0.2602,-0.1176,-0.0037,1.4204,2.4018,-0.4400
45.132,-0.3128,0.2601,-0.1176,-0.0037,1.4204,2.4021,-0.4400
45.144,-0.3200,0.2601,-0.1176,-0.0037,1.4203,2.4024,-0.4400
45.156,-0.3273,0.2600,-0.1175,-0.0037,1.4203,2.4027,-0.4400
45.168,-0.3345,0.2599,-0.1175,-0.0038,1.4203,2.4030,-0.4400
45.180,-0.3417,0.2599,-0.1174,-0.0038,1.4203,2.4033,-0.4400
45.192,-0.3490,0.2598,-0.1174,-0.0038,1.4203,2.4036,-0.4400
45.204,-0.3562,0.2597,-0.1173,-0.0038,1.4202,2.4039,-0.4400
45.216,-0.3635,0.2597,-0.1173,-0.0038,1.4202,2.4042,-0.4400
45.228,-0.3707,0.2596,-0.1173,-0.0039,1.4202,2.4045,-0.4400
45.240,-0.3779,0.2596,-0.1172,-0.0039,1.4202,2.4048,-0.4400
45.252,-0.3852,0.2595,-0.1172,-0.0039,1.4202,2.4051,-0.4400
45.264,-0.3924,0.2594,-0.1171,-0.0039,1.4201,2.4054,-0.4400
45.276,-0.3996,0.2594,-0.1171,-0.0039,1.4201,2.4057,-0.4400
45.288,-0.4069,0.2593,-0.1170,-0.0040,1.4201,2.4060,-0.4400
45.300,-0.4141,0.2592,-0.1170,-0.0040,1.4201,2.4063,-0.4400
45.312,-0.4214,0.2592,-0.1170,-0.0040,1.4201,2.4066,-0.4400
45.324,-0.4286,0.2591,-0.1169,-0.0040,1.4200,2.4069,-0.4400
45.336,-0.4358,0.2591,-0.1169,-0.0040,1.4200,2.4073,-0.4400
45.348,-0.4431,0.2590,-0.1168,-0.0041,1.4200,2.4076,-0.4400
45.360,-0.4503,0.2589,-0.1168,-0.0041,1.4200,2.4079,-0.4400
45.372,-0.4575,0.2589,-0.1168,-0.0041,1.4200,2.4082,-0.4400
45.384,-0.4648,0.2588,-0.1167,-0.0041,1.4199,2.4085,-0.4400
45.396,-0.4720,0.2587,-0.1167,-0.0041,1.4199,2.4088,-0.4400
45.408,-0.4792,0.2587,-0.1166,-0.0042,1.4199,2.4091,-0.4400
45.420,-0.4865,0.2586,-0.1166,-0.0042,1.4199,2.4094,-0.4400
45.432,-0.4937,0.2586,-0.1165,-0.0042,1.4199,2.4097,-0.4400
45.444,-0.5010,0.2585,-0.1165,-0.0042,1.4198,2.4100,-0.4400
45.456,-0.5082,0.2584,-0.1165,-0.0043,1.4198,2.4103,-0.4400
45.468,-0.5154,0.2584,-0.1164,-0.0043,1.4198,2.4106,-0.4400
45.480,-0.5227,0.2583,-0.1164,-0.0043,1.4198,2.4109,-0.4400
45.492,-0.5299,0.2582,-0.1163,-0.0043,1.4198,2.4112,-0.4400
45.504,-0.5371,0.2582,-0.1163,-0.0043,1.4197,2.4115,-0.4400
45.516,-0.5444,0.2581,-0.1162,-0.0044,1.4197,2.4118,-0.4400
45.528,-0.5516,0.2580,-0.1162,-0.0044,1.4197,2.4121,-0.4400
45.540,-0.5589,0.2580,-0.1162,-0.0044,1.4197,2.4124,-0.4400
45.552,-0.5661,0.2579,-0.1161,-0.0044,1.4197,2.4128,-0.4400
45.564,-0.5733,0.2579,-0.1161,-0.0044,1.4196,2.4131,-0.4400
45.576,-0.5806,0.2578,-0.1160,-0.0045,1.4196,2.4134,-0.4400
45.588,-0.5878,0.2577,-0.1160,-0.0045,1.4196,2.4137,-0.4400
45.600,-0.5950,0.2577,-0.1159,-0.0045,1.4196,2.4140,-0.4400
45.612,-0.6023,0.2576,-0.1159,-0.0045,1.4196,2.4143,-0.4400
45.624,-0.6095,0.2575,-0.1159,-0.0045,1.4195,2.4146,-0.4400
45.636,-0.6168,0.2575,-0.1158,-0.0046,1.4195,2.4149,-0.4400
45.648,-0.6240,0.2574,-0.1158,-0.0046,1.4195,2.4152,-0.4400
45.660,-0.6312,0.2574,-0.1157,-0.0046,1.4195,2.4155,-0.4400
45.672,-0.6385,0.2573,-0.1157,-0.0046,1.4195,2.4158,-0.4400
45.684,-0.6457,0.2572,-0.1156,-0.0046,1.4194,2.4161,-0.4400
45.696,-0.6529,0.2572,-0.1156,-0.0047,1.4194,2.4164,-0.4400
45.708,-0.6602,0.2571,-0.1156,-0.0047,1.4194,2.4167,-0.4400
45.720,-0.6674,0.2570,-0.1155,-0.0047,1.4194,2.4170,-0.4400
45.732,-0.6741,0.2570,-0.1155,-0.0047,1.4194,2.4173,-0.4400
45.744,-0.6799,0.2569,-0.1154,-0.0047,1.4194,2.4176,-0.4400
45.756,-0.6851,0.2569,-0.1154,-0.0048,1.4193,2.4178,-0.4400
45.768,-0.6896,0.2568,-0.1154,-0.0048,1.4193,2.4180,-0.4400
45.780,-0.6936,0.2568,-0.1154,-0.0048,1.4193,2.4181,-0.4400
45.792,-0.6971,0.2568,-0.1153,-0.0048,1.4193,2.4183,-0.4400
45.804,-0.7002,0.2568,-0.1153,-0.0048,1.4193,2.4184,-0.4400
45.816,-0.7030,0.2567,-0.1153,-0.0048,1.4193,2.4185,-0.4400
45.828,-0.7053,0.2567,-0.1153,-0.0048,1.4193,2.4186,-0.4400
45.840,-0.7075,0.2567,-0.1153,-0.0048,1.4193,2.4187,-0.4400
45.852,-0.7093,0.2567,-0.1153,-0.0048,1.4193,2.4188,-0.4400
45.864,-0.7109,0.2567,-0.1153,-0.0048,1.4193,2.4189,-0.4400
45.876,-0.7109,0.2567,-0.1153,-0.0048,1.4193,2.4189,-0.4400
45.888,-0.7110,0.2568,-0.1150,-0.0048,1.4189,2.4189,-0.4400
45.900,-0.7110,0.2570,-0.1146,-0.0048,1.4183,2.4188,-0.4400
45.912,-0.7111,0.2573,-0.1140,-0.0048,1.4174,2.4188,-0.4400
45.924,-0.7111,0.2578,-0.1132,-0.0048,1.4162,2.4188,-0.4400
45.936,-0.7112,0.2582,-0.1123,-0.0048,1.4149,2.4187,-0.4400
45.948,-0.7113,0.2588,-0.1113,-0.0047,1.4134,2.4187,-0.4400
45.960,-0.7114,0.2594,-0.1102,-0.0047,1.4117,2.4187,-0.4400
45.972,-0.7115,0.2600,-0.1090,-0.0047,1.4099,2.4186,-0.4400
45.984,-0.7116,0.2607,-0.1077,-0.0047,1.4079,2.4185,-0.4400
45.996,-0.7118,0.2615,-0.1063,-0.0046,1.4058,2.4185,-0.4400
46.008,-0.7119,0.2623,-0.1048,-0.0046,1.4037,2.4184,-0.4400
46.020,-0.7120,0.2631,-0.1034,-0.0046,1.4015,2.4184,-0.4400
46.032,-0.7122,0.2639,-0.1018,-0.0046,1.3991,2.4183,-0.4400
46.044,-0.7123,0.2647,-0.1002,-0.0045,1.3968,2.4182,-0.4400
46.056,-0.7125,0.2656,-0.0986,-0.0045,1.3943,2.4182,-0.4400
46.068,-0.7126,0.2665,-0.0969,-0.0045,1.3919,2.4181,-0.4400
46.080,-0.7128,0.2674,-0.0952,-0.0044,1.3893,2.4180,-0.4400
46.092,-0.7129,0.2683,-0.0935,-0.0044,1.3868,2.4179,-0.4400
46.104,-0.7131,0.2693,-0.0918,-0.0044,1.3842,2.4179,-0.4400
46.116,-0.7133,0.2702,-0.0900,-0.0043,1.3815,2.4178,-0.4400
46.128,-0.7134,0.2712,-0.0883,-0.0043,1.3789,2.4177,-0.4400
46.140,-0.7136,0.2721,-0.0865,-0.0042,1.3762,2.4176,-0.4400
46.152,-0.7137,0.2731,-0.0847,-0.0042,1.3735,2.4176,-0.4400
46.164,-0.7139,0.2741,-0.0828,-0.0042,1.3708,2.4175,-0.4400
46.176,-0.7141,0.2751,-0.0810,-0.0041,1.3681,2.4174,-0.4400
46.188,-0.7143,0.2761,-0.0792,-0.0041,1.3653,2.4173,-0.4400
46.200,-0.7144,0.2771,-0.0773,-0.0041,1.3625,2.4173,-0.4400
46.212,-0.7146,0.2780,-0.0755,-0.0040,1.3598,2.4172,-0.4400
46.224,-0.7148,0.2790,-0.0736,-0.0040,1.3570,2.4171,-0.4400
46.236,-0.7149,0.2801,-0.0717,-0.0039,1.3542,2.4170,-0.4400
46.248,-0.7151,0.2811,-0.0699,-0.0039,1.3514,2.4169,-0.4400
46.260,-0.7153,0.2821,-0.0680,-0.0039,1.3486,2.4169,-0.4400
46.272,-0.7155,0.2831,-0.0661,-0.0038,1.3458,2.4168,-0.4400
46.284,-0.7156,0.2841,-0.0642,-0.0038,1.3430,2.4167,-0.4400
46.296,-0.7158,0.2851,-0.0624,-0.0038,1.3402,2.4166,-0.4400
46.308,-0.7160,0.2861,-0.0605,-0.0037,1.3373,2.4165,-0.4400
46.320,-0.7161,0.2871,-0.0586,-0.0037,1.3345,2.4165,-0.4400
46.332,-0.7163,0.2881,-0.0567,-0.0036,1.3317,2.4164,-0.4400
46.344,-0.7165,0.2892,-0.0548,-0.0036,1.3289,2.4163,-0.4400
46.356,-0.7167,0.2902,-0.0529,-0.0036,1.3260,2.4162,-0.4400
46.368,-0.7168,0.2912,-0.0510,-0.0035,1.3232,2.4161,-0.4400
46.380,-0.7170,0.2922,-0.0491,-0.0035,1.3203,2.4161,-0.4400
46.392,-0.7172,0.2932,-0.0472,-0.0034,1.3175,2.4160,-0.4400
46.404,-0.7174,0.2943,-0.0453,-0.0034,1.3147,2.4159,-0.4400
46.416,-0.7175,0.2953,-0.0434,-0.0034,1.3118,2.4158,-0.4400
46.428,-0.7177,0.2963,-0.0415,-0.0033,1.3090,2.4157,-0.4400
46.440,-0.7179,0.2973,-0.0396,-0.0033,1.3061,2.4157,-0.4400
46.452,-0.7181,0.2983,-0.0377,-0.0033,1.3033,2.4156,-0.4400
46.464,-0.7182,0.2994,-0.0358,-0.0032,1.3004,2.4155,-0.4400
46.476,-0.7184,0.3004,-0.0339,-0.0032,1.2976,2.4154,-0.4400
46.488,-0.7186,0.3014,-0.0320,-0.0031,1.2948,2.4153,-0.4400
46.500,-0.7188,0.3024,-0.0301,-0.0031,1.2919,2.4153,-0.4400
46.512,-0.7189,0.3035,-0.0282,-0.0031,1.2891,2.4152,-0.4400
46.524,-0.7191,0.3045,-0.0263,-0.0030,1.2862,2.4151,-0.4400
46.536,-0.7193,0.3055,-0.0244,-0.0030,1.2834,2.4150,-0.4400
46.548,-0.7195,0.3065,-0.0225,-0.0029,1.2805,2.4149,-0.4400
46.560,-0.7196,0.3076,-0.0206,-0.0029,1.2777,2.4149,-0.4400
46.572,-0.7198,0.3086,-0.0187,-0.0029,1.2748,2.4148,-0.4400
46.584,-0.7200,0.3096,-0.0167,-0.0028,1.2720,2.4147,-0.4400
46.596,-0.7202,0.3106,-0.0148,-0.0028,1.2691,2.4146,-0.4400
46.608,-0.7203,0.3117,-0.0129,-0.0028,1.2663,2.4145,-0.4400
46.620,-0.7205,0.3127,-0.0110,-0.0027,1.2634,2.4145,-0.4400
46.632,-0.7207,0.3137,-0.0091,-0.0027,1.2606,2.4144,-0.4400
46.644,-0.7209,0.3147,-0.0072,-0.0026,1.2577,2.4143,-0.4400
46.656,-0.7210,0.3158,-0.0053,-0.0026,1.2549,2.4142,-0.4400
46.668,-0.7212,0.3168,-0.0034,-0.0026,1.2520,2.4141,-0.4400
46.680,-0.7214,0.3178,-0.0015,-0.0025,1.2492,2.4140,-0.4400
46.692,-0.7216,0.3188,0.0004,-0.0025,1.2463,2.4140,-0.4400
46.704,-0.7217,0.3199,0.0023,-0.0024,1.2435,2.4139,-0.4400
46.716,-0.7219,0.3209,0.0042,-0.0024,1.2406,2.4138,-0.4400
46.728,-0.7221,0.3219,0.0061,-0.0024,1.2378,2.4137,-0.4400
46.740,-0.7223,0.3229,0.0080,-0.0023,1.2349,2.4136,-0.4400
46.752,-0.7224,0.3240,0.0099,-0.0023,1.2321,2.4136,-0.4400
46.764,-0.7226,0.3250,0.0118,-0.0022,1.2292,2.4135,-0.4400
46.776,-0.7228,0.3260,0.0138,-0.0022,1.2264,2.4134,-0.4400
46.788,-0.7230,0.3270,0.0157,-0.0022,1.2235,2.4133,-0.4400
46.800,-0.7231,0.3281,0.0176,-0.0021,1.2207,2.4132,-0.4400
46.812,-0.7233,0.3291,0.0195,-0.0021,1.2178,2.4132,-0.4400
46.824,-0.7235,0.3301,0.0214,-0.0021,1.2150,2.4131,-0.4400
46.836,-0.7237,0.3311,0.0233,-0.0020,1.2121,2.4130,-0.4400
46.848,-0.7238,0.3321,0.0252,-0.0020,1.2093,2.4129,-0.4400
46.860,-0.7240,0.3332,0.0271,-0.0019,1.2064,2.4128,-0.4400
46.872,-0.7242,0.3342,0.0290,-0.0019,1.2036,2.4128,-0.4400
46.884,-0.7244,0.3352,0.0309,-0.0019,1.2007,2.4127,-0.4400
46.896,-0.7245,0.3362,0.0328,-0.0018,1.1979,2.4126,-0.4400
46.908,-0.7247,0.3373,0.0347,-0.0018,1.1950,2.4125,-0.4400
46.920,-0.7249,0.3383,0.0366,-0.0017,1.1921,2.4124,-0.4400
46.932,-0.7251,0.3393,0.0385,-0.0017,1.1893,2.4124,-0.4400
46.944,-0.7252,0.3403,0.0404,-0.0017,1.1864,2.4123,-0.4400
46.956,-0.7254,0.3414,0.0424,-0.0016,1.1836,2.4122,-0.4400
46.968,-0.7256,0.3424,0.0443,-0.0016,1.1807,2.4121,-0.4400
46.980,-0.7258,0.3434,0.0462,-0.0016,1.1779,2.4120,-0.4400
46.992,-0.7259,0.3444,0.0481,-0.0015,1.1750,2.4119,-0.4400
47.004,-0.7261,0.3455,0.0500,-0.0015,1.1722,2.4119,-0.4400
47.016,-0.7263,0.3465,0.0519,-0.0014,1.1693,2.4118,-0.4400
47.028,-0.7265,0.3475,0.0538,-0.0014,1.1665,2.4117,-0.4400
47.040,-0.7266,0.3485,0.0557,-0.0014,1.1636,2.4116,-0.4400
47.052,-0.7268,0.3496,0.0576,-0.0013,1.1608,2.4115,-0.4400
47.064,-0.7270,0.3506,0.0595,-0.0013,1.1579,2.4115,-0.4400
47.076,-0.7272,0.3516,0.0614,-0.0012,1.1551,2.4114,-0.4400
47.088,-0.7273,0.3526,0.0633,-0.0012,1.1522,2.4113,-0.4400
47.100,-0.7275,0.3537,0.0652,-0.0012,1.1494,2.4112,-0.4400
47.112,-0.7277,0.3547,0.0671,-0.0011,1.1465,2.4111,-0.4400
47.124,-0.7279,0.3557,0.0690,-0.0011,1.1437,2.4111,-0.4400
47.136,-0.7280,0.3567,0.0710,-0.0011,1.1408,2.4110,-0.4400
47.148,-0.7282,0.3578,0.0729,-0.0010,1.1380,2.4109,-0.4400
47.160,-0.7284,0.3588,0.0748,-0.0010,1.1351,2.4108,-0.4400
47.172,-0.7286,0.3598,0.0767,-0.0009,1.1323,2.4107,-0.4400
47.184,-0.7287,0.3608,0.0786,-0.0009,1.1294,2.4107,-0.4400
47.196,-0.7289,0.3619,0.0805,-0.0009,1.1266,2.4106,-0.4400
47.208,-0.7291,0.3629,0.0824,-0.0008,1.1237,2.4105,-0.4400
47.220,-0.7293,0.3639,0.0843,-0.0008,1.1209,2.4104,-0.4400
47.232,-0.7294,0.3649,0.0862,-0.0007,1.1180,2.4103,-0.4400
47.244,-0.7296,0.3660,0.0881,-0.0007,1.1152,2.4103,-0.4400
47.256,-0.7298,0.3670,0.0900,-0.0007,1.1123,2.4102,-0.4400
47.268,-0.7300,0.3680,0.0919,-0.0006,1.1095,2.4101,-0.4400
47.280,-0.7301,0.3690,0.0938,-0.0006,1.1066,2.4100,-0.4400
47.292,-0.7303,0.3701,0.0957,-0.0005,1.1038,2.4099,-0.4400
47.304,-0.7305,0.3711,0.0976,-0.0005,1.1009,2.4099,-0.4400
47.316,-0.7307,0.3721,0.0996,-0.0005,1.0981,2.4098,-0.4400
47.328,-0.7308,0.3731,0.1015,-0.0004,1.0952,2.4097,-0.4400
47.340,-0.7310,0.3742,0.1034,-0.0004,1.0924,2.4096,-0.4400
47.352,-0.7312,0.3752,0.1053,-0.0004,1.0895,2.4095,-0.4400
47.364,-0.7314,0.3762,0.1072,-0.0003,1.0867,2.4094,-0.4400
47.376,-0.7315,0.3772,0.1091,-0.0003,1.0838,2.4094,-0.4400
47.388,-0.7317,0.3781,0.1108,-0.0002,1.0813,2.4093,-0.4400
47.400,-0.7318,0.3789,0.1122,-0.0002,1.0791,2.4092,-0.4400
47.412,-0.7319,0.3796,0.1135,-0.0002,1.0772,2.4092,-0.4400
47.424,-0.7320,0.3802,0.1147,-0.0002,1.0754,2.4091,-0.4400
47.436,-0.7321,0.3808,0.1157,-0.0001,1.0739,2.4091,-0.4395
47.448,-0.7322,0.3813,0.1166,-0.0001,1.0726,2.4090,-0.4385
47.460,-0.7323,0.3817,0.1174,-0.0001,1.0715,2.4090,-0.4371
47.472,-0.7324,0.3820,0.1180,-0.0001,1.0704,2.4090,-0.4353
47.484,-0.7324,0.3824,0.1186,-0.0001,1.0695,2.4090,-0.4332
47.496,-0.7325,0.3827,0.1192,-0.0001,1.0687,2.4089,-0.4309
47.508,-0.7325,0.3829,0.1196,-0.0001,1.0680,2.4089,-0.4283
47.520,-0.7325,0.3831,0.1201,-0.0001,1.0674,2.4089,-0.4255
47.532,-0.7326,0.3833,0.1204,-0.0000,1.0669,2.4089,-0.4225
47.544,-0.7326,0.3835,0.1207,-0.0000,1.0664,2.4089,-0.4193
47.556,-0.7326,0.3836,0.1210,-0.0000,1.0660,2.4089,-0.4160
47.568,-0.7327,0.3838,0.1213,-0.0000,1.0656,2.4089,-0.4125
47.580,-0.7327,0.3839,0.1215,-0.0000,1.0653,2.4088,-0.4089
47.592,-0.7327,0.3840,0.1217,-0.0000,1.0650,2.4088,-0.4053
47.604,-0.7327,0.3841,0.1218,-0.0000,1.0648,2.4088,-0.4015
47.616,-0.7327,0.3842,0.1220,-0.0000,1.0645,2.4088,-0.3977
47.628,-0.7327,0.3842,0.1221,-0.0000,1.0643,2.4088,-0.3938
47.640,-0.7327,0.3843,0.1222,-0.0000,1.0642,2.4088,-0.3898
47.652,-0.7327,0.3844,0.1223,-0.0000,1.0640,2.4088,-0.3858
47.664,-0.7328,0.3844,0.1224,-0.0000,1.0639,2.4088,-0.3818
47.676,-0.7328,0.3844,0.1225,-0.0000,1.0638,2.4088,-0.3777
47.688,-0.7328,0.3845,0.1226,-0.0000,1.0637,2.4088,-0.3735
47.700,-0.7328,0.3845,0.1226,-0.0000,1.0636,2.4088,-0.3694
47.712,-0.7328,0.3845,0.1227,-0.0000,1.0635,2.4088,-0.3652
47.724,-0.7328,0.3846,0.1227,-0.0000,1.0634,2.4088,-0.3609
47.736,-0.7328,0.3846,0.1228,-0.0000,1.0634,2.4088,-0.3567
47.748,-0.7328,0.3846,0.1228,-0.0000,1.0633,2.4088,-0.3524
47.760,-0.7328,0.3846,0.1228,0.0000,1.0633,2.4088,-0.3482
47.772,-0.7328,0.3846,0.1229,0.0000,1.0632,2.4088,-0.3439
47.784,-0.7328,0.3847,0.1229,0.0000,1.0632,2.4088,-0.3396
47.796,-0.7328,0.3847,0.1229,0.0000,1.0631,2.4088,-0.3353
47.808,-0.7328,0.3847,0.1229,0.0000,1.0631,2.4088,-0.3309
47.820,-0.7328,0.3847,0.1229,0.0000,1.0631,2.4088,-0.3266
47.832,-0.7328,0.3847,0.1230,0.0000,1.0631,2.4088,-0.3222
47.844,-0.7328,0.3847,0.1230,0.0000,1.0631,2.4088,-0.3179
47.856,-0.7328,0.3847,0.1230,0.0000,1.0630,2.4088,-0.3135
47.868,-0.7328,0.3847,0.1230,0.0000,1.0630,2.4088,-0.3092
47.880,-0.7328,0.3847,0.1230,0.0000,1.0630,2.4088,-0.3048
47.892,-0.7328,0.3847,0.1230,0.0000,1.0630,2.4088,-0.3004
47.904,-0.7328,0.3847,0.1230,0.0000,1.0630,2.4088,-0.2961
47.916,-0.7328,0.3847,0.1230,0.0000,1.0630,2.4088,-0.2917
47.928,-0.7328,0.3847,0.1230,0.0000,1.0630,2.4088,-0.2873
47.940,-0.7328,0.3847,0.1230,0.0000,1.0630,2.4088,-0.2829
47.952,-0.7328,0.3847,0.1230,0.0000,1.0630,2.4088,-0.2786
47.964,-0.7328,0.3847,0.1230,0.0000,1.0629,2.4088,-0.2742
47.976,-0.7328,0.3847,0.1230,0.0000,1.0629,2.4088,-0.2698
47.988,-0.7328,0.3847,0.1231,0.0000,1.0629,2.4088,-0.2654
48.000,-0.7328,0.3847,0.1231,0.0000,1.0629,2.4088,-0.2610
48.012,-0.7328,0.3847,0.1231,0.0000,1.0629,2.4088,-0.2566
48.024,-0.7328,0.3847,0.1231,0.0000,1.0629,2.4088,-0.2522
48.036,-0.7328,0.3847,0.1231,0.0000,1.0629,2.4088,-0.2478
48.048,-0.7328,0.3847,0.1231,0.0000,1.0629,2.4088,-0.2434
48.060,-0.7328,0.3847,0.1231,0.0000,1.0629,2.4088,-0.2390
48.072,-0.7328,0.3847,0.1231,0.0000,1.0629,2.4088,-0.2346
48.084,-0.7328,0.3847,0.1231,0.0000,1.0629,2.4088,-0.2302
48.096,-0.7328,0.3847,0.1231,0.0000,1.0629,2.4088,-0.2258
48.108,-0.7328,0.3847,0.1231,0.0000,1.0629,2.4088,-0.2214
48.120,-0.7328,0.3847,0.1231,0.0000,1.0629,2.4088,-0.2170
48.132,-0.7328,0.3847,0.1231,0.0000,1.0629,2.4088,-0.2126
48.144,-0.7328,0.3847,0.1231,0.0000,1.0629,2.4088,-0.2083
48.156,-0.7328,0.3847,0.1231,0.0000,1.0629,2.4088,-0.2039
48.168,-0.7328,0.3847,0.1231,0.0000,1.0629,2.4088,-0.1995
48.180,-0.7328,0.3847,0.1231,0.0000,1.0629,2.4088,-0.1951
48.192,-0.7328,0.3847,0.1231,0.0000,1.0629,2.4088,-0.1907
48.204,-0.7328,0.3847,0.1231,0.0000,1.0629,2.4088,-0.1863
48.216,-0.7328,0.3847,0.1231,0.0000,1.0629,2.4088,-0.1819
48.228,-0.7328,0.3847,0.1231,0.0000,1.0629,2.4088,-0.1775
48.240,-0.7328,0.3847,0.1231,0.0000,1.0629,2.4088,-0.1731
48.252,-0.7328,0.3847,0.1231,0.0000,1.0629,2.4088,-0.1687
48.264,-0.7328,0.3847,0.1231,0.0000,1.0629,2.4088,-0.1643
48.276,-0.7328,0.3847,0.1231,0.0000,1.0629,2.4088,-0.1599
48.288,-0.7328,0.3847,0.1231,0.0000,1.0629,2.4088,-0.1555
48.300,-0.7328,0.3847,0.1231,0.0000,1.0629,2.4088,-0.1511
48.312,-0.7328,0.3848,0.1231,0.0000,1.0629,2.4088,-0.1467
48.324,-0.7328,0.3848,0.1231,0.0000,1.0629,2.4088,-0.1423
48.336,-0.7328,0.3848,0.1231,0.0000,1.0629,2.4088,-0.1379
48.348,-0.7328,0.3848,0.1231,0.0000,1.0629,2.4088,-0.1335
48.360,-0.7328,0.3848,0.1231,0.0000,1.0629,2.4088,-0.1291
48.372,-0.7328,0.3848,0.1231,0.0000,1.0629,2.4088,-0.1247
48.384,-0.7328,0.3848,0.1231,0.0000,1.0629,2.4088,-0.1203
48.396,-0.7328,0.3848,0.1231,0.0000,1.0629,2.4088,-0.1159
48.408,-0.7328,0.3848,0.1231,0.0000,1.0629,2.4088,-0.1115
48.420,-0.7328,0.3848,0.1231,0.0000,1.0629,2.4088,-0.1071
48.432,-0.7328,0.3848,0.1231,0.0000,1.0629,2.4088,-0.1027
48.444,-0.7328,0.3848,0.1231,0.0000,1.0629,2.4088,-0.0983
48.456,-0.7328,0.3848,0.1231,0.0000,1.0629,2.4088,-0.0939
48.468,-0.7328,0.3848,0.1231,0.0000,1.0629,2.4088,-0.0895
48.480,-0.7328,0.3848,0.1231,0.0000,1.0629,2.4088,-0.0851
48.492,-0.7328,0.3848,0.1231,0.0000,1.0629,2.4088,-0.0807
48.504,-0.7328,0.3848,0.1231,0.0000,1.0629,2.4088,-0.0763
48.516,-0.7328,0.3848,0.1231,0.0000,1.0629,2.4088,-0.0719
48.528,-0.7328,0.3848,0.1231,0.0000,1.0629,2.4088,-0.0675
48.540,-0.7328,0.3848,0.1231,0.0000,1.0629,2.4088,-0.0631
48.552,-0.7328,0.3848,0.1231,0.0000,1.0629,2.4088,-0.0587
48.564,-0.7328,0.3848,0.1231,0.0000,1.0629,2.4088,-0.0543
48.576,-0.7328,0.3848,0.1231,0.0000,1.0629,2.4088,-0.0499
48.588,-0.7328,0.3848,0.1231,0.0000,1.0629,2.4088,-0.0455
48.600,-0.7328,0.3848,0.1231,0.0000,1.0629,2.4088,-0.0411
48.612,-0.7328,0.3848,0.1231,0.0000,1.0629,2.4088,-0.0367
48.624,-0.7328,0.3848,0.1231,0.0000,1.0629,2.4088,-0.0323
48.636,-0.7328,0.3848,0.1231,0.0000,1.0629,2.4088,-0.0284
48.648,-0.7328,0.3846,0.1228,0.0000,1.0632,2.4088,-0.0250
48.660,-0.7328,0.3844,0.1224,-0.0000,1.0639,2.4088,-0.0220
48.672,-0.7328,0.3841,0.1218,-0.0000,1.0648,2.4088,-0.0194
48.684,-0.7327,0.3837,0.1210,-0.0000,1.0659,2.4089,-0.0170
48.696,-0.7327,0.3832,0.1201,-0.0001,1.0673,2.4089,-0.0150
48.708,-0.7327,0.3826,0.1191,-0.0001,1.0688,2.4089,-0.0132
48.720,-0.7326,0.3820,0.1180,-0.0001,1.0705,2.4090,-0.0116
48.732,-0.7326,0.3814,0.1168,-0.0001,1.0723,2.4091,-0.0102
48.744,-0.7325,0.3807,0.1155,-0.0002,1.0743,2.4091,-0.0090
48.756,-0.7324,0.3799,0.1141,-0.0002,1.0763,2.4092,-0.0079
48.768,-0.7324,0.3791,0.1127,-0.0002,1.0785,2.4092,-0.0070
48.780,-0.7323,0.3783,0.1112,-0.0002,1.0807,2.4093,-0.0061
48.792,-0.7323,0.3775,0.1096,-0.0003,1.0830,2.4094,-0.0054
48.804,-0.7322,0.3767,0.1080,-0.0003,1.0854,2.4094,-0.0047
48.816,-0.7321,0.3758,0.1064,-0.0003,1.0878,2.4095,-0.0042
48.828,-0.7321,0.3749,0.1047,-0.0004,1.0903,2.4096,-0.0037
48.840,-0.7320,0.3740,0.1031,-0.0004,1.0928,2.4097,-0.0032
48.852,-0.7319,0.3731,0.1013,-0.0004,1.0954,2.4097,-0.0028
48.864,-0.7318,0.3721,0.0996,-0.0005,1.0980,2.4098,-0.0025
48.876,-0.7318,0.3712,0.0978,-0.0005,1.1006,2.4099,-0.0022
48.888,-0.7317,0.3702,0.0961,-0.0005,1.1033,2.4100,-0.0019
48.900,-0.7316,0.3693,0.0943,-0.0006,1.1060,2.4101,-0.0017
48.912,-0.7315,0.3683,0.0925,-0.0006,1.1087,2.4101,-0.0015
48.924,-0.7315,0.3673,0.0907,-0.0007,1.1114,2.4102,-0.0013
48.936,-0.7314,0.3663,0.0888,-0.0007,1.1141,2.4103,-0.0012
48.948,-0.7313,0.3653,0.0870,-0.0007,1.1169,2.4104,-0.0010
48.960,-0.7312,0.3643,0.0851,-0.0008,1.1196,2.4105,-0.0009
48.972,-0.7312,0.3633,0.0833,-0.0008,1.1224,2.4105,-0.0008
48.984,-0.7311,0.3623,0.0814,-0.0008,1.1252,2.4106,-0.0007
48.996,-0.7310,0.3613,0.0796,-0.0009,1.1280,2.4107,-0.0006
49.008,-0.7309,0.3603,0.0777,-0.0009,1.1308,2.4108,-0.0005
49.020,-0.7309,0.3593,0.0758,-0.0010,1.1336,2.4109,-0.0005
49.032,-0.7308,0.3583,0.0739,-0.0010,1.1364,2.4110,-0.0004
49.044,-0.7307,0.3573,0.0721,-0.0010,1.1392,2.4110,-0.0004
49.056,-0.7306,0.3563,0.0702,-0.0011,1.1420,2.4111,-0.0003
49.068,-0.7305,0.3553,0.0683,-0.0011,1.1448,2.4112,-0.0003
49.080,-0.7305,0.3543,0.0664,-0.0012,1.1477,2.4113,-0.0003
49.092,-0.7304,0.3532,0.0645,-0.0012,1.1505,2.4114,-0.0002
49.104,-0.7303,0.3522,0.0626,-0.0012,1.1533,2.4115,-0.0002
49.116,-0.7302,0.3512,0.0607,-0.0013,1.1562,2.4115,-0.0002
49.128,-0.7301,0.3502,0.0588,-0.0013,1.1590,2.4116,-0.0002
49.140,-0.7301,0.3492,0.0569,-0.0013,1.1618,2.4117,-0.0001
49.152,-0.7300,0.3481,0.0550,-0.0014,1.1647,2.4118,-0.0001
49.164,-0.7299,0.3471,0.0531,-0.0014,1.1675,2.4119,-0.0001
49.176,-0.7298,0.3461,0.0512,-0.0015,1.1703,2.4120,-0.0001
49.188,-0.7297,0.3451,0.0493,-0.0015,1.1732,2.4121,-0.0001
49.200,-0.7297,0.3441,0.0474,-0.0015,1.1760,2.4121,-0.0001
49.212,-0.7296,0.3430,0.0455,-0.0016,1.1789,2.4122,-0.0001
49.224,-0.7295,0.3420,0.0436,-0.0016,1.1817,2.4123,-0.0001
49.236,-0.7294,0.3410,0.0417,-0.0017,1.1846,2.4124,-0.0000
49.248,-0.7294,0.3400,0.0398,-0.0017,1.1874,2.4125,-0.0000
49.260,-0.7293,0.3389,0.0379,-0.0017,1.1903,2.4126,-0.0000
49.272,-0.7292,0.3379,0.0360,-0.0018,1.1931,2.4126,-0.0000
49.284,-0.7291,0.3369,0.0341,-0.0018,1.1960,2.4127,-0.0000
49.296,-0.7290,0.3359,0.0322,-0.0019,1.1988,2.4128,-0.0000
49.308,-0.7290,0.3348,0.0303,-0.0019,1.2017,2.4129,-0.0000
49.320,-0.7289,0.3338,0.0284,-0.0019,1.2045,2.4130,-0.0000
49.332,-0.7288,0.3328,0.0265,-0.0020,1.2074,2.4131,-0.0000
49.344,-0.7287,0.3318,0.0246,-0.0020,1.2102,2.4132,-0.0000
49.356,-0.7286,0.3307,0.0227,-0.0020,1.2131,2.4132,-0.0000
49.368,-0.7286,0.3297,0.0208,-0.0021,1.2159,2.4133,-0.0000
49.380,-0.7285,0.3287,0.0189,-0.0021,1.2188,2.4134,-0.0000
49.392,-0.7284,0.3277,0.0170,-0.0022,1.2216,2.4135,-0.0000
49.404,-0.7283,0.3266,0.0151,-0.0022,1.2245,2.4136,-0.0000
49.416,-0.7282,0.3256,0.0131,-0.0022,1.2273,2.4137,-0.0000
49.428,-0.7282,0.3246,0.0112,-0.0023,1.2302,2.4137,-0.0000
49.440,-0.7281,0.3236,0.0093,-0.0023,1.2330,2.4138,-0.0000
49.452,-0.7280,0.3225,0.0074,-0.0024,1.2359,2.4139,-0.0000
49.464,-0.7279,0.3215,0.0055,-0.0024,1.2387,2.4140,-0.0000
49.476,-0.7278,0.3205,0.0036,-0.0024,1.2416,2.4141,-0.0000
49.488,-0.7278,0.3195,0.0017,-0.0025,1.2444,2.4142,-0.0000
49.500,-0.7277,0.3184,-0.0002,-0.0025,1.2473,2.4143,-0.0000
49.512,-0.7276,0.3174,-0.0021,-0.0026,1.2501,2.4143,-0.0000
49.524,-0.7275,0.3164,-0.0040,-0.0026,1.2530,2.4144,-0.0000
49.536,-0.7275,0.3154,-0.0059,-0.0026,1.2558,2.4145,-0.0000
49.548,-0.7274,0.3143,-0.0078,-0.0027,1.2587,2.4146,-0.0000
49.560,-0.7273,0.3133,-0.0097,-0.0027,1.2615,2.4147,-0.0000
49.572,-0.7272,0.3123,-0.0116,-0.0027,1.2644,2.4148,-0.0000
49.584,-0.7271,0.3113,-0.0135,-0.0028,1.2672,2.4149,-0.0000
49.596,-0.7271,0.3102,-0.0154,-0.0028,1.2701,2.4149,-0.0000
49.608,-0.7270,0.3092,-0.0173,-0.0029,1.2729,2.4150,-0.0000
49.620,-0.7269,0.3082,-0.0193,-0.0029,1.2758,2.4151,-0.0000
49.632,-0.7268,0.3072,-0.0212,-0.0029,1.2786,2.4152,-0.0000
49.644,-0.7267,0.3061,-0.0231,-0.0030,1.2815,2.4153,-0.0000
49.656,-0.7267,0.3051,-0.0250,-0.0030,1.2843,2.4154,-0.0000
49.668,-0.7266,0.3041,-0.0269,-0.0031,1.2872,2.4154,-0.0000
49.680,-0.7265,0.3030,-0.0288,-0.0031,1.2900,2.4155,-0.0000
49.692,-0.7264,0.3020,-0.0307,-0.0031,1.2929,2.4156,-0.0000
49.704,-0.7263,0.3010,-0.0326,-0.0032,1.2957,2.4157,-0.0000
49.716,-0.7263,0.3000,-0.0345,-0.0032,1.2986,2.4158,-0.0000
49.728,-0.7262,0.2989,-0.0364,-0.0033,1.3014,2.4159,-0.0000
49.740,-0.7261,0.2979,-0.0383,-0.0033,1.3043,2.4160,-0.0000
49.752,-0.7260,0.2969,-0.0402,-0.0033,1.3071,2.4160,-0.0000
49.764,-0.7259,0.2959,-0.0421,-0.0034,1.3100,2.4161,-0.0000
49.776,-0.7259,0.2948,-0.0440,-0.0034,1.3128,2.4162,-0.0000
49.788,-0.7258,0.2938,-0.0459,-0.0034,1.3157,2.4163,-0.0000
49.800,-0.7257,0.2928,-0.0478,-0.0035,1.3185,2.4164,-0.0000
49.812,-0.7256,0.2918,-0.0498,-0.0035,1.3214,2.4165,-0.0000
49.824,-0.7255,0.2907,-0.0517,-0.0036,1.3242,2.4165,-0.0000
49.836,-0.7255,0.2897,-0.0536,-0.0036,1.3271,2.4166,-0.0000
49.848,-0.7254,0.2887,-0.0555,-0.0036,1.3299,2.4167,-0.0000
49.860,-0.7253,0.2877,-0.0574,-0.0037,1.3328,2.4168,-0.0000
49.872,-0.7252,0.2866,-0.0593,-0.0037,1.3356,2.4169,-0.0000
49.884,-0.7252,0.2856,-0.0612,-0.0038,1.3385,2.4170,-0.0000
49.896,-0.7251,0.2846,-0.0631,-0.0038,1.3413,2.4171,-0.0000
49.908,-0.7250,0.2836,-0.0650,-0.0038,1.3442,2.4171,-0.0000
49.920,-0.7249,0.2825,-0.0669,-0.0039,1.3470,2.4172,-0.0000
49.932,-0.7248,0.2815,-0.0688,-0.0039,1.3499,2.4173,-0.0000
49.944,-0.7248,0.2805,-0.0707,-0.0040,1.3527,2.4174,-0.0000
49.956,-0.7247,0.2795,-0.0726,-0.0040,1.3556,2.4175,-0.0000
49.968,-0.7246,0.2784,-0.0745,-0.0040,1.3584,2.4176,-0.0000
49.980,-0.7245,0.2774,-0.0764,-0.0041,1.3613,2.4176,-0.0000
49.992,-0.7244,0.2764,-0.0783,-0.0041,1.3641,2.4177,-0.0000
50.004,-0.7244,0.2754,-0.0802,-0.0041,1.3670,2.4178,-0.0000
50.016,-0.7243,0.2743,-0.0822,-0.0042,1.3698,2.4179,-0.0000
50.028,-0.7242,0.2733,-0.0841,-0.0042,1.3727,2.4180,-0.0000
50.040,-0.7241,0.2723,-0.0860,-0.0043,1.3755,2.4181,-0.0000
50.052,-0.7240,0.2713,-0.0879,-0.0043,1.3784,2.4182,-0.0000
50.064,-0.7240,0.2702,-0.0898,-0.0043,1.3812,2.4182,-0.0000
50.076,-0.7239,0.2692,-0.0917,-0.0044,1.3841,2.4183,-0.0000
50.088,-0.7238,0.2682,-0.0936,-0.0044,1.3869,2.4184,-0.0000
50.100,-0.7237,0.2672,-0.0955,-0.0045,1.3898,2.4185,-0.0000
50.112,-0.7236,0.2661,-0.0974,-0.0045,1.3926,2.4186,-0.0000
50.124,-0.7236,0.2651,-0.0993,-0.0045,1.3955,2.4187,-0.0000
50.136,-0.7235,0.2641,-0.1012,-0.0046,1.3983,2.4188,-0.0000
50.148,-0.7234,0.2632,-0.1029,-0.0046,1.4008,2.4188,-0.0000
50.160,-0.7234,0.2624,-0.1044,-0.0046,1.4031,2.4189,-0.0000
50.172,-0.7233,0.2617,-0.1057,-0.0047,1.4050,2.4189,-0.0000
50.184,-0.7233,0.2617,-0.1057,-0.0047,1.4050,2.4189,-0.0000
50.196,-0.7229,0.2615,-0.1056,-0.0047,1.4042,2.4176,-0.0000
50.208,-0.7221,0.2612,-0.1055,-0.0047,1.4027,2.4149,-0.0000
50.220,-0.7210,0.2608,-0.1053,-0.0047,1.4005,2.4112,-0.0000
50.232,-0.7196,0.2603,-0.1051,-0.0046,1.3978,2.4066,-0.0000
50.244,-0.7180,0.2598,-0.1049,-0.0046,1.3946,2.4011,-0.0000
50.256,-0.7161,0.2591,-0.1046,-0.0046,1.3910,2.3949,-0.0000
50.268,-0.7141,0.2583,-0.1043,-0.0046,1.3870,2.3880,-0.0000
50.280,-0.7118,0.2575,-0.1040,-0.0046,1.3827,2.3806,-0.0000
50.292,-0.7095,0.2567,-0.1036,-0.0046,1.3781,2.3726,-0.0000
50.304,-0.7070,0.2558,-0.1033,-0.0046,1.3732,2.3643,-0.0000
50.316,-0.7043,0.2548,-0.1029,-0.0045,1.3681,2.3555,-0.0000
50.328,-0.7016,0.2538,-0.1025,-0.0045,1.3629,2.3464,-0.0000
50.340,-0.6988,0.2528,-0.1021,-0.0045,1.3574,2.3370,-0.0000
50.352,-0.6959,0.2518,-0.1017,-0.0045,1.3518,2.3273,-0.0000
50.364,-0.6929,0.2507,-0.1012,-0.0045,1.3460,2.3174,-0.0000
50.376,-0.6899,0.2496,-0.1008,-0.0045,1.3401,2.3073,-0.0000
50.388,-0.6868,0.2485,-0.1003,-0.0044,1.3342,2.2970,-0.0000
50.400,-0.6837,0.2474,-0.0999,-0.0044,1.3281,2.2866,-0.0000
50.412,-0.6806,0.2462,-0.0994,-0.0044,1.3220,2.2760,-0.0000
50.424,-0.6774,0.2451,-0.0990,-0.0044,1.3157,2.2653,-0.0000
50.436,-0.6741,0.2439,-0.0985,-0.0043,1.3095,2.2545,-0.0000
50.448,-0.6709,0.2427,-0.0980,-0.0043,1.3031,2.2435,-0.0000
50.460,-0.6676,0.2415,-0.0975,-0.0043,1.2967,2.2325,-0.0000
50.472,-0.6643,0.2403,-0.0970,-0.0043,1.2903,2.2215,-0.0000
50.484,-0.6609,0.2391,-0.0966,-0.0043,1.2838,2.2103,-0.0000
50.496,-0.6576,0.2379,-0.0961,-0.0042,1.2773,2.1991,-0.0000
50.508,-0.6542,0.2367,-0.0956,-0.0042,1.2708,2.1879,-0.0000
50.520,-0.6508,0.2355,-0.0951,-0.0042,1.2642,2.1766,-0.0000
50.532,-0.6475,0.2342,-0.0946,-0.0042,1.2577,2.1653,-0.0000
50.544,-0.6441,0.2330,-0.0941,-0.0042,1.2511,2.1539,-0.0000
50.556,-0.6407,0.2318,-0.0936,-0.0041,1.2444,2.1425,-0.0000
50.568,-0.6372,0.2305,-0.0931,-0.0041,1.2378,2.1311,-0.0000
50.580,-0.6338,0.2293,-0.0926,-0.0041,1.2312,2.1197,-0.0000
50.592,-0.6304,0.2281,-0.0921,-0.0041,1.2245,2.1082,-0.0000
50.604,-0.6270,0.2268,-0.0916,-0.0040,1.2178,2.0967,-0.0000
50.616,-0.6235,0.2256,-0.0911,-0.0040,1.2112,2.0852,-0.0000
50.628,-0.6201,0.2243,-0.0906,-0.0040,1.2045,2.0737,-0.0000
50.640,-0.6166,0.2231,-0.0901,-0.0040,1.1978,2.0622,-0.0000
50.652,-0.6132,0.2218,-0.0896,-0.0040,1.1911,2.0507,-0.0000
50.664,-0.6097,0.2206,-0.0891,-0.0039,1.1844,2.0391,-0.0000
50.676,-0.6063,0.2193,-0.0886,-0.0039,1.1777,2.0276,-0.0000
50.688,-0.6028,0.2181,-0.0881,-0.0039,1.1710,2.0160,-0.0000
50.700,-0.5994,0.2168,-0.0876,-0.0039,1.1643,2.0045,-0.0000
50.712,-0.5959,0.2156,-0.0871,-0.0038,1.1575,1.9929,-0.0000
50.724,-0.5924,0.2143,-0.0866,-0.0038,1.1508,1.9813,-0.0000
50.736,-0.5890,0.2131,-0.0860,-0.0038,1.1441,1.9698,-0.0000
50.748,-0.5855,0.2118,-0.0855,-0.0038,1.1374,1.9582,-0.0000
50.760,-0.5821,0.2106,-0.0850,-0.0038,1.1306,1.9466,-0.0000
50.772,-0.5786,0.2093,-0.0845,-0.0037,1.1239,1.9350,-0.0000
50.784,-0.5751,0.2081,-0.0840,-0.0037,1.1172,1.9234,-0.0000
50.796,-0.5717,0.2068,-0.0835,-0.0037,1.1104,1.9118,-0.0000
50.808,-0.5682,0.2056,-0.0830,-0.0037,1.1037,1.9002,-0.0000
50.820,-0.5647,0.2043,-0.0825,-0.0036,1.0970,1.8886,-0.0000
50.832,-0.5613,0.2031,-0.0820,-0.0036,1.0902,1.8770,-0.0000
50.844,-0.5578,0.2018,-0.0815,-0.0036,1.0835,1.8654,-0.0000
50.856,-0.5543,0.2005,-0.0810,-0.0036,1.0767,1.8538,-0.0000
50.868,-0.5509,0.1993,-0.0805,-0.0036,1.0700,1.8422,-0.0000
50.880,-0.5474,0.1980,-0.0800,-0.0035,1.0633,1.8306,-0.0000
50.892,-0.5439,0.1968,-0.0795,-0.0035,1.0565,1.8190,-0.0000
50.904,-0.5404,0.1955,-0.0790,-0.0035,1.0498,1.8074,-0.0000
50.916,-0.5370,0.1943,-0.0784,-0.0035,1.0430,1.7958,-0.0000
50.928,-0.5335,0.1930,-0.0779,-0.0034,1.0363,1.7842,-0.0000
50.940,-0.5300,0.1918,-0.0774,-0.0034,1.0296,1.7726,-0.0000
50.952,-0.5266,0.1905,-0.0769,-0.0034,1.0228,1.7610,-0.0000
50.964,-0.5231,0.1892,-0.0764,-0.0034,1.0161,1.7494,-0.0000
50.976,-0.5196,0.1880,-0.0759,-0.0034,1.0093,1.7378,-0.0000
50.988,-0.5161,0.1867,-0.0754,-0.0033,1.0026,1.7261,-0.0000
51.000,-0.5127,0.1855,-0.0749,-0.0033,0.9959,1.7145,-0.0000
51.012,-0.5092,0.1842,-0.0744,-0.0033,0.9891,1.7029,-0.0000
51.024,-0.5057,0.1830,-0.0739,-0.0033,0.9824,1.6913,-0.0000
51.036,-0.5023,0.1817,-0.0734,-0.0032,0.9756,1.6797,-0.0000
51.048,-0.4988,0.1805,-0.0729,-0.0032,0.9689,1.6681,-0.0000
51.060,-0.4953,0.1792,-0.0724,-0.0032,0.9621,1.6565,-0.0000
51.072,-0.4918,0.1779,-0.0719,-0.0032,0.9554,1.6449,-0.0000
51.084,-0.4884,0.1767,-0.0713,-0.0032,0.9486,1.6333,-0.0000
51.096,-0.4849,0.1754,-0.0708,-0.0031,0.9419,1.6217,-0.0000
51.108,-0.4814,0.1742,-0.0703,-0.0031,0.9352,1.6100,-0.0000
51.120,-0.4780,0.1729,-0.0698,-0.0031,0.9284,1.5984,-0.0000
51.132,-0.4745,0.1717,-0.0693,-0.0031,0.9217,1.5868,-0.0000
51.144,-0.4710,0.1704,-0.0688,-0.0030,0.9149,1.5752,-0.0000
51.156,-0.4675,0.1692,-0.0683,-0.0030,0.9082,1.5636,-0.0000
51.168,-0.4641,0.1679,-0.0678,-0.0030,0.9014,1.5520,-0.0000
51.180,-0.4606,0.1666,-0.0673,-0.0030,0.8947,1.5404,-0.0000
51.192,-0.4571,0.1654,-0.0668,-0.0029,0.8880,1.5288,-0.0000
51.204,-0.4537,0.1641,-0.0663,-0.0029,0.8812,1.5172,-0.0000
51.216,-0.4502,0.1629,-0.0658,-0.0029,0.8745,1.5056,-0.0000
51.228,-0.4467,0.1616,-0.0653,-0.0029,0.8677,1.4939,-0.0000
51.240,-0.4432,0.1604,-0.0648,-0.0029,0.8610,1.4823,-0.0000
51.252,-0.4398,0.1591,-0.0642,-0.0028,0.8542,1.4707,-0.0000
51.264,-0.4363,0.1578,-0.0637,-0.0028,0.8475,1.4591,-0.0000
51.276,-0.4328,0.1566,-0.0632,-0.0028,0.8407,1.4475,-0.0000
51.288,-0.4294,0.1553,-0.0627,-0.0028,0.8340,1.4359,-0.0000
51.300,-0.4259,0.1541,-0.0622,-0.0027,0.8273,1.4243,-0.0000
51.312,-0.4224,0.1528,-0.0617,-0.0027,0.8205,1.4127,-0.0000
51.324,-0.4189,0.1516,-0.0612,-0.0027,0.8138,1.4011,-0.0000
51.336,-0.4155,0.1503,-0.0607,-0.0027,0.8070,1.3894,-0.0000
51.348,-0.4120,0.1491,-0.0602,-0.0027,0.8003,1.3778,-0.0000
51.360,-0.4085,0.1478,-0.0597,-0.0026,0.7935,1.3662,-0.0000
51.372,-0.4050,0.1465,-0.0592,-0.0026,0.7868,1.3546,-0.0000
51.384,-0.4016,0.1453,-0.0587,-0.0026,0.7801,1.3430,-0.0000
51.396,-0.3981,0.1440,-0.0582,-0.0026,0.7733,1.3314,-0.0000
51.408,-0.3946,0.1428,-0.0577,-0.0025,0.7666,1.3198,-0.0000
51.420,-0.3912,0.1415,-0.0571,-0.0025,0.7598,1.3082,-0.0000
51.432,-0.3877,0.1403,-0.0566,-0.0025,0.7531,1.2966,-0.0000
51.444,-0.3842,0.1390,-0.0561,-0.0025,0.7463,1.2849,-0.0000
51.456,-0.3807,0.1377,-0.0556,-0.0025,0.7396,1.2733,-0.0000
51.468,-0.3773,0.1365,-0.0551,-0.0024,0.7328,1.2617,-0.0000
51.480,-0.3738,0.1352,-0.0546,-0.0024,0.7261,1.2501,-0.0000
51.492,-0.3703,0.1340,-0.0541,-0.0024,0.7194,1.2385,-0.0000
51.504,-0.3669,0.1327,-0.0536,-0.0024,0.7126,1.2269,-0.0000
51.516,-0.3634,0.1315,-0.0531,-0.0023,0.7059,1.2153,-0.0000
51.528,-0.3599,0.1302,-0.0526,-0.0023,0.6991,1.2037,-0.0000
51.540,-0.3564,0.1290,-0.0521,-0.0023,0.6924,1.1921,-0.0000
51.552,-0.3530,0.1277,-0.0516,-0.0023,0.6856,1.1804,-0.0000
51.564,-0.3495,0.1264,-0.0511,-0.0023,0.6789,1.1688,-0.0000
51.576,-0.3460,0.1252,-0.0506,-0.0022,0.6721,1.1572,-0.0000
51.588,-0.3426,0.1239,-0.0500,-0.0022,0.6654,1.1456,-0.0000
51.600,-0.3391,0.1227,-0.0495,-0.0022,0.6587,1.1340,-0.0000
51.612,-0.3356,0.1214,-0.0490,-0.0022,0.6519,1.1224,-0.0000
51.624,-0.3321,0.1202,-0.0485,-0.0021,0.6452,1.1108,-0.0000
51.636,-0.3287,0.1189,-0.0480,-0.0021,0.6384,1.0992,-0.0000
51.648,-0.3252,0.1177,-0.0475,-0.0021,0.6317,1.0876,-0.0000
51.660,-0.3217,0.1164,-0.0470,-0.0021,0.6249,1.0759,-0.0000
51.672,-0.3183,0.1151,-0.0465,-0.0021,0.6182,1.0643,-0.0000
51.684,-0.3148,0.1139,-0.0460,-0.0020,0.6115,1.0527,-0.0000
51.696,-0.3113,0.1126,-0.0455,-0.0020,0.6047,1.0411,-0.0000
51.708,-0.3078,0.1114,-0.0450,-0.0020,0.5980,1.0295,-0.0000
51.720,-0.3044,0.1101,-0.0445,-0.0020,0.5912,1.0179,-0.0000
51.732,-0.3009,0.1089,-0.0440,-0.0019,0.5845,1.0063,-0.0000
51.744,-0.2974,0.1076,-0.0435,-0.0019,0.5777,0.9947,-0.0000
51.756,-0.2940,0.1063,-0.0429,-0.0019,0.5710,0.9831,-0.0000
51.768,-0.2905,0.1051,-0.0424,-0.0019,0.5642,0.9714,-0.0000
51.780,-0.2870,0.1038,-0.0419,-0.0019,0.5575,0.9598,-0.0000
51.792,-0.2835,0.1026,-0.0414,-0.0018,0.5508,0.9482,-0.0000
51.804,-0.2801,0.1013,-0.0409,-0.0018,0.5440,0.9366,-0.0000
51.816,-0.2766,0.1001,-0.0404,-0.0018,0.5373,0.9250,-0.0000
51.828,-0.2731,0.0988,-0.0399,-0.0018,0.5305,0.9134,-0.0000
51.840,-0.2696,0.0976,-0.0394,-0.0017,0.5238,0.9018,-0.0000
51.852,-0.2662,0.0963,-0.0389,-0.0017,0.5170,0.8902,-0.0000
51.864,-0.2627,0.0950,-0.0384,-0.0017,0.5103,0.8786,-0.0000
51.876,-0.2592,0.0938,-0.0379,-0.0017,0.5035,0.8670,-0.0000
51.888,-0.2558,0.0925,-0.0374,-0.0016,0.4968,0.8553,-0.0000
51.900,-0.2523,0.0913,-0.0369,-0.0016,0.4901,0.8437,-0.0000
51.912,-0.2488,0.0900,-0.0363,-0.0016,0.4833,0.8321,-0.0000
51.924,-0.2453,0.0888,-0.0358,-0.0016,0.4766,0.8205,-0.0000
51.936,-0.2419,0.0875,-0.0353,-0.0016,0.4698,0.8089,-0.0000
51.948,-0.2384,0.0863,-0.0348,-0.0015,0.4631,0.7973,-0.0000
51.960,-0.2349,0.0850,-0.0343,-0.0015,0.4563,0.7857,-0.0000
51.972,-0.2315,0.0837,-0.0338,-0.0015,0.4496,0.7741,-0.0000
51.984,-0.2280,0.0825,-0.0333,-0.0015,0.4429,0.7625,-0.0000
51.996,-0.2245,0.0812,-0.0328,-0.0014,0.4361,0.7508,-0.0000
52.008,-0.2210,0.0800,-0.0323,-0.0014,0.4294,0.7392,-0.0000
52.020,-0.2176,0.0787,-0.0318,-0.0014,0.4226,0.7276,-0.0000
52.032,-0.2141,0.0775,-0.0313,-0.0014,0.4159,0.7160,-0.0000
52.044,-0.2106,0.0762,-0.0308,-0.0014,0.4091,0.7044,-0.0000
52.056,-0.2072,0.0749,-0.0303,-0.0013,0.4024,0.6928,-0.0000
52.068,-0.2037,0.0737,-0.0298,-0.0013,0.3956,0.6812,-0.0000
52.080,-0.2002,0.0724,-0.0292,-0.0013,0.3889,0.6696,-0.0000
52.092,-0.1967,0.0712,-0.0287,-0.0013,0.3822,0.6580,-0.0000
52.104,-0.1933,0.0699,-0.0282,-0.0012,0.3754,0.6463,-0.0000
52.116,-0.1898,0.0687,-0.0277,-0.0012,0.3687,0.6347,-0.0000
52.128,-0.1863,0.0674,-0.0272,-0.0012,0.3619,0.6231,-0.0000
52.140,-0.1829,0.0662,-0.0267,-0.0012,0.3552,0.6115,-0.0000
52.152,-0.1794,0.0649,-0.0262,-0.0012,0.3484,0.5999,-0.0000
52.164,-0.1759,0.0636,-0.0257,-0.0011,0.3417,0.5883,-0.0000
52.176,-0.1724,0.0624,-0.0252,-0.0011,0.3350,0.5767,-0.0000
52.188,-0.1690,0.0611,-0.0247,-0.0011,0.3282,0.5651,-0.0000
52.200,-0.1655,0.0599,-0.0242,-0.0011,0.3215,0.5535,-0.0000
52.212,-0.1620,0.0586,-0.0237,-0.0010,0.3147,0.5418,-0.0000
52.224,-0.1585,0.0574,-0.0232,-0.0010,0.3080,0.5302,-0.0000
52.236,-0.1551,0.0561,-0.0227,-0.0010,0.3012,0.5186,-0.0000
52.248,-0.1516,0.0548,-0.0221,-0.0010,0.2945,0.5070,-0.0000
52.260,-0.1481,0.0536,-0.0216,-0.0010,0.2877,0.4954,-0.0000
52.272,-0.1447,0.0523,-0.0211,-0.0009,0.2810,0.4838,-0.0000
52.284,-0.1412,0.0511,-0.0206,-0.0009,0.2743,0.4722,-0.0000
52.296,-0.1377,0.0498,-0.0201,-0.0009,0.2675,0.4606,-0.0000
52.308,-0.1342,0.0486,-0.0196,-0.0009,0.2608,0.4490,-0.0000
52.320,-0.1308,0.0473,-0.0191,-0.0008,0.2540,0.4373,-0.0000
52.332,-0.1273,0.0461,-0.0186,-0.0008,0.2473,0.4257,-0.0000
52.344,-0.1238,0.0448,-0.0181,-0.0008,0.2405,0.4141,-0.0000
52.356,-0.1204,0.0435,-0.0176,-0.0008,0.2338,0.4025,-0.0000
52.368,-0.1169,0.0423,-0.0171,-0.0008,0.2270,0.3909,-0.0000
52.380,-0.1134,0.0410,-0.0166,-0.0007,0.2203,0.3793,-0.0000
52.392,-0.1099,0.0398,-0.0161,-0.0007,0.2136,0.3677,-0.0000
52.404,-0.1065,0.0385,-0.0156,-0.0007,0.2068,0.3561,-0.0000
52.416,-0.1030,0.0373,-0.0150,-0.0007,0.2001,0.3445,-0.0000
52.428,-0.0995,0.0360,-0.0145,-0.0006,0.1933,0.3328,-0.0000
52.440,-0.0961,0.0348,-0.0140,-0.0006,0.1866,0.3212,-0.0000
52.452,-0.0926,0.0335,-0.0135,-0.0006,0.1798,0.3096,-0.0000
52.464,-0.0891,0.0322,-0.0130,-0.0006,0.1731,0.2980,-0.0000
52.476,-0.0856,0.0310,-0.0125,-0.0006,0.1664,0.2864,-0.0000
52.488,-0.0822,0.0297,-0.0120,-0.0005,0.1596,0.2748,-0.0000
52.500,-0.0787,0.0285,-0.0115,-0.0005,0.1529,0.2632,-0.0000
52.512,-0.0752,0.0272,-0.0110,-0.0005,0.1461,0.2516,-0.0000
52.524,-0.0718,0.0260,-0.0105,-0.0005,0.1394,0.2400,-0.0000
52.536,-0.0683,0.0247,-0.0100,-0.0004,0.1326,0.2283,-0.0000
52.548,-0.0648,0.0234,-0.0095,-0.0004,0.1259,0.2167,-0.0000
52.560,-0.0613,0.0222,-0.0090,-0.0004,0.1191,0.2051,-0.0000
52.572,-0.0579,0.0209,-0.0085,-0.0004,0.1124,0.1935,-0.0000
52.584,-0.0544,0.0197,-0.0079,-0.0004,0.1057,0.1819,-0.0000
52.596,-0.0509,0.0184,-0.0074,-0.0003,0.0989,0.1703,-0.0000
52.608,-0.0474,0.0172,-0.0069,-0.0003,0.0922,0.1587,-0.0000
52.620,-0.0440,0.0159,-0.0064,-0.0003,0.0854,0.1471,-0.0000
52.632,-0.0405,0.0147,-0.0059,-0.0003,0.0787,0.1355,-0.0000
52.644,-0.0370,0.0134,-0.0054,-0.0002,0.0719,0.1239,-0.0000
52.656,-0.0336,0.0121,-0.0049,-0.0002,0.0652,0.1122,-0.0000
52.668,-0.0301,0.0109,-0.0044,-0.0002,0.0584,0.1006,-0.0000
52.680,-0.0266,0.0096,-0.0039,-0.0002,0.0517,0.0890,-0.0000
52.692,-0.0234,0.0085,-0.0034,-0.0002,0.0455,0.0783,-0.0000
52.704,-0.0206,0.0075,-0.0030,-0.0001,0.0400,0.0689,-0.0000
52.716,-0.0181,0.0066,-0.0026,-0.0001,0.0352,0.0607,-0.0000
52.728,-0.0160,0.0058,-0.0023,-0.0001,0.0310,0.0534,-0.0000
52.740,-0.0140,0.0051,-0.0021,-0.0001,0.0273,0.0470,-0.0000
52.752,-0.0124,0.0045,-0.0018,-0.0001,0.0240,0.0413,-0.0000
52.764,-0.0109,0.0039,-0.0016,-0.0001,0.0211,0.0364,-0.0000
52.776,-0.0096,0.0035,-0.0014,-0.0001,0.0186,0.0320,-0.0000
52.788,-0.0084,0.0030,-0.0012,-0.0001,0.0164,0.0282,-0.0000
52.800,-0.0074,0.0027,-0.0011,-0.0000,0.0144,0.0248,-0.0000
52.812,-0.0065,0.0024,-0.0010,-0.0000,0.0127,0.0218,-0.0000
52.824,-0.0057,0.0021,-0.0008,-0.0000,0.0112,0.0192,-0.0000
52.836,-0.0051,0.0018,-0.0007,-0.0000,0.0098,0.0169,-0.0000
52.848,-0.0044,0.0016,-0.0006,-0.0000,0.0086,0.0149,-0.0000
52.860,-0.0039,0.0014,-0.0006,-0.0000,0.0076,0.0131,-0.0000
52.872,-0.0034,0.0012,-0.0005,-0.0000,0.0067,0.0115,-0.0000
52.884,-0.0030,0.0011,-0.0004,-0.0000,0.0059,0.0101,-0.0000
52.896,-0.0027,0.0010,-0.0004,-0.0000,0.0052,0.0089,-0.0000
52.908,-0.0023,0.0008,-0.0003,-0.0000,0.0046,0.0078,-0.0000
52.920,-0.0021,0.0007,-0.0003,-0.0000,0.0040,0.0069,-0.0000
52.932,-0.0018,0.0007,-0.0003,-0.0000,0.0035,0.0061,-0.0000
52.944,-0.0016,0.0006,-0.0002,-0.0000,0.0031,0.0053,-0.0000
52.956,-0.0014,0.0005,-0.0002,-0.0000,0.0027,0.0047,-0.0000
52.968,-0.0012,0.0004,-0.0002,-0.0000,0.0024,0.0041,-0.0000
52.980,-0.0011,0.0004,-0.0002,-0.0000,0.0021,0.0036,-0.0000
52.992,-0.0010,0.0003,-0.0001,-0.0000,0.0019,0.0032,-0.0000
53.004,-0.0008,0.0003,-0.0001,-0.0000,0.0016,0.0028,-0.0000
53.016,-0.0007,0.0003,-0.0001,-0.0000,0.0014,0.0025,-0.0000
53.028,-0.0007,0.0002,-0.0001,-0.0000,0.0013,0.0022,-0.0000
53.040,-0.0006,0.0002,-0.0001,-0.0000,0.0011,0.0019,0.0000
53.052,-0.0005,0.0002,-0.0001,-0.0000,0.0010,0.0017,0.0000
53.064,-0.0004,0.0002,-0.0001,-0.0000,0.0009,0.0015,0.0000
53.076,-0.0004,0.0001,-0.0001,-0.0000,0.0008,0.0013,0.0000
53.088,-0.0003,0.0001,-0.0001,-0.0000,0.0007,0.0012,0.0000
53.100,-0.0003,0.0001,-0.0000,-0.0000,0.0006,0.0010,0.0000
53.112,-0.0003,0.0001,-0.0000,-0.0000,0.0005,0.0009,0.0000
53.124,-0.0002,0.0001,-0.0000,-0.0000,0.0005,0.0008,0.0000
53.136,-0.0002,0.0001,-0.0000,-0.0000,0.0004,0.0007,0.0000
53.148,-0.0002,0.0001,-0.0000,-0.0000,0.0004,0.0006,0.0000
53.160,-0.0002,0.0001,-0.0000,-0.0000,0.0003,0.0005,0.0000
53.172,-0.0001,0.0001,-0.0000,-0.0000,0.0003,0.0005,0.0000
53.184,-0.0001,0.0000,-0.0000,-0.0000,0.0002,0.0004,0.0000
53.196,-0.0001,0.0000,-0.0000,-0.0000,0.0002,0.0004,0.0000
53.208,-0.0001,0.0000,-0.0000,-0.0000,0.0002,0.0003,0.0000
53.220,-0.0001,0.0000,-0.0000,-0.0000,0.0002,0.0003,0.0000
53.232,-0.0001,0.0000,-0.0000,-0.0000,0.0001,0.0002,0.0000
53.244,-0.0001,0.0000,-0.0000,-0.0000,0.0001,0.0002,0.0000
53.256,-0.0001,0.0000,-0.0000,-0.0000,0.0001,0.0002,0.0000
53.268,-0.0001,0.0000,-0.0000,-0.0000,0.0001,0.0002,0.0000
53.280,-0.0000,0.0000,-0.0000,-0.0000,0.0001,0.0001,0.0000
53.292,-0.0000,0.0000,-0.0000,-0.0000,0.0001,0.0001,0.0000
53.304,-0.0000,0.0000,-0.0000,-0.0000,0.0001,0.0001,0.0000
53.316,-0.0000,0.0000,-0.0000,-0.0000,0.0001,0.0001,0.0000
53.328,-0.0000,0.0000,-0.0000,-0.0000,0.0001,0.0001,0.0000
53.340,-0.0000,0.0000,-0.0000,-0.0000,0.0000,0.0001,0.0000
53.352,-0.0000,0.0000,-0.0000,-0.0000,0.0000,0.0001,0.0000
53.364,-0.0000,0.0000,-0.0000,-0.0000,0.0000,0.0001,0.0000
53.376,-0.0000,0.0000,-0.0000,-0.0000,0.0000,0.0001,0.0000
53.388,-0.0000,0.0000,-0.0000,-0.0000,0.0000,0.0000,0.0000
53.400,-0.0000,0.0000,-0.0000,-0.0000,0.0000,0.0000,0.0000
53.412,-0.0000,0.0000,-0.0000,-0.0000,0.0000,0.0000,0.0000
53.424,-0.0000,0.0000,-0.0000,-0.0000,0.0000,0.0000,0.0000
53.436,-0.0000,0.0000,-0.0000,-0.0000,0.0000,0.0000,0.0000
53.448,-0.0000,0.0000,-0.0000,-0.0000,0.0000,0.0000,0.0000
53.460,-0.0000,0.0000,-0.0000,-0.0000,0.0000,0.0000,0.0000
53.472,-0.0000,0.0000,-0.0000,-0.0000,0.0000,0.0000,0.0000
53.484,-0.0000,0.0000,-0.0000,-0.0000,0.0000,0.0000,0.0000
53.496,-0.0000,0.0000,-0.0000,-0.0000,0.0000,0.0000,0.0000
53.508,-0.0000,0.0000,-0.0000,-0.0000,0.0000,0.0000,0.0000
53.520,-0.0000,0.0000,-0.0000,-0.0000,0.0000,0.0000,0.0000
53.532,-0.0000,0.0000,-0.0000,-0.0000,0.0000,0.0000,0.0000
53.544,-0.0000,0.0000,-0.0000,-0.0000,0.0000,0.0000,0.0000
53.556,-0.0000,0.0000,-0.0000,-0.0000,0.0000,0.0000,0.0000
53.568,-0.0000,0.0000,-0.0000,-0.0000,0.0000,0.0000,0.0000
53.580,-0.0000,0.0000,-0.0000,-0.0000,0.0000,0.0000,0.0000
53.592,-0.0000,0.0000,-0.0000,-0.0000,0.0000,0.0000,0.0000
53.604,-0.0000,0.0000,-0.0000,-0.0000,0.0000,0.0000,0.0000
53.616,-0.0000,0.0000,-0.0000,-0.0000,0.0000,0.0000,0.0000
53.628,-0.0000,0.0000,-0.0000,-0.0000,0.0000,0.0000,0.0000
53.640,-0.0000,0.0000,-0.0000,-0.0000,0.0000,0.0000,0.0000
53.652,-0.0000,0.0000,-0.0000,-0.0000,0.0000,0.0000,0.0000
53.664,-0.0000,0.0000,-0.0000,-0.0000,0.0000,0.0000,0.0000
53.676,-0.0000,0.0000,-0.0000,-0.0000,0.0000,0.0000,0.0000
53.688,-0.0000,0.0000,-0.0000,-0.0000,0.0000,0.0000,0.0000
53.700,-0.0000,0.0000,-0.0000,-0.0000,0.0000,0.0000,0.0000
53.712,-0.0000,0.0000,-0.0000,-0.0000,0.0000,0.0000,0.0000
53.724,-0.0000,0.0000,-0.0000,-0.0000,0.0000,0.0000,0.0000
53.736,-0.0000,0.0000,-0.0000,-0.0000,0.0000,0.0000,0.0000
53.748,-0.0000,0.0000,-0.0000,-0.0000,0.0000,0.0000,0.0000
53.760,-0.0000,0.0000,-0.0000,-0.0000,0.0000,0.0000,0.0000
53.772,-0.0000,0.0000,-0.0000,-0.0000,0.0000,0.0000,0.0000
53.784,-0.0000,0.0000,-0.0000,-0.0000,0.0000,0.0000,0.0000
53.796,-0.0000,0.0000,-0.0000,-0.0000,0.0000,0.0000,0.0000
53.808,-0.0000,0.0000,-0.0000,-0.0000,0.0000,0.0000,0.0000
53.820,-0.0000,0.0000,-0.0000,-0.0000,0.0000,0.0000,0.0000
53.832,-0.0000,0.0000,-0.0000,-0.0000,0.0000,0.0000,0.0000
53.844,-0.0000,0.0000,-0.0000,-0.0000,0.0000,0.0000,0.0000
53.856,-0.0000,0.0000,-0.0000,-0.0000,0.0000,0.0000,0.0000
53.868,-0.0000,0.0000,-0.0000,-0.0000,0.0000,0.0000,0.0000
53.880,-0.0000,0.0000,-0.0000,-0.0000,0.0000,0.0000,0.0000
53.892,-0.0000,0.0000,-0.0000,-0.0000,0.0000,0.0000,0.0000
53.904,-0.0000,0.0000,-0.0000,-0.0000,0.0000,0.0000,0.0000
53.916,-0.0000,0.0000,-0.0000,-0.0000,0.0000,0.0000,0.0000
53.928,-0.0000,0.0000,-0.0000,-0.0000,0.0000,0.0000,0.0000
53.940,-0.0000,0.0000,-0.0000,-0.0000,0.0000,0.0000,0.0000
53.952,-0.0000,0.0000,-0.0000,-0.0000,0.0000,0.0000,0.0000
53.964,-0.0000,0.0000,-0.0000,-0.0000,0.0000,0.0000,0.0000
53.976,-0.0000,0.0000,-0.0000,-0.0000,0.0000,0.0000,0.0000
53.988,-0.0000,0.0000,-0.0000,-0.0000,0.0000,0.0000,0.0000
54.000,-0.0000,0.0000,-0.0000,-0.0000,0.0000,0.0000,0.0000
54.012,-0.0000,0.0000,-0.0000,-0.0000,0.0000,0.0000,0.0000
54.024,-0.0000,0.0000,-0.0000,-0.0000,0.0000,0.0000,0.0000
54.036,-0.0000,0.0000,-0.0000,-0.0000,0.0000,0.0000,0.0000
54.048,-0.0000,0.0000,-0.0000,-0.0000,0.0000,0.0000,0.0000
54.060,-0.0000,0.0000,-0.0000,-0.0000,0.0000,0.0000,0.0000
54.072,-0.0000,0.0000,-0.0000,-0.0000,0.0000,0.0000,0.0000
54.084,-0.0000,0.0000,-0.0000,-0.0000,0.0000,0.0000,0.0000
54.096,-0.0000,0.0000,-0.0000,-0.0000,0.0000,0.0000,0.0000
54.108,-0.0000,0.0000,-0.0000,-0.0000,0.0000,0.0000,0.0000
54.120,-0.0000,0.0000,-0.0000,-0.0000,0.0000,0.0000,0.0000
54.132,-0.0000,0.0000,-0.0000,-0.0000,0.0000,0.0000,0.0000
54.144,-0.0000,0.0000,-0.0000,-0.0000,0.0000,0.0000,0.0000
54.156,-0.0000,0.0000,-0.0000,-0.0000,0.0000,0.0000,0.0000
54.168,-0.0000,0.0000,-0.0000,-0.0000,0.0000,0.0000,0.0000
54.180,-0.0000,0.0000,-0.0000,-0.0000,0.0000,0.0000,0.0000
54.192,-0.0000,0.0000,-0.0000,-0.0000,0.0000,0.0000,0.0000
54.204,-0.0000,0.0000,-0.0000,-0.0000,0.0000,0.0000,0.0000
54.216,-0.0000,0.0000,-0.0000,-0.0000,0.0000,0.0000,0.0000
54.228,-0.0000,0.0000,-0.0000,-0.0000,0.0000,0.0000,0.0000
54.240,-0.0000,0.0000,-0.0000,-0.0000,0.0000,0.0000,0.0000
54.252,-0.0000,0.0000,-0.0000,-0.0000,0.0000,0.0000,0.0000
54.264,-0.0000,0.0000,-0.0000,-0.0000,0.0000,0.0000,0.0000
54.276,-0.0000,0.0000,-0.0000,-0.0000,0.0000,0.0000,0.0000
54.288,-0.0000,0.0000,-0.0000,-0.0000,0.0000,0.0000,0.0000
54.300,-0.0000,0.0000,-0.0000,-0.0000,0.0000,0.0000,0.0000
54.312,-0.0000,0.0000,-0.0000,-0.0000,0.0000,0.0000,0.0000
54.324,-0.0000,0.0000,-0.0000,-0.0000,0.0000,0.0000,0.0000
54.336,-0.0000,0.0000,-0.0000,-0.0000,0.0000,0.0000,0.0000
54.348,-0.0000,0.0000,-0.0000,-0.0000,0.0000,0.0000,0.0000
54.360,-0.0000,0.0000,-0.0000,-0.0000,0.0000,0.0000,0.0000
54.372,-0.0000,0.0000,-0.0000,-0.0000,0.0000,0.0000,0.0000
54.384,-0.0000,0.0000,-0.0000,-0.0000,0.0000,0.0000,0.0000
54.396,-0.0000,0.0000,-0.0000,-0.0000,0.0000,0.0000,0.0000
54.408,-0.0000,0.0000,-0.0000,-0.0000,0.0000,0.0000,0.0000
54.420,-0.0000,0.0000,-0.0000,-0.0000,0.0000,0.0000,0.0000
54.432,-0.0000,0.0000,-0.0000,-0.0000,0.0000,0.0000,0.0000
54.444,-0.0000,0.0000,-0.0000,-0.0000,0.0000,0.0000,0.0000
54.456,-0.0000,0.0000,-0.0000,-0.0000,0.0000,0.0000,0.0000
54.468,-0.0000,0.0000,-0.0000,-0.0000,0.0000,0.0000,0.0000
54.480,-0.0000,0.0000,-0.0000,-0.0000,0.0000,0.0000,0.0000
54.492,-0.0000,0.0000,-0.0000,-0.0000,0.0000,0.0000,0.0000
54.504,-0.0000,0.0000,-0.0000,-0.0000,0.0000,0.0000,0.0000
54.516,-0.0000,0.0000,-0.0000,-0.0000,0.0000,0.0000,0.0000
54.528,-0.0000,0.0000,-0.0000,-0.0000,0.0000,0.0000,0.0000
54.540,-0.0000,0.0000,-0.0000,-0.0000,0.0000,0.0000,0.0000
54.552,-0.0000,0.0000,-0.0000,-0.0000,0.0000,0.0000,0.0000
54.564,-0.0000,0.0000,-0.0000,-0.0000,0.0000,0.0000,0.0000
54.576,-0.0000,0.0000,-0.0000,-0.0000,0.0000,0.0000,0.0000
54.588,-0.0000,0.0000,-0.0000,-0.0000,0.0000,0.0000,0.0000
54.600,-0.0000,0.0000,-0.0000,-0.0000,0.0000,0.0000,0.0000
54.612,-0.0000,0.0000,-0.0000,-0.0000,0.0000,0.0000,0.0000
54.624,-0.0000,0.0000,-0.0000,-0.0000,0.0000,0.0000,0.0000
54.636,-0.0000,0.0000,-0.0000,-0.0000,0.0000,0.0000,0.0000
54.648,-0.0000,0.0000,-0.0000,-0.0000,0.0000,0.0000,0.0000
54.660,-0.0000,0.0000,-0.0000,-0.0000,0.0000,0.0000,0.0000
54.672,-0.0000,0.0000,-0.0000,-0.0000,0.0000,0.0000,0.0000
54.684,-0.0000,0.0000,-0.0000,-0.0000,0.0000,0.0000,0.0000
54.696,-0.0000,0.0000,-0.0000,-0.0000,0.0000,0.0000,0.0000
54.708,-0.0000,0.0000,-0.0000,-0.0000,0.0000,0.0000,0.0000
54.720,-0.0000,0.0000,-0.0000,-0.0000,0.0000,0.0000,0.0000
54.732,-0.0000,0.0000,-0.0000,-0.0000,0.0000,0.0000,0.0000
54.744,-0.0000,0.0000,-0.0000,-0.0000,0.0000,0.0000,0.0000
54.756,-0.0000,0.0000,-0.0000,-0.0000,0.0000,0.0000,0.0000
54.768,-0.0000,0.0000,-0.0000,-0.0000,0.0000,0.0000,0.0000
54.780,-0.0000,0.0000,-0.0000,-0.0000,0.0000,0.0000,0.0000
54.792,-0.0000,0.0000,-0.0000,-0.0000,0.0000,0.0000,0.0000
54.804,-0.0000,0.0000,-0.0000,-0.0000,0.0000,0.0000,0.0000
54.816,-0.0000,0.0000,-0.0000,-0.0000,0.0000,0.0000,0.0000
54.828,-0.0000,0.0000,-0.0000,-0.0000,0.0000,0.0000,0.0000
54.840,-0.0000,0.0000,-0.0000,-0.0000,0.0000,0.0000,0.0000
54.852,-0.0000,0.0000,-0.0000,-0.0000,0.0000,0.0000,0.0000
54.864,-0.0000,0.0000,-0.0000,-0.0000,0.0000,0.0000,0.0000
54.876,-0.0000,0.0000,-0.0000,-0.0000,0.0000,0.0000,0.0000
54.888,-0.0000,0.0000,-0.0000,-0.0000,0.0000,0.0000,0.0000
54.900,-0.0000,0.0000,-0.0000,-0.0000,0.0000,0.0000,0.0000
54.912,-0.0000,0.0000,-0.0000,-0.0000,0.0000,0.0000,0.0000
54.924,-0.0000,0.0000,-0.0000,-0.0000,0.0000,0.0000,0.0000
54.936,-0.0000,0.0000,-0.0000,-0.0000,0.0000,0.0000,0.0000
54.948,-0.0000,0.0000,-0.0000,-0.0000,0.0000,0.0000,0.0000
54.960,-0.0000,0.0000,-0.0000,-0.0000,0.0000,0.0000,0.0000
54.972,-0.0000,0.0000,-0.0000,-0.0000,0.0000,0.0000,0.0000
54.984,-0.0000,0.0000,-0.0000,-0.0000,0.0000,0.0000,0.0000
54.996,-0.0000,0.0000,-0.0000,-0.0000,0.0000,0.0000,0.0000
55.008,-0.0000,0.0000,-0.0000,-0.0000,0.0000,0.0000,0.0000
55.020,-0.0000,0.0000,-0.0000,-0.0000,0.0000,0.0000,0.0000
55.032,-0.0000,0.0000,-0.0000,-0.0000,0.0000,0.0000,0.0000
55.044,-0.0000,0.0000,-0.0000,-0.0000,0.0000,0.0000,0.0000
55.056,-0.0000,0.0000,-0.0000,-0.0000,0.0000,0.0000,0.0000
55.068,-0.0000,0.0000,-0.0000,-0.0000,0.0000,0.0000,0.0000
55.080,-0.0000,0.0000,-0.0000,-0.0000,0.0000,0.0000,0.0000
55.092,-0.0000,0.0000,-0.0000,-0.0000,0.0000,0.0000,0.0000
55.104,-0.0000,0.0000,-0.0000,-0.0000,0.0000,0.0000,0.0000
55.116,-0.0000,0.0000,-0.0000,-0.0000,0.0000,0.0000,0.0000
55.128,-0.0000,0.0000,-0.0000,-0.0000,0.0000,0.0000,0.0000
55.140,-0.0000,0.0000,-0.0000,-0.0000,0.0000,0.0000,0.0000
55.152,-0.0000,0.0000,-0.0000,-0.0000,0.0000,0.0000,0.0000
55.164,-0.0000,0.0000,-0.0000,-0.0000,0.0000,0.0000,0.0000
55.176,-0.0000,0.0000,-0.0000,-0.0000,0.0000,0.0000,0.0000
55.188,-0.0000,0.0000,-0.0000,-0.0000,0.0000,0.0000,0.0000
55.200,-0.0000,0.0000,-0.0000,-0.0000,0.0000,0.0000,0.0000
55.212,-0.0000,0.0000,-0.0000,-0.0000,0.0000,0.0000,0.0000
55.224,-0.0000,0.0000,-0.0000,-0.0000,0.0000,0.0000,0.0000
55.236,-0.0000,0.0000,-0.0000,-0.0000,0.0000,0.0000,0.0000
55.248,-0.0000,0.0000,-0.0000,-0.0000,0.0000,0.0000,0.0000
55.260,-0.0000,0.0000,-0.0000,-0.0000,0.0000,0.0000,0.0000
55.272,-0.0000,0.0000,-0.0000,-0.0000,0.0000,0.0000,0.0000
55.284,-0.0000,0.0000,-0.0000,-0.0000,0.0000,0.0000,0.0000
55.296,-0.0000,0.0000,-0.0000,-0.0000,0.0000,0.0000,0.0000
55.308,-0.0000,0.0000,-0.0000,-0.0000,0.0000,0.0000,0.0000
55.320,-0.0000,0.0000,-0.0000,-0.0000,0.0000,0.0000,0.0000
55.332,-0.0000,0.0000,-0.0000,-0.0000,0.0000,0.0000,0.0000
55.344,-0.0000,0.0000,-0.0000,-0.0000,0.0000,0.0000,0.0000
55.356,-0.0000,0.0000,-0.0000,-0.0000,0.0000,0.0000,0.0000
55.368,-0.0000,0.0000,-0.0000,-0.0000,0.0000,0.0000,0.0000
55.380,-0.0000,0.0000,-0.0000,-0.0000,0.0000,0.0000,0.0000
55.392,-0.0000,0.0000,-0.0000,-0.0000,0.0000,0.0000,0.0000
55.404,-0.0000,0.0000,-0.0000,-0.0000,0.0000,0.0000,0.0000
55.416,-0.0000,0.0000,-0.0000,-0.0000,0.0000,0.0000,0.0000
55.428,-0.0000,0.0000,-0.0000,-0.0000,0.0000,0.0000,0.0000
55.440,-0.0000,0.0000,-0.0000,-0.0000,0.0000,0.0000,0.0000
55.452,-0.0000,0.0000,-0.0000,-0.0000,0.0000,0.0000,0.0000
55.464,-0.0000,0.0000,-0.0000,-0.0000,0.0000,0.0000,0.0000
55.476,-0.0000,0.0000,-0.0000,-0.0000,0.0000,0.0000,0.0000
55.488,-0.0000,0.0000,-0.0000,-0.0000,0.0000,0.0000,0.0000
55.500,-0.0000,0.0000,-0.0000,-0.0000,0.0000,0.0000,0.0000
55.512,-0.0000,0.0000,-0.0000,-0.0000,0.0000,0.0000,0.0000
55.524,-0.0000,0.0000,-0.0000,-0.0000,0.0000,0.0000,0.0000
55.536,-0.0000,0.0000,-0.0000,-0.0000,0.0000,0.0000,0.0000
55.548,-0.0000,0.0000,-0.0000,-0.0000,0.0000,0.0000,0.0000
55.560,-0.0000,0.0000,-0.0000,-0.0000,0.0000,0.0000,0.0000
55.572,-0.0000,0.0000,-0.0000,-0.0000,0.0000,0.0000,0.0000
55.584,-0.0000,0.0000,-0.0000,-0.0000,0.0000,0.0000,0.0000
55.596,-0.0000,0.0000,-0.0000,-0.0000,0.0000,0.0000,0.0000
55.608,-0.0000,0.0000,-0.0000,-0.0000,0.0000,0.0000,0.0000
55.620,-0.0000,0.0000,-0.0000,-0.0000,0.0000,0.0000,0.0000
55.632,-0.0000,0.0000,-0.0000,-0.0000,0.0000,0.0000,0.0000
55.644,-0.0000,0.0000,-0.0000,-0.0000,0.0000,0.0000,0.0000
55.656,-0.0000,0.0000,-0.0000,-0.0000,0.0000,0.0000,0.0000
55.668,-0.0000,0.0000,-0.0000,-0.0000,0.0000,0.0000,0.0000
55.680,-0.0000,0.0000,-0.0000,-0.0000,0.0000,0.0000,0.0000
55.692,-0.0000,0.0000,-0.0000,-0.0000,0.0000,0.0000,0.0000
55.704,-0.0000,0.0000,-0.0000,-0.0000,0.0000,0.0000,0.0000
55.716,-0.0000,0.0000,-0.0000,-0.0000,0.0000,0.0000,0.0000
55.728,-0.0000,0.0000,-0.0000,-0.0000,0.0000,0.0000,0.0000
55.740,-0.0000,0.0000,-0.0000,-0.0000,0.0000,0.0000,0.0000
55.752,-0.0000,0.0000,-0.0000,-0.0000,0.0000,0.0000,0.0000
55.764,-0.0000,0.0000,-0.0000,-0.0000,0.0000,0.0000,0.0000
55.776,-0.0000,0.0000,-0.0000,-0.0000,0.0000,0.0000,0.0000
55.788,-0.0000,0.0000,-0.0000,-0.0000,0.0000,0.0000,0.0000
55.800,-0.0000,0.0000,-0.0000,-0.0000,0.0000,0.0000,0.0000
55.812,-0.0000,0.0000,-0.0000,-0.0000,0.0000,0.0000,0.0000
55.824,-0.0000,0.0000,-0.0000,-0.0000,0.0000,0.0000,0.0000
55.836,-0.0000,0.0000,-0.0000,-0.0000,0.0000,0.0000,0.0000
55.848,-0.0000,0.0000,-0.0000,-0.0000,0.0000,0.0000,0.0000
55.860,-0.0000,0.0000,-0.0000,-0.0000,0.0000,0.0000,0.0000
55.872,-0.0000,0.0000,-0.0000,-0.0000,0.0000,0.0000,0.0000
55.884,-0.0000,0.0000,-0.0000,-0.0000,0.0000,0.0000,0.0000
55.896,-0.0000,0.0000,-0.0000,-0.0000,0.0000,0.0000,0.0000
55.908,-0.0000,0.0000,-0.0000,-0.0000,0.0000,0.0000,0.0000
55.920,-0.0000,0.0000,-0.0000,-0.0000,0.0000,0.0000,0.0000
55.932,-0.0000,0.0000,-0.0000,-0.0000,0.0000,0.0000,0.0000
55.944,-0.0000,0.0000,-0.0000,-0.0000,0.0000,0.0000,0.0000
55.956,-0.0000,0.0000,-0.0000,-0.0000,0.0000,0.0000,0.0000
55.968,-0.0000,0.0000,-0.0000,-0.0000,0.0000,0.0000,0.0000
55.980,-0.0000,0.0000,-0.0000,-0.0000,0.0000,0.0000,0.0000
55.992,-0.0000,0.0000,-0.0000,-0.0000,0.0000,0.0000,0.0000
56.004,-0.0000,0.0000,-0.0000,-0.0000,0.0000,0.0000,0.0000
56.016,-0.0000,0.0000,-0.0000,-0.0000,0.0000,0.0000,0.0000
56.028,-0.0000,0.0000,-0.0000,-0.0000,0.0000,0.0000,0.0000
56.040,-0.0000,0.0000,-0.0000,-0.0000,0.0000,0.0000,0.0000
56.052,-0.0000,0.0000,-0.0000,-0.0000,0.0000,0.0000,0.0000
56.064,-0.0000,0.0000,-0.0000,-0.0000,0.0000,0.0000,0.0000
56.076,-0.0000,0.0000,-0.0000,-0.0000,0.0000,0.0000,0.0000
56.088,-0.0000,0.0000,-0.0000,-0.0000,0.0000,0.0000,0.0000
56.100,-0.0000,0.0000,-0.0000,-0.0000,0.0000,0.0000,0.0000
56.112,-0.0000,0.0000,-0.0000,-0.0000,0.0000,0.0000,0.0000
56.124,-0.0000,0.0000,-0.0000,-0.0000,0.0000,0.0000,0.0000
56.136,-0.0000,0.0000,-0.0000,-0.0000,0.0000,0.0000,0.0000
56.148,-0.0000,0.0000,-0.0000,-0.0000,0.0000,0.0000,0.0000
56.160,-0.0000,0.0000,-0.0000,-0.0000,0.0000,0.0000,0.0000
56.172,-0.0000,0.0000,-0.0000,-0.0000,0.0000,0.0000,0.0000
56.184,-0.0000,0.0000,-0.0000,-0.0000,0.0000,0.0000,0.0000
56.196,-0.0000,0.0000,-0.0000,-0.0000,0.0000,0.0000,0.0000
56.208,-0.0000,0.0000,-0.0000,-0.0000,0.0000,0.0000,0.0000
56.220,-0.0000,0.0000,-0.0000,-0.0000,0.0000,0.0000,0.0000
56.232,-0.0000,0.0000,-0.0000,-0.0000,0.0000,0.0000,0.0000
56.244,-0.0000,0.0000,-0.0000,-0.0000,0.0000,0.0000,0.0000
56.256,-0.0000,0.0000,-0.0000,-0.0000,0.0000,0.0000,0.0000
56.268,-0.0000,0.0000,-0.0000,-0.0000,0.0000,0.0000,0.0000
56.280,-0.0000,0.0000,-0.0000,-0.0000,0.0000,0.0000,0.0000
56.292,-0.0000,0.0000,-0.0000,-0.0000,0.0000,0.0000,0.0000
56.304,-0.0000,0.0000,-0.0000,-0.0000,0.0000,0.0000,0.0000
56.316,-0.0000,0.0000,-0.0000,-0.0000,0.0000,0.0000,0.0000
56.328,-0.0000,0.0000,-0.0000,-0.0000,0.0000,0.0000,0.0000
56.340,-0.0000,0.0000,-0.0000,-0.0000,0.0000,0.0000,0.0000
56.352,-0.0000,0.0000,-0.0000,-0.0000,0.0000,0.0000,0.0000
56.364,-0.0000,0.0000,-0.0000,-0.0000,0.0000,0.0000,0.0000
56.376,-0.0000,0.0000,-0.0000,-0.0000,0.0000,0.0000,0.0000
56.388,-0.0000,0.0000,-0.0000,-0.0000,0.0000,0.0000,0.0000
56.400,-0.0000,0.0000,-0.0000,-0.0000,0.0000,0.0000,0.0000
56.412,-0.0000,0.0000,-0.0000,-0.0000,0.0000,0.0000,0.0000
56.424,-0.0000,0.0000,-0.0000,-0.0000,0.0000,0.0000,0.0000
56.436,-0.0000,0.0000,-0.0000,-0.0000,0.0000,0.0000,0.0000
56.448,-0.0000,0.0000,-0.0000,-0.0000,0.0000,0.0000,0.0000
56.460,-0.0000,0.0000,-0.0000,-0.0000,0.0000,0.0000,0.0000
56.472,-0.0000,0.0000,-0.0000,-0.0000,0.0000,0.0000,0.0000
56.484,-0.0000,0.0000,-0.0000,-0.0000,0.0000,0.0000,0.0000
56.496,-0.0000,0.0000,0.0000,-0.0000,0.0000,0.0000,0.0000
56.508,-0.0000,0.0000,0.0000,-0.0000,0.0000,0.0000,0.0000
56.520,-0.0000,0.0000,0.0000,-0.0000,0.0000,0.0000,0.0000
56.532,-0.0000,0.0000,0.0000,-0.0000,0.0000,0.0000,0.0000
56.544,-0.0000,0.0000,0.0000,-0.0000,0.0000,0.0000,0.0000
56.556,-0.0000,0.0000,0.0000,-0.0000,0.0000,0.0000,0.0000
56.568,-0.0000,0.0000,0.0000,-0.0000,0.0000,0.0000,0.0000
56.580,-0.0000,0.0000,0.0000,-0.0000,0.0000,0.0000,0.0000
56.592,-0.0000,0.0000,0.0000,-0.0000,0.0000,0.0000,0.0000
56.604,-0.0000,0.0000,0.0000,-0.0000,0.0000,0.0000,0.0000
56.616,-0.0000,0.0000,0.0000,-0.0000,0.0000,0.0000,0.0000
56.628,-0.0000,0.0000,0.0000,-0.0000,0.0000,0.0000,0.0000
56.640,-0.0000,0.0000,0.0000,-0.0000,0.0000,0.0000,0.0000
56.652,-0.0000,0.0000,0.0000,-0.0000,0.0000,0.0000,0.0000
56.664,-0.0000,0.0000,0.0000,-0.0000,0.0000,0.0000,0.0000
56.676,-0.0000,0.0000,0.0000,-0.0000,0.0000,0.0000,0.0000
56.688,-0.0000,0.0000,0.0000,-0.0000,0.0000,0.0000,0.0000
56.700,-0.0000,0.0000,0.0000,-0.0000,0.0000,0.0000,0.0000
56.712,-0.0000,0.0000,0.0000,-0.0000,0.0000,0.0000,0.0000
56.724,-0.0000,0.0000,0.0000,-0.0000,0.0000,0.0000,0.0000
56.736,-0.0000,0.0000,0.0000,-0.0000,0.0000,0.0000,0.0000
56.748,-0.0000,0.0000,0.0000,-0.0000,0.0000,0.0000,0.0000
56.760,-0.0000,0.0000,0.0000,-0.0000,0.0000,0.0000,0.0000
56.772,-0.0000,0.0000,0.0000,-0.0000,0.0000,0.0000,0.0000
56.784,-0.0000,0.0000,0.0000,-0.0000,0.0000,0.0000,0.0000
56.796,-0.0000,0.0000,0.0000,-0.0000,0.0000,0.0000,0.0000
56.808,-0.0000,0.0000,0.0000,-0.0000,0.0000,0.0000,0.0000
56.820,-0.0000,0.0000,0.0000,-0.0000,0.0000,0.0000,0.0000
56.832,-0.0000,0.0000,0.0000,-0.0000,0.0000,0.0000,0.0000
56.844,-0.0000,0.0000,0.0000,-0.0000,0.0000,0.0000,0.0000
56.856,-0.0000,0.0000,0.0000,-0.0000,0.0000,0.0000,0.0000
56.868,-0.0000,0.0000,0.0000,-0.0000,0.0000,0.0000,0.0000
56.880,-0.0000,0.0000,0.0000,-0.0000,0.0000,0.0000,0.0000
56.892,-0.0000,0.0000,0.0000,-0.0000,0.0000,0.0000,0.0000
56.904,-0.0000,0.0000,0.0000,-0.0000,0.0000,0.0000,0.0000
56.916,-0.0000,0.0000,0.0000,-0.0000,0.0000,0.0000,0.0000
56.928,-0.0000,0.0000,0.0000,-0.0000,0.0000,0.0000,0.0000
56.940,-0.0000,0.0000,0.0000,-0.0000,0.0000,0.0000,0.0000
56.952,-0.0000,0.0000,0.0000,-0.0000,0.0000,0.0000,0.0000
56.964,-0.0000,0.0000,0.0000,-0.0000,0.0000,0.0000,0.0000
56.976,-0.0000,0.0000,0.0000,-0.0000,0.0000,0.0000,0.0000
56.988,-0.0000,0.0000,0.0000,-0.0000,0.0000,0.0000,0.0000
57.000,-0.0000,0.0000,0.0000,-0.0000,0.0000,0.0000,0.0000
57.012,-0.0000,0.0000,0.0000,-0.0000,0.0000,0.0000,0.0000
57.024,-0.0000,0.0000,0.0000,-0.0000,0.0000,0.0000,0.0000
57.036,-0.0000,0.0000,0.0000,-0.0000,0.0000,0.0000,0.0000
57.048,-0.0000,0.0000,0.0000,-0.0000,0.0000,0.0000,0.0000
57.060,-0.0000,0.0000,0.0000,-0.0000,0.0000,0.0000,0.0000
57.072,-0.0000,0.0000,0.0000,-0.0000,0.0000,0.0000,0.0000
57.084,-0.0000,0.0000,0.0000,-0.0000,0.0000,0.0000,0.0000
57.096,-0.0000,0.0000,0.0000,-0.0000,0.0000,0.0000,0.0000
57.108,-0.0000,0.0000,0.0000,-0.0000,0.0000,0.0000,0.0000
57.120,-0.0000,0.0000,0.0000,-0.0000,0.0000,0.0000,0.0000
57.132,-0.0000,0.0000,0.0000,-0.0000,0.0000,0.0000,0.0000
57.144,-0.0000,0.0000,0.0000,-0.0000,0.0000,0.0000,0.0000
57.156,-0.0000,0.0000,0.0000,-0.0000,0.0000,0.0000,0.0000
57.168,-0.0000,0.0000,0.0000,-0.0000,0.0000,0.0000,0.0000
57.180,-0.0000,0.0000,0.0000,-0.0000,0.0000,0.0000,0.0000
57.192,-0.0000,0.0000,0.0000,-0.0000,0.0000,0.0000,0.0000
57.204,-0.0000,0.0000,0.0000,-0.0000,0.0000,0.0000,0.0000
57.216,-0.0000,0.0000,0.0000,-0.0000,0.0000,0.0000,0.0000
57.228,-0.0000,0.0000,0.0000,-0.0000,0.0000,0.0000,0.0000
57.240,-0.0000,0.0000,0.0000,-0.0000,0.0000,0.0000,0.0000
57.252,-0.0000,0.0000,0.0000,-0.0000,0.0000,0.0000,0.0000
57.264,-0.0000,0.0000,0.0000,-0.0000,0.0000,0.0000,0.0000
57.276,-0.0000,0.0000,0.0000,-0.0000,0.0000,0.0000,0.0000
57.288,-0.0000,0.0000,0.0000,-0.0000,0.0000,0.0000,0.0000
57.300,-0.0000,0.0000,0.0000,-0.0000,0.0000,0.0000,0.0000
57.312,-0.0000,0.0000,0.0000,-0.0000,0.0000,0.0000,0.0000
57.324,-0.0000,0.0000,0.0000,-0.0000,0.0000,0.0000,0.0000
57.336,-0.0000,0.0000,0.0000,-0.0000,0.0000,0.0000,0.0000
57.348,-0.0000,0.0000,0.0000,-0.0000,0.0000,0.0000,0.0000
57.360,-0.0000,0.0000,0.0000,-0.0000,0.0000,0.0000,0.0000
57.372,0.0005,0.0002,-0.0001,-0.0000,0.0008,0.0014,0.0000
57.384,0.0013,0.0004,-0.0002,-0.0000,0.0024,0.0039,-0.0000
57.396,0.0025,0.0008,-0.0004,-0.0000,0.0046,0.0075,-0.0000
57.408,0.0040,0.0014,-0.0007,-0.0000,0.0073,0.0120,-0.0000
57.420,0.0058,0.0020,-0.0010,-0.0000,0.0106,0.0174,-0.0000
57.432,0.0078,0.0026,-0.0013,-0.0000,0.0143,0.0234,-0.0000
57.444,0.0100,0.0034,-0.0017,-0.0000,0.0184,0.0301,-0.0000
57.456,0.0124,0.0042,-0.0021,-0.0000,0.0228,0.0374,-0.0000
57.468,0.0150,0.0051,-0.0025,-0.0000,0.0275,0.0451,-0.0000
57.480,0.0177,0.0060,-0.0030,-0.0000,0.0325,0.0532,-0.0000
57.492,0.0206,0.0070,-0.0035,-0.0000,0.0377,0.0618,-0.0000
57.504,0.0235,0.0080,-0.0040,-0.0000,0.0431,0.0707,-0.0000
57.516,0.0266,0.0090,-0.0045,-0.0000,0.0486,0.0798,-0.0000
57.528,0.0297,0.0101,-0.0050,-0.0000,0.0544,0.0892,-0.0000
57.540,0.0329,0.0112,-0.0056,-0.0000,0.0603,0.0989,-0.0000
57.552,0.0362,0.0123,-0.0061,-0.0000,0.0663,0.1087,-0.0000
57.564,0.0396,0.0134,-0.0067,-0.0000,0.0724,0.1187,-0.0000
57.576,0.0430,0.0146,-0.0073,-0.0000,0.0786,0.1289,-0.0000
57.588,0.0464,0.0157,-0.0079,-0.0000,0.0849,0.1392,-0.0000
57.600,0.0499,0.0169,-0.0084,-0.0000,0.0912,0.1497,-0.0000
57.612,0.0534,0.0181,-0.0090,-0.0000,0.0976,0.1602,-0.0000
57.624,0.0569,0.0193,-0.0096,-0.0000,0.1041,0.1708,-0.0000
57.636,0.0605,0.0205,-0.0102,-0.0000,0.1107,0.1815,-0.0000
57.648,0.0641,0.0217,-0.0108,-0.0000,0.1172,0.1923,-0.0000
57.660,0.0677,0.0229,-0.0115,-0.0001,0.1238,0.2032,-0.0000
57.672,0.0713,0.0242,-0.0121,-0.0001,0.1305,0.2141,-0.0000
57.684,0.0750,0.0254,-0.0127,-0.0001,0.1372,0.2250,-0.0000
57.696,0.0786,0.0267,-0.0133,-0.0001,0.1439,0.2360,-0.0000
57.708,0.0823,0.0279,-0.0139,-0.0001,0.1506,0.2470,-0.0000
57.720,0.0860,0.0292,-0.0146,-0.0001,0.1573,0.2581,-0.0000
57.732,0.0897,0.0304,-0.0152,-0.0001,0.1641,0.2692,-0.0000
57.744,0.0934,0.0317,-0.0158,-0.0001,0.1709,0.2803,-0.0000
57.756,0.0971,0.0329,-0.0164,-0.0001,0.1776,0.2914,-0.0000
57.768,0.1008,0.0342,-0.0171,-0.0001,0.1844,0.3026,-0.0000
57.780,0.1045,0.0354,-0.0177,-0.0001,0.1913,0.3138,-0.0000
57.792,0.1083,0.0367,-0.0183,-0.0001,0.1981,0.3250,-0.0000
57.804,0.1120,0.0380,-0.0190,-0.0001,0.2049,0.3362,-0.0000
57.816,0.1157,0.0392,-0.0196,-0.0001,0.2118,0.3474,-0.0000
57.828,0.1195,0.0405,-0.0202,-0.0001,0.2186,0.3586,-0.0000
57.840,0.1232,0.0418,-0.0209,-0.0001,0.2255,0.3699,-0.0000
57.852,0.1270,0.0431,-0.0215,-0.0001,0.2323,0.3811,-0.0000
57.864,0.1307,0.0443,-0.0221,-0.0001,0.2392,0.3924,-0.0000
57.876,0.1345,0.0456,-0.0228,-0.0001,0.2460,0.4036,-0.0000
57.888,0.1382,0.0469,-0.0234,-0.0001,0.2529,0.4149,-0.0000
57.900,0.1420,0.0481,-0.0240,-0.0001,0.2598,0.4262,-0.0000
57.912,0.1457,0.0494,-0.0247,-0.0001,0.2666,0.4375,-0.0000
57.924,0.1495,0.0507,-0.0253,-0.0001,0.2735,0.4487,-0.0000
57.936,0.1533,0.0520,-0.0259,-0.0001,0.2804,0.4600,-0.0000
57.948,0.1570,0.0532,-0.0266,-0.0001,0.2873,0.4713,-0.0000
57.960,0.1608,0.0545,-0.0272,-0.0001,0.2942,0.4826,-0.0000
57.972,0.1645,0.0558,-0.0279,-0.0001,0.3010,0.4939,-0.0000
57.984,0.1683,0.0571,-0.0285,-0.0001,0.3079,0.5052,-0.0000
57.996,0.1721,0.0583,-0.0291,-0.0001,0.3148,0.5165,-0.0000
58.008,0.1758,0.0596,-0.0298,-0.0001,0.3217,0.5278,-0.0000
58.020,0.1796,0.0609,-0.0304,-0.0001,0.3286,0.5391,-0.0000
58.032,0.1834,0.0622,-0.0310,-0.0001,0.3355,0.5504,-0.0000
58.044,0.1871,0.0634,-0.0317,-0.0001,0.3424,0.5617,-0.0000
58.056,0.1909,0.0647,-0.0323,-0.0001,0.3492,0.5730,-0.0000
58.068,0.1947,0.0660,-0.0329,-0.0001,0.3561,0.5843,-0.0000
58.080,0.1984,0.0673,-0.0336,-0.0002,0.3630,0.5956,-0.0000
58.092,0.2022,0.0686,-0.0342,-0.0002,0.3699,0.6069,-0.0000
58.104,0.2060,0.0698,-0.0349,-0.0002,0.3768,0.6182,-0.0000
58.116,0.2097,0.0711,-0.0355,-0.0002,0.3837,0.6295,-0.0000
58.128,0.2135,0.0724,-0.0361,-0.0002,0.3906,0.6408,-0.0000
58.140,0.2173,0.0737,-0.0368,-0.0002,0.3975,0.6521,-0.0000
58.152,0.2210,0.0749,-0.0374,-0.0002,0.4044,0.6634,-0.0000
58.164,0.2248,0.0762,-0.0380,-0.0002,0.4113,0.6747,-0.0000
58.176,0.2286,0.0775,-0.0387,-0.0002,0.4181,0.6860,-0.0000
58.188,0.2323,0.0788,-0.0393,-0.0002,0.4250,0.6973,-0.0000
58.200,0.2361,0.0800,-0.0400,-0.0002,0.4319,0.7086,-0.0000
58.212,0.2399,0.0813,-0.0406,-0.0002,0.4388,0.7199,-0.0000
58.224,0.2436,0.0826,-0.0412,-0.0002,0.4457,0.7312,-0.0000
58.236,0.2474,0.0839,-0.0419,-0.0002,0.4526,0.7425,-0.0000
58.248,0.2512,0.0852,-0.0425,-0.0002,0.4595,0.7538,-0.0000
58.260,0.2549,0.0864,-0.0432,-0.0002,0.4664,0.7651,-0.0000
58.272,0.2587,0.0877,-0.0438,-0.0002,0.4733,0.7765,-0.0000
58.284,0.2625,0.0890,-0.0444,-0.0002,0.4802,0.7878,-0.0000
58.296,0.2662,0.0903,-0.0451,-0.0002,0.4871,0.7991,-0.0000
58.308,0.2700,0.0915,-0.0457,-0.0002,0.4940,0.8104,-0.0000
58.320,0.2738,0.0928,-0.0463,-0.0002,0.5008,0.8217,-0.0000
58.332,0.2775,0.0941,-0.0470,-0.0002,0.5077,0.8330,-0.0000
58.344,0.2813,0.0954,-0.0476,-0.0002,0.5146,0.8443,-0.0000
58.356,0.2851,0.0967,-0.0483,-0.0002,0.5215,0.8556,-0.0000
58.368,0.2888,0.0979,-0.0489,-0.0002,0.5284,0.8669,-0.0000
58.380,0.2926,0.0992,-0.0495,-0.0002,0.5353,0.8782,-0.0000
58.392,0.2964,0.1005,-0.0502,-0.0002,0.5422,0.8895,-0.0000
58.404,0.3001,0.1018,-0.0508,-0.0002,0.5491,0.9008,-0.0000
58.416,0.3039,0.1030,-0.0514,-0.0002,0.5560,0.9121,-0.0000
58.428,0.3077,0.1043,-0.0521,-0.0002,0.5629,0.9234,-0.0000
58.440,0.3114,0.1056,-0.0527,-0.0002,0.5698,0.9348,-0.0000
58.452,0.3152,0.1069,-0.0534,-0.0002,0.5767,0.9461,-0.0000
58.464,0.3190,0.1081,-0.0540,-0.0002,0.5836,0.9574,-0.0000
58.476,0.3227,0.1094,-0.0546,-0.0002,0.5904,0.9687,-0.0000
58.488,0.3265,0.1107,-0.0553,-0.0002,0.5973,0.9800,-0.0000
58.500,0.3303,0.1120,-0.0559,-0.0003,0.6042,0.9913,-0.0000
58.512,0.3340,0.1133,-0.0565,-0.0003,0.6111,1.0026,-0.0000
58.524,0.3378,0.1145,-0.0572,-0.0003,0.6180,1.0139,-0.0000
58.536,0.3416,0.1158,-0.0578,-0.0003,0.6249,1.0252,-0.0000
58.548,0.3453,0.1171,-0.0585,-0.0003,0.6318,1.0365,-0.0000
58.560,0.3491,0.1184,-0.0591,-0.0003,0.6387,1.0478,-0.0000
58.572,0.3529,0.1196,-0.0597,-0.0003,0.6456,1.0591,-0.0000
58.584,0.3566,0.1209,-0.0604,-0.0003,0.6525,1.0704,-0.0000
58.596,0.3604,0.1222,-0.0610,-0.0003,0.6594,1.0818,-0.0000
58.608,0.3642,0.1235,-0.0616,-0.0003,0.6663,1.0931,-0.0000
58.620,0.3679,0.1248,-0.0623,-0.0003,0.6731,1.1044,-0.0000
58.632,0.3717,0.1260,-0.0629,-0.0003,0.6800,1.1157,-0.0000
58.644,0.3755,0.1273,-0.0636,-0.0003,0.6869,1.1270,-0.0000
58.656,0.3792,0.1286,-0.0642,-0.0003,0.6938,1.1383,-0.0000
58.668,0.3830,0.1299,-0.0648,-0.0003,0.7007,1.1496,-0.0000
58.680,0.3868,0.1311,-0.0655,-0.0003,0.7076,1.1609,-0.0000
58.692,0.3905,0.1324,-0.0661,-0.0003,0.7145,1.1722,-0.0000
58.704,0.3943,0.1337,-0.0667,-0.0003,0.7214,1.1835,-0.0000
58.716,0.3981,0.1350,-0.0674,-0.0003,0.7283,1.1948,-0.0000
58.728,0.4018,0.1362,-0.0680,-0.0003,0.7352,1.2061,-0.0000
58.740,0.4056,0.1375,-0.0687,-0.0003,0.7421,1.2174,-0.0000
58.752,0.4094,0.1388,-0.0693,-0.0003,0.7490,1.2288,-0.0000
58.764,0.4131,0.1401,-0.0699,-0.0003,0.7559,1.2401,-0.0000
58.776,0.4169,0.1414,-0.0706,-0.0003,0.7628,1.2514,-0.0000
58.788,0.4207,0.1426,-0.0712,-0.0003,0.7696,1.2627,-0.0000
58.800,0.4245,0.1439,-0.0718,-0.0003,0.7765,1.2740,-0.0000
58.812,0.4282,0.1452,-0.0725,-0.0003,0.7834,1.2853,-0.0000
58.824,0.4320,0.1465,-0.0731,-0.0003,0.7903,1.2966,-0.0000
58.836,0.4358,0.1477,-0.0738,-0.0003,0.7972,1.3079,-0.0000
58.848,0.4395,0.1490,-0.0744,-0.0003,0.8041,1.3192,-0.0000
58.860,0.4433,0.1503,-0.0750,-0.0003,0.8110,1.3305,-0.0000
58.872,0.4471,0.1516,-0.0757,-0.0003,0.8179,1.3418,-0.0000
58.884,0.4508,0.1529,-0.0763,-0.0003,0.8248,1.3531,-0.0000
58.896,0.4546,0.1541,-0.0769,-0.0003,0.8317,1.3644,-0.0000
58.908,0.4584,0.1554,-0.0776,-0.0003,0.8386,1.3757,-0.0000
58.920,0.4621,0.1567,-0.0782,-0.0004,0.8455,1.3871,-0.0000
58.932,0.4659,0.1580,-0.0789,-0.0004,0.8524,1.3984,-0.0000
58.944,0.4697,0.1592,-0.0795,-0.0004,0.8592,1.4097,-0.0000
58.956,0.4734,0.1605,-0.0801,-0.0004,0.8661,1.4210,-0.0000
58.968,0.4772,0.1618,-0.0808,-0.0004,0.8730,1.4323,-0.0000
58.980,0.4810,0.1631,-0.0814,-0.0004,0.8799,1.4436,-0.0000
58.992,0.4847,0.1643,-0.0820,-0.0004,0.8868,1.4549,-0.0000
59.004,0.4885,0.1656,-0.0827,-0.0004,0.8937,1.4662,-0.0000
59.016,0.4923,0.1669,-0.0833,-0.0004,0.9006,1.4775,-0.0000
59.028,0.4960,0.1682,-0.0840,-0.0004,0.9075,1.4888,-0.0000
59.040,0.4998,0.1695,-0.0846,-0.0004,0.9144,1.5001,-0.0000
59.052,0.5036,0.1707,-0.0852,-0.0004,0.9213,1.5114,-0.0000
59.064,0.5073,0.1720,-0.0859,-0.0004,0.9282,1.5227,-0.0000
59.076,0.5111,0.1733,-0.0865,-0.0004,0.9351,1.5341,-0.0000
59.088,0.5149,0.1746,-0.0872,-0.0004,0.9420,1.5454,-0.0000
59.100,0.5186,0.1758,-0.0878,-0.0004,0.9488,1.5567,-0.0000
59.112,0.5224,0.1771,-0.0884,-0.0004,0.9557,1.5680,-0.0000
59.124,0.5262,0.1784,-0.0891,-0.0004,0.9626,1.5793,-0.0000
59.136,0.5299,0.1797,-0.0897,-0.0004,0.9695,1.5906,-0.0000
59.148,0.5337,0.1810,-0.0903,-0.0004,0.9764,1.6019,-0.0000
59.160,0.5375,0.1822,-0.0910,-0.0004,0.9833,1.6132,-0.0000
59.172,0.5412,0.1835,-0.0916,-0.0004,0.9902,1.6245,-0.0000
59.184,0.5450,0.1848,-0.0923,-0.0004,0.9971,1.6358,-0.0000
59.196,0.5488,0.1861,-0.0929,-0.0004,1.0040,1.6471,-0.0000
59.208,0.5525,0.1873,-0.0935,-0.0004,1.0109,1.6584,-0.0000
59.220,0.5563,0.1886,-0.0942,-0.0004,1.0178,1.6697,-0.0000
59.232,0.5601,0.1899,-0.0948,-0.0004,1.0247,1.6811,-0.0000
59.244,0.5638,0.1912,-0.0954,-0.0004,1.0316,1.6924,-0.0000
59.256,0.5676,0.1925,-0.0961,-0.0004,1.0384,1.7037,-0.0000
59.268,0.5714,0.1937,-0.0967,-0.0004,1.0453,1.7150,-0.0000
59.280,0.5751,0.1950,-0.0974,-0.0004,1.0522,1.7263,-0.0000
59.292,0.5789,0.1963,-0.0980,-0.0004,1.0591,1.7376,-0.0000
59.304,0.5827,0.1976,-0.0986,-0.0004,1.0660,1.7489,-0.0000
59.316,0.5864,0.1988,-0.0993,-0.0004,1.0729,1.7602,-0.0000
59.328,0.5902,0.2001,-0.0999,-0.0004,1.0798,1.7715,-0.0000
59.340,0.5940,0.2014,-0.1005,-0.0005,1.0867,1.7828,-0.0000
59.352,0.5977,0.2027,-0.1012,-0.0005,1.0936,1.7941,-0.0000
59.364,0.6015,0.2039,-0.1018,-0.0005,1.1005,1.8054,-0.0000
59.376,0.6053,0.2052,-0.1025,-0.0005,1.1074,1.8167,-0.0000
59.388,0.6091,0.2065,-0.1031,-0.0005,1.1143,1.8281,-0.0000
59.400,0.6128,0.2078,-0.1037,-0.0005,1.1212,1.8394,-0.0000
59.412,0.6166,0.2091,-0.1044,-0.0005,1.1280,1.8507,-0.0000
59.424,0.6204,0.2103,-0.1050,-0.0005,1.1349,1.8620,-0.0000
59.436,0.6241,0.2116,-0.1056,-0.0005,1.1418,1.8733,-0.0000
59.448,0.6279,0.2129,-0.1063,-0.0005,1.1487,1.8846,-0.0000
59.460,0.6317,0.2142,-0.1069,-0.0005,1.1556,1.8959,-0.0000
59.472,0.6354,0.2154,-0.1076,-0.0005,1.1625,1.9072,-0.0000
59.484,0.6392,0.2167,-0.1082,-0.0005,1.1694,1.9185,-0.0000
59.496,0.6430,0.2180,-0.1088,-0.0005,1.1763,1.9298,-0.0000
59.508,0.6467,0.2193,-0.1095,-0.0005,1.1832,1.9411,-0.0000
59.520,0.6505,0.2206,-0.1101,-0.0005,1.1901,1.9524,-0.0000
59.532,0.6543,0.2218,-0.1107,-0.0005,1.1970,1.9637,-0.0000
59.544,0.6580,0.2231,-0.1114,-0.0005,1.2039,1.9750,-0.0000
59.556,0.6618,0.2244,-0.1120,-0.0005,1.2108,1.9864,-0.0000
59.568,0.6656,0.2257,-0.1127,-0.0005,1.2176,1.9977,-0.0000
59.580,0.6693,0.2269,-0.1133,-0.0005,1.2245,2.0090,-0.0000
59.592,0.6731,0.2282,-0.1139,-0.0005,1.2314,2.0203,-0.0000
59.604,0.6769,0.2295,-0.1146,-0.0005,1.2383,2.0316,-0.0000
59.616,0.6806,0.2308,-0.1152,-0.0005,1.2452,2.0429,-0.0000
59.628,0.6844,0.2320,-0.1158,-0.0005,1.2521,2.0542,-0.0000
59.640,0.6882,0.2333,-0.1165,-0.0005,1.2590,2.0655,-0.0000
59.652,0.6919,0.2346,-0.1171,-0.0005,1.2659,2.0768,-0.0000
59.664,0.6957,0.2359,-0.1178,-0.0005,1.2728,2.0881,-0.0000
59.676,0.6995,0.2372,-0.1184,-0.0005,1.2797,2.0994,-0.0000
59.688,0.7032,0.2384,-0.1190,-0.0005,1.2866,2.1107,-0.0000
59.700,0.7070,0.2397,-0.1197,-0.0005,1.2935,2.1220,-0.0000
59.712,0.7108,0.2410,-0.1203,-0.0005,1.3004,2.1334,-0.0000
59.724,0.7145,0.2423,-0.1209,-0.0005,1.3072,2.1447,-0.0000
59.736,0.7183,0.2435,-0.1216,-0.0005,1.3141,2.1560,-0.0000
59.748,0.7221,0.2448,-0.1222,-0.0005,1.3210,2.1673,-0.0000
59.760,0.7258,0.2461,-0.1229,-0.0006,1.3279,2.1786,-0.0000
59.772,0.7296,0.2474,-0.1235,-0.0006,1.3348,2.1899,-0.0000
59.784,0.7334,0.2487,-0.1241,-0.0006,1.3417,2.2012,-0.0000
59.796,0.7371,0.2499,-0.1248,-0.0006,1.3486,2.2125,-0.0000
59.808,0.7409,0.2512,-0.1254,-0.0006,1.3555,2.2238,-0.0000
59.820,0.7447,0.2525,-0.1260,-0.0006,1.3624,2.2351,-0.0000
59.832,0.7484,0.2538,-0.1267,-0.0006,1.3693,2.2464,-0.0000
59.844,0.7522,0.2550,-0.1273,-0.0006,1.3762,2.2577,-0.0000
59.856,0.7560,0.2563,-0.1280,-0.0006,1.3831,2.2690,-0.0000
59.868,0.7594,0.2575,-0.1285,-0.0006,1.3894,2.2794,-0.0000
59.880,0.7625,0.2585,-0.1291,-0.0006,1.3950,2.2886,-0.0000
59.892,0.7652,0.2594,-0.1295,-0.0006,1.3999,2.2967,-0.0000
59.904,0.7675,0.2602,-0.1299,-0.0006,1.4042,2.3037,-0.0000
59.916,0.7696,0.2609,-0.1303,-0.0006,1.4080,2.3100,-0.0000
59.928,0.7714,0.2616,-0.1306,-0.0006,1.4114,2.3155,-0.0000
59.940,0.7731,0.2621,-0.1309,-0.0006,1.4143,2.3203,-0.0000
59.952,0.7745,0.2626,-0.1311,-0.0006,1.4169,2.3246,-0.0000
59.964,0.7757,0.2630,-0.1313,-0.0006,1.4192,2.3283,-0.0000
59.976,0.7768,0.2634,-0.1315,-0.0006,1.4212,2.3316,-0.0000
59.988,0.7778,0.2637,-0.1317,-0.0006,1.4229,2.3345,-0.0000
60.000,0.7786,0.2640,-0.1318,-0.0006,1.4245,2.3370,-0.0000
60.012,0.7794,0.2643,-0.1319,-0.0006,1.4259,2.3393,-0.0000
60.024,0.7800,0.2645,-0.1320,-0.0006,1.4271,2.3413,-0.0000
60.036,0.7800,0.2645,-0.1320,-0.0006,1.4271,2.3413,-0.0000
60.048,0.7800,0.2646,-0.1318,-0.0006,1.4267,2.3413,-0.0000
60.060,0.7801,0.2649,-0.1313,-0.0006,1.4259,2.3413,-0.0000
60.072,0.7801,0.2652,-0.1305,-0.0006,1.4249,2.3413,-0.0000
60.084,0.7801,0.2657,-0.1296,-0.0006,1.4235,2.3414,-0.0000
60.096,0.7801,0.2662,-0.1285,-0.0006,1.4220,2.3414,-0.0000
60.108,0.7801,0.2669,-0.1273,-0.0006,1.4202,2.3415,-0.0000
60.120,0.7801,0.2675,-0.1260,-0.0006,1.4182,2.3416,-0.0000
60.132,0.7802,0.2683,-0.1245,-0.0006,1.4161,2.3416,-0.0000
60.144,0.7802,0.2691,-0.1230,-0.0006,1.4138,2.3417,-0.0000
60.156,0.7802,0.2699,-0.1214,-0.0006,1.4114,2.3418,-0.0000
60.168,0.7803,0.2708,-0.1196,-0.0006,1.4089,2.3419,-0.0000
60.180,0.7803,0.2717,-0.1179,-0.0006,1.4063,2.3420,-0.0000
60.192,0.7803,0.2726,-0.1160,-0.0006,1.4036,2.3421,-0.0000
60.204,0.7804,0.2736,-0.1141,-0.0006,1.4008,2.3422,-0.0000
60.216,0.7804,0.2746,-0.1122,-0.0006,1.3979,2.3423,-0.0000
60.228,0.7804,0.2756,-0.1102,-0.0005,1.3950,2.3424,-0.0000
60.240,0.7805,0.2766,-0.1082,-0.0005,1.3921,2.3425,-0.0000
60.252,0.7805,0.2776,-0.1062,-0.0005,1.3891,2.3426,-0.0000
60.264,0.7806,0.2787,-0.1041,-0.0005,1.3860,2.3427,-0.0000
60.276,0.7806,0.2798,-0.1020,-0.0005,1.3830,2.3428,-0.0000
60.288,0.7806,0.2808,-0.0999,-0.0005,1.3799,2.3429,-0.0000
60.300,0.7807,0.2819,-0.0978,-0.0005,1.3767,2.3430,-0.0000
60.312,0.7807,0.2830,-0.0956,-0.0005,1.3736,2.3431,-0.0000
60.324,0.7808,0.2841,-0.0935,-0.0005,1.3704,2.3432,-0.0000
60.336,0.7808,0.2852,-0.0913,-0.0005,1.3672,2.3433,-0.0000
60.348,0.7808,0.2863,-0.0891,-0.0005,1.3640,2.3434,-0.0000
60.360,0.7809,0.2874,-0.0869,-0.0005,1.3608,2.3436,-0.0000
60.372,0.7809,0.2886,-0.0847,-0.0005,1.3575,2.3437,-0.0000
60.384,0.7810,0.2897,-0.0825,-0.0005,1.3543,2.3438,-0.0000
60.396,0.7810,0.2908,-0.0803,-0.0005,1.3510,2.3439,-0.0000
60.408,0.7811,0.2920,-0.0780,-0.0005,1.3477,2.3440,-0.0000
60.420,0.7811,0.2931,-0.0758,-0.0005,1.3445,2.3441,-0.0000
60.432,0.7811,0.2942,-0.0736,-0.0005,1.3412,2.3442,-0.0000
60.444,0.7812,0.2954,-0.0713,-0.0005,1.3379,2.3444,-0.0000
60.456,0.7812,0.2965,-0.0691,-0.0005,1.3346,2.3445,-0.0000
60.468,0.7813,0.2976,-0.0668,-0.0005,1.3313,2.3446,-0.0000
60.480,0.7813,0.2988,-0.0646,-0.0005,1.3280,2.3447,-0.0000
60.492,0.7814,0.2999,-0.0623,-0.0004,1.3247,2.3448,-0.0000
60.504,0.7814,0.3011,-0.0601,-0.0004,1.3214,2.3449,-0.0000
60.516,0.7814,0.3022,-0.0578,-0.0004,1.3181,2.3450,-0.0000
60.528,0.7815,0.3034,-0.0556,-0.0004,1.3148,2.3452,-0.0000
60.540,0.7815,0.3045,-0.0533,-0.0004,1.3114,2.3453,-0.0000
60.552,0.7816,0.3057,-0.0511,-0.0004,1.3081,2.3454,-0.0000
60.564,0.7816,0.3068,-0.0488,-0.0004,1.3048,2.3455,-0.0000
60.576,0.7817,0.3080,-0.0465,-0.0004,1.3015,2.3456,-0.0000
60.588,0.7817,0.3091,-0.0443,-0.0004,1.2982,2.3457,-0.0000
60.600,0.7817,0.3103,-0.0420,-0.0004,1.2948,2.3459,-0.0000
60.612,0.7818,0.3114,-0.0397,-0.0004,1.2915,2.3460,-0.0000
60.624,0.7818,0.3126,-0.0375,-0.0004,1.2882,2.3461,-0.0000
60.636,0.7819,0.3137,-0.0352,-0.0004,1.2849,2.3462,-0.0000
60.648,0.7819,0.3149,-0.0329,-0.0004,1.2815,2.3463,-0.0000
60.660,0.7820,0.3160,-0.0307,-0.0004,1.2782,2.3464,-0.0000
60.672,0.7820,0.3172,-0.0284,-0.0004,1.2749,2.3465,-0.0000
60.684,0.7820,0.3183,-0.0261,-0.0004,1.2715,2.3467,-0.0000
60.696,0.7821,0.3195,-0.0239,-0.0004,1.2682,2.3468,-0.0000
60.708,0.7821,0.3207,-0.0216,-0.0004,1.2649,2.3469,-0.0000
60.720,0.7822,0.3218,-0.0193,-0.0004,1.2616,2.3470,-0.0000
60.732,0.7822,0.3230,-0.0171,-0.0004,1.2582,2.3471,-0.0000
60.744,0.7823,0.3241,-0.0148,-0.0003,1.2549,2.3472,-0.0000
60.756,0.7823,0.3253,-0.0125,-0.0003,1.2516,2.3474,-0.0000
60.768,0.7823,0.3264,-0.0103,-0.0003,1.2482,2.3475,-0.0000
60.780,0.7824,0.3276,-0.0080,-0.0003,1.2449,2.3476,-0.0000
60.792,0.7824,0.3287,-0.0057,-0.0003,1.2416,2.3477,-0.0000
60.804,0.7825,0.3299,-0.0035,-0.0003,1.2382,2.3478,-0.0000
60.816,0.7825,0.3310,-0.0012,-0.0003,1.2349,2.3479,-0.0000
60.828,0.7826,0.3322,0.0011,-0.0003,1.2316,2.3481,-0.0000
60.840,0.7826,0.3333,0.0033,-0.0003,1.2282,2.3482,-0.0000
60.852,0.7826,0.3345,0.0056,-0.0003,1.2249,2.3483,-0.0000
60.864,0.7827,0.3357,0.0079,-0.0003,1.2216,2.3484,-0.0000
60.876,0.7827,0.3368,0.0101,-0.0003,1.2182,2.3485,-0.0000
60.888,0.7828,0.3380,0.0124,-0.0003,1.2149,2.3486,-0.0000
60.900,0.7828,0.3391,0.0147,-0.0003,1.2116,2.3487,-0.0000
60.912,0.7829,0.3403,0.0169,-0.0003,1.2082,2.3489,-0.0000
60.924,0.7829,0.3414,0.0192,-0.0003,1.2049,2.3490,-0.0000
60.936,0.7829,0.3426,0.0215,-0.0003,1.2016,2.3491,-0.0000
60.948,0.7830,0.3437,0.0237,-0.0003,1.1983,2.3492,-0.0000
60.960,0.7830,0.3449,0.0260,-0.0003,1.1949,2.3493,-0.0000
60.972,0.7831,0.3460,0.0283,-0.0003,1.1916,2.3494,-0.0000
60.984,0.7831,0.3472,0.0306,-0.0003,1.1883,2.3496,-0.0000
60.996,0.7832,0.3483,0.0328,-0.0002,1.1849,2.3497,-0.0000
61.008,0.7832,0.3495,0.0351,-0.0002,1.1816,2.3498,-0.0000
61.020,0.7832,0.3507,0.0374,-0.0002,1.1783,2.3499,-0.0000
61.032,0.7833,0.3518,0.0396,-0.0002,1.1749,2.3500,-0.0000
61.044,0.7833,0.3530,0.0419,-0.0002,1.1716,2.3501,-0.0000
61.056,0.7834,0.3541,0.0442,-0.0002,1.1683,2.3503,-0.0000
61.068,0.7834,0.3553,0.0464,-0.0002,1.1649,2.3504,-0.0000
61.080,0.7835,0.3564,0.0487,-0.0002,1.1616,2.3505,-0.0000
61.092,0.7835,0.3576,0.0510,-0.0002,1.1583,2.3506,-0.0000
61.104,0.7835,0.3587,0.0532,-0.0002,1.1549,2.3507,-0.0000
61.116,0.7836,0.3599,0.0555,-0.0002,1.1516,2.3508,-0.0000
61.128,0.7836,0.3610,0.0578,-0.0002,1.1483,2.3509,-0.0000
61.140,0.7837,0.3622,0.0600,-0.0002,1.1449,2.3511,-0.0000
61.152,0.7837,0.3633,0.0623,-0.0002,1.1416,2.3512,-0.0000
61.164,0.7838,0.3645,0.0646,-0.0002,1.1383,2.3513,-0.0000
61.176,0.7838,0.3657,0.0668,-0.0002,1.1349,2.3514,-0.0000
61.188,0.7838,0.3668,0.0691,-0.0002,1.1316,2.3515,-0.0000
61.200,0.7839,0.3680,0.0714,-0.0002,1.1283,2.3516,-0.0000
61.212,0.7839,0.3691,0.0737,-0.0002,1.1249,2.3518,-0.0000
61.224,0.7840,0.3703,0.0759,-0.0002,1.1216,2.3519,-0.0000
61.236,0.7840,0.3714,0.0782,-0.0001,1.1183,2.3520,-0.0000
61.248,0.7841,0.3726,0.0805,-0.0001,1.1149,2.3521,-0.0000
61.260,0.7841,0.3737,0.0827,-0.0001,1.1116,2.3522,-0.0000
61.272,0.7841,0.3749,0.0850,-0.0001,1.1083,2.3523,-0.0000
61.284,0.7842,0.3760,0.0873,-0.0001,1.1049,2.3525,-0.0000
61.296,0.7842,0.3772,0.0895,-0.0001,1.1016,2.3526,-0.0000
61.308,0.7843,0.3784,0.0918,-0.0001,1.0983,2.3527,-0.0000
61.320,0.7843,0.3795,0.0941,-0.0001,1.0950,2.3528,-0.0000
61.332,0.7844,0.3807,0.0963,-0.0001,1.0916,2.3529,-0.0000
61.344,0.7844,0.3818,0.0986,-0.0001,1.0883,2.3530,-0.0000
61.356,0.7844,0.3830,0.1009,-0.0001,1.0850,2.3531,-0.0000
61.368,0.7845,0.3841,0.1031,-0.0001,1.0816,2.3533,-0.0000
61.380,0.7845,0.3853,0.1054,-0.0001,1.0783,2.3534,-0.0000
61.392,0.7846,0.3864,0.1077,-0.0001,1.0750,2.3535,-0.0000
61.404,0.7846,0.3876,0.1100,-0.0001,1.0716,2.3536,-0.0000
61.416,0.7847,0.3887,0.1122,-0.0001,1.0683,2.3537,-0.0000
61.428,0.7847,0.3899,0.1145,-0.0001,1.0650,2.3538,-0.0000
61.440,0.7847,0.3910,0.1168,-0.0001,1.0616,2.3540,-0.0000
61.452,0.7848,0.3922,0.1190,-0.0001,1.0583,2.3541,-0.0000
61.464,0.7848,0.3934,0.1213,-0.0001,1.0550,2.3542,-0.0000
61.476,0.7849,0.3945,0.1236,-0.0001,1.0516,2.3543,-0.0000
61.488,0.7849,0.3957,0.1258,-0.0000,1.0483,2.3544,-0.0000
61.500,0.7850,0.3968,0.1281,-0.0000,1.0450,2.3545,-0.0000
61.512,0.7850,0.3980,0.1304,-0.0000,1.0416,2.3547,-0.0000
61.524,0.7850,0.3991,0.1326,-0.0000,1.0383,2.3548,-0.0000
61.536,0.7851,0.4003,0.1349,-0.0000,1.0350,2.3549,-0.0000
61.548,0.7851,0.4013,0.1369,-0.0000,1.0320,2.3550,-0.0000
61.560,0.7852,0.4022,0.1387,-0.0000,1.0295,2.3551,-0.0000
61.572,0.7852,0.4030,0.1402,-0.0000,1.0272,2.3552,-0.0000
61.584,0.7852,0.4037,0.1416,-0.0000,1.0252,2.3552,-0.0000
61.596,0.7852,0.4043,0.1428,-0.0000,1.0234,2.3553,-0.0000
61.608,0.7852,0.4048,0.1438,-0.0000,1.0219,2.3553,-0.0000
61.620,0.7853,0.4053,0.1447,-0.0000,1.0205,2.3554,-0.0005
61.632,0.7853,0.4057,0.1456,-0.0000,1.0193,2.3554,-0.0015
61.644,0.7853,0.4061,0.1463,-0.0000,1.0183,2.3555,-0.0029
61.656,0.7853,0.4064,0.1469,-0.0000,1.0173,2.3555,-0.0047
61.668,0.7853,0.4067,0.1475,-0.0000,1.0165,2.3555,-0.0068
61.680,0.7853,0.4069,0.1480,-0.0000,1.0158,2.3556,-0.0091
61.692,0.7853,0.4071,0.1484,-0.0000,1.0152,2.3556,-0.0117
61.704,0.7853,0.4073,0.1488,-0.0000,1.0146,2.3556,-0.0145
61.716,0.7853,0.4075,0.1491,-0.0000,1.0141,2.3556,-0.0175
61.728,0.7854,0.4077,0.1494,0.0000,1.0137,2.3556,-0.0207
61.740,0.7854,0.4078,0.1497,0.0000,1.0133,2.3556,-0.0240
61.752,0.7854,0.4079,0.1499,0.0000,1.0130,2.3556,-0.0275
61.764,0.7854,0.4080,0.1501,0.0000,1.0127,2.3557,-0.0311
61.776,0.7854,0.4081,0.1503,0.0000,1.0124,2.3557,-0.0347
61.788,0.7854,0.4082,0.1504,0.0000,1.0122,2.3557,-0.0385
61.800,0.7854,0.4082,0.1505,0.0000,1.0120,2.3557,-0.0423
61.812,0.7854,0.4083,0.1507,0.0000,1.0118,2.3557,-0.0462
61.824,0.7854,0.4084,0.1508,0.0000,1.0117,2.3557,-0.0502
61.836,0.7854,0.4084,0.1509,0.0000,1.0115,2.3557,-0.0542
61.848,0.7854,0.4084,0.1509,0.0000,1.0114,2.3557,-0.0582
61.860,0.7854,0.4085,0.1510,0.0000,1.0113,2.3557,-0.0623
61.872,0.7854,0.4085,0.1511,0.0000,1.0112,2.3557,-0.0665
61.884,0.7854,0.4085,0.1511,0.0000,1.0111,2.3557,-0.0706
61.896,0.7854,0.4086,0.1512,0.0000,1.0111,2.3557,-0.0748
61.908,0.7854,0.4086,0.1512,0.0000,1.0110,2.3557,-0.0791
61.920,0.7854,0.4086,0.1513,0.0000,1.0109,2.3557,-0.0833
61.932,0.7854,0.4086,0.1513,0.0000,1.0109,2.3557,-0.0876
61.944,0.7854,0.4086,0.1513,0.0000,1.0108,2.3557,-0.0918
61.956,0.7854,0.4087,0.1514,0.0000,1.0108,2.3557,-0.0961
61.968,0.7854,0.4087,0.1514,0.0000,1.0108,2.3557,-0.1004
61.980,0.7854,0.4087,0.1514,0.0000,1.0107,2.3557,-0.1047
61.992,0.7854,0.4087,0.1514,0.0000,1.0107,2.3557,-0.1091
62.004,0.7854,0.4087,0.1514,0.0000,1.0107,2.3557,-0.1134
62.016,0.7854,0.4087,0.1514,0.0000,1.0107,2.3557,-0.1178
62.028,0.7854,0.4087,0.1515,0.0000,1.0107,2.3557,-0.1221
62.040,0.7854,0.4087,0.1515,0.0000,1.0106,2.3557,-0.1265
62.052,0.7854,0.4087,0.1515,0.0000,1.0106,2.3557,-0.1308
62.064,0.7854,0.4087,0.1515,0.0000,1.0106,2.3557,-0.1352
62.076,0.7854,0.4087,0.1515,0.0000,1.0106,2.3557,-0.1396
62.088,0.7854,0.4087,0.1515,0.0000,1.0106,2.3557,-0.1439
62.100,0.7854,0.4087,0.1515,0.0000,1.0106,2.3557,-0.1483
62.112,0.7854,0.4087,0.1515,0.0000,1.0106,2.3557,-0.1527
62.124,0.7854,0.4087,0.1515,0.0000,1.0106,2.3557,-0.1571
62.136,0.7854,0.4087,0.1515,0.0000,1.0106,2.3557,-0.1614
62.148,0.7854,0.4087,0.1515,0.0000,1.0106,2.3557,-0.1658
62.160,0.7854,0.4087,0.1515,0.0000,1.0106,2.3557,-0.1702
62.172,0.7854,0.4087,0.1515,0.0000,1.0106,2.3557,-0.1746
62.184,0.7854,0.4087,0.1515,0.0000,1.0106,2.3557,-0.1790
62.196,0.7854,0.4087,0.1515,0.0000,1.0106,2.3557,-0.1834
62.208,0.7854,0.4087,0.1515,0.0000,1.0106,2.3557,-0.1878
62.220,0.7854,0.4087,0.1515,0.0000,1.0105,2.3557,-0.1922
62.232,0.7854,0.4087,0.1515,0.0000,1.0105,2.3557,-0.1966
62.244,0.7854,0.4087,0.1515,0.0000,1.0105,2.3557,-0.2010
62.256,0.7854,0.4087,0.1515,0.0000,1.0105,2.3557,-0.2054
62.268,0.7854,0.4087,0.1515,0.0000,1.0105,2.3557,-0.2098
62.280,0.7854,0.4087,0.1515,0.0000,1.0105,2.3557,-0.2142
62.292,0.7854,0.4087,0.1515,0.0000,1.0105,2.3557,-0.2186
62.304,0.7854,0.4085,0.1515,0.0000,1.0105,2.3557,-0.2230
62.316,0.7854,0.4080,0.1515,0.0000,1.0108,2.3557,-0.2274
62.328,0.7854,0.4074,0.1515,0.0000,1.0112,2.3557,-0.2317
62.340,0.7854,0.4068,0.1515,0.0000,1.0116,2.3557,-0.2361
62.352,0.7854,0.4062,0.1515,0.0000,1.0120,2.3557,-0.2405
62.364,0.7854,0.4056,0.1515,0.0000,1.0125,2.3557,-0.2449
62.376,0.7854,0.4049,0.1515,0.0000,1.0129,2.3557,-0.2493
62.388,0.7854,0.4042,0.1515,0.0000,1.0134,2.3557,-0.2537
62.400,0.7854,0.4036,0.1515,0.0000,1.0139,2.3557,-0.2581
62.412,0.7854,0.4029,0.1515,0.0000,1.0144,2.3557,-0.2625
62.424,0.7854,0.4023,0.1515,0.0000,1.0149,2.3557,-0.2669
62.436,0.7854,0.4016,0.1515,0.0000,1.0154,2.3557,-0.2713
62.448,0.7854,0.4009,0.1515,0.0000,1.0159,2.3557,-0.2757
62.460,0.7854,0.4003,0.1515,0.0000,1.0163,2.3557,-0.2801
62.472,0.7854,0.3996,0.1515,0.0000,1.0168,2.3557,-0.2845
62.484,0.7854,0.3990,0.1515,0.0000,1.0173,2.3557,-0.2889
62.496,0.7854,0.3983,0.1515,0.0000,1.0178,2.3557,-0.2933
62.508,0.7854,0.3977,0.1515,0.0000,1.0183,2.3557,-0.2977
62.520,0.7854,0.3970,0.1515,0.0000,1.0187,2.3557,-0.3021
62.532,0.7854,0.3964,0.1515,0.0000,1.0192,2.3557,-0.3065
62.544,0.7854,0.3957,0.1515,0.0000,1.0197,2.3557,-0.3109
62.556,0.7854,0.3951,0.1515,0.0000,1.0202,2.3557,-0.3153
62.568,0.7854,0.3944,0.1515,0.0000,1.0206,2.3557,-0.3197
62.580,0.7854,0.3938,0.1515,0.0000,1.0211,2.3557,-0.3241
62.592,0.7854,0.3932,0.1515,0.0000,1.0215,2.3557,-0.3285
62.604,0.7854,0.3925,0.1515,0.0000,1.0220,2.3557,-0.3329
62.616,0.7854,0.3919,0.1515,0.0000,1.0224,2.3557,-0.3373
62.628,0.7854,0.3913,0.1515,0.0000,1.0229,2.3557,-0.3417
62.640,0.7854,0.3906,0.1515,0.0000,1.0233,2.3557,-0.3461
62.652,0.7854,0.3900,0.1515,0.0000,1.0238,2.3557,-0.3505
62.664,0.7854,0.3894,0.1515,0.0000,1.0242,2.3557,-0.3549
62.676,0.7854,0.3887,0.1515,0.0000,1.0246,2.3557,-0.3593
62.688,0.7854,0.3881,0.1515,0.0000,1.0251,2.3557,-0.3637
62.700,0.7854,0.3875,0.1515,0.0000,1.0255,2.3557,-0.3681
62.712,0.7854,0.3869,0.1515,0.0000,1.0259,2.3557,-0.3725
62.724,0.7854,0.3863,0.1515,0.0000,1.0263,2.3557,-0.3769
62.736,0.7854,0.3857,0.1515,0.0000,1.0267,2.3557,-0.3813
62.748,0.7854,0.3851,0.1515,0.0000,1.0271,2.3557,-0.3857
62.760,0.7854,0.3845,0.1515,0.0000,1.0275,2.3557,-0.3901
62.772,0.7854,0.3839,0.1515,0.0000,1.0279,2.3557,-0.3945
62.784,0.7854,0.3833,0.1515,0.0000,1.0283,2.3557,-0.3989
62.796,0.7854,0.3827,0.1515,0.0000,1.0287,2.3557,-0.4033
62.808,0.7854,0.3821,0.1515,0.0000,1.0291,2.3557,-0.4077
62.820,0.7854,0.3815,0.1515,0.0000,1.0295,2.3557,-0.4116
62.832,0.7854,0.3810,0.1515,0.0000,1.0299,2.3557,-0.4150
62.844,0.7854,0.3808,0.1513,0.0000,1.0304,2.3557,-0.4180
62.856,0.7854,0.3806,0.1508,0.0000,1.0311,2.3557,-0.4206
62.868,0.7854,0.3804,0.1500,0.0000,1.0320,2.3557,-0.4230
62.880,0.7854,0.3801,0.1491,0.0000,1.0333,2.3557,-0.4250
62.892,0.7854,0.3797,0.1480,-0.0000,1.0348,2.3557,-0.4268
62.904,0.7854,0.3793,0.1468,-0.0000,1.0365,2.3557,-0.4284
62.916,0.7854,0.3787,0.1455,-0.0000,1.0384,2.3557,-0.4298
62.928,0.7854,0.3782,0.1440,-0.0000,1.0404,2.3557,-0.4310
62.940,0.7854,0.3776,0.1425,-0.0000,1.0426,2.3557,-0.4321
62.952,0.7854,0.3770,0.1408,-0.0000,1.0450,2.3557,-0.4330
62.964,0.7854,0.3763,0.1391,-0.0000,1.0474,2.3557,-0.4339
62.976,0.7854,0.3756,0.1373,-0.0000,1.0499,2.3557,-0.4346
62.988,0.7854,0.3748,0.1355,-0.0000,1.0526,2.3557,-0.4353
63.000,0.7854,0.3741,0.1336,-0.0000,1.0552,2.3557,-0.4358
63.012,0.7854,0.3733,0.1316,-0.0000,1.0580,2.3557,-0.4363
63.024,0.7854,0.3725,0.1297,-0.0000,1.0608,2.3557,-0.4368
63.036,0.7854,0.3717,0.1277,-0.0000,1.0637,2.3557,-0.4372
63.048,0.7853,0.3709,0.1256,-0.0000,1.0666,2.3557,-0.4375
63.060,0.7853,0.3701,0.1235,-0.0001,1.0696,2.3557,-0.4378
63.072,0.7853,0.3692,0.1214,-0.0001,1.0726,2.3557,-0.4381
63.084,0.7853,0.3684,0.1193,-0.0001,1.0756,2.3557,-0.4383
63.096,0.7853,0.3675,0.1172,-0.0001,1.0786,2.3557,-0.4385
63.108,0.7853,0.3666,0.1150,-0.0001,1.0817,2.3557,-0.4387
63.120,0.7853,0.3658,0.1128,-0.0001,1.0848,2.3557,-0.4388
63.132,0.7853,0.3649,0.1107,-0.0001,1.0879,2.3557,-0.4390
63.144,0.7853,0.3640,0.1085,-0.0001,1.0911,2.3557,-0.4391
63.156,0.7853,0.3631,0.1063,-0.0001,1.0942,2.3557,-0.4392
63.168,0.7853,0.3622,0.1041,-0.0001,1.0974,2.3557,-0.4393
63.180,0.7853,0.3613,0.1018,-0.0001,1.1005,2.3557,-0.4394
63.192,0.7853,0.3604,0.0996,-0.0001,1.1037,2.3557,-0.4395
63.204,0.7853,0.3595,0.0974,-0.0001,1.1069,2.3557,-0.4395
63.216,0.7853,0.3586,0.0951,-0.0001,1.1101,2.3557,-0.4396
63.228,0.7853,0.3577,0.0929,-0.0001,1.1133,2.3557,-0.4396
63.240,0.7853,0.3568,0.0907,-0.0001,1.1165,2.3557,-0.4397
63.252,0.7853,0.3559,0.0884,-0.0001,1.1197,2.3557,-0.4397
63.264,0.7853,0.3550,0.0862,-0.0001,1.1229,2.3557,-0.4397
63.276,0.7853,0.3540,0.0839,-0.0001,1.1262,2.3557,-0.4398
63.288,0.7853,0.3531,0.0816,-0.0001,1.1294,2.3557,-0.4398
63.300,0.7853,0.3522,0.0794,-0.0001,1.1326,2.3557,-0.4398
63.312,0.7853,0.3513,0.0771,-0.0002,1.1358,2.3557,-0.4398
63.324,0.7853,0.3504,0.0749,-0.0002,1.1391,2.3557,-0.4399
63.336,0.7852,0.3495,0.0726,-0.0002,1.1423,2.3557,-0.4399
63.348,0.7852,0.3485,0.0703,-0.0002,1.1456,2.3557,-0.4399
63.360,0.7852,0.3476,0.0681,-0.0002,1.1488,2.3557,-0.4399
63.372,0.7852,0.3467,0.0658,-0.0002,1.1520,2.3557,-0.4399
63.384,0.7852,0.3458,0.0635,-0.0002,1.1553,2.3557,-0.4399
63.396,0.7852,0.3449,0.0613,-0.0002,1.1585,2.3557,-0.4399
63.408,0.7852,0.3439,0.0590,-0.0002,1.1618,2.3557,-0.4399
63.420,0.7852,0.3430,0.0567,-0.0002,1.1650,2.3557,-0.4400
63.432,0.7852,0.3421,0.0544,-0.0002,1.1683,2.3557,-0.4400
63.444,0.7852,0.3412,0.0522,-0.0002,1.1715,2.3557,-0.4400
63.456,0.7852,0.3403,0.0499,-0.0002,1.1747,2.3557,-0.4400
63.468,0.7852,0.3393,0.0476,-0.0002,1.1780,2.3557,-0.4400
63.480,0.7852,0.3384,0.0454,-0.0002,1.1812,2.3557,-0.4400
63.492,0.7852,0.3375,0.0431,-0.0002,1.1845,2.3557,-0.4400
63.504,0.7852,0.3366,0.0408,-0.0002,1.1877,2.3557,-0.4400
63.516,0.7852,0.3356,0.0385,-0.0002,1.1910,2.3557,-0.4400
63.528,0.7852,0.3347,0.0363,-0.0002,1.1942,2.3557,-0.4400
63.540,0.7852,0.3338,0.0340,-0.0002,1.1975,2.3557,-0.4400
63.552,0.7852,0.3329,0.0317,-0.0002,1.2007,2.3557,-0.4400
63.564,0.7852,0.3320,0.0294,-0.0003,1.2040,2.3557,-0.4400
63.576,0.7852,0.3310,0.0272,-0.0003,1.2072,2.3557,-0.4400
63.588,0.7852,0.3301,0.0249,-0.0003,1.2105,2.3557,-0.4400
63.600,0.7852,0.3292,0.0226,-0.0003,1.2137,2.3557,-0.4400
63.612,0.7851,0.3283,0.0203,-0.0003,1.2170,2.3557,-0.4400
63.624,0.7851,0.3273,0.0181,-0.0003,1.2202,2.3557,-0.4400
63.636,0.7851,0.3264,0.0158,-0.0003,1.2235,2.3557,-0.4400
63.648,0.7851,0.3255,0.0135,-0.0003,1.2267,2.3557,-0.4400
63.660,0.7851,0.3246,0.0112,-0.0003,1.2300,2.3557,-0.4400
63.672,0.7851,0.3237,0.0090,-0.0003,1.2332,2.3557,-0.4400
63.684,0.7851,0.3227,0.0067,-0.0003,1.2365,2.3557,-0.4400
63.696,0.7851,0.3218,0.0044,-0.0003,1.2397,2.3557,-0.4400
63.708,0.7851,0.3209,0.0021,-0.0003,1.2430,2.3557,-0.4400
63.720,0.7851,0.3200,-0.0001,-0.0003,1.2462,2.3557,-0.4400
63.732,0.7851,0.3190,-0.0024,-0.0003,1.2495,2.3557,-0.4400
63.744,0.7851,0.3181,-0.0047,-0.0003,1.2527,2.3557,-0.4400
63.756,0.7851,0.3172,-0.0070,-0.0003,1.2560,2.3557,-0.4400
63.768,0.7851,0.3163,-0.0092,-0.0003,1.2593,2.3557,-0.4400
63.780,0.7851,0.3153,-0.0115,-0.0003,1.2625,2.3557,-0.4400
63.792,0.7851,0.3144,-0.0138,-0.0003,1.2658,2.3557,-0.4400
63.804,0.7851,0.3135,-0.0161,-0.0003,1.2690,2.3557,-0.4400
63.816,0.7851,0.3126,-0.0183,-0.0004,1.2723,2.3557,-0.4400
63.828,0.7851,0.3117,-0.0206,-0.0004,1.2755,2.3557,-0.4400
63.840,0.7851,0.3107,-0.0229,-0.0004,1.2788,2.3557,-0.4400
63.852,0.7851,0.3098,-0.0252,-0.0004,1.2820,2.3557,-0.4400
63.864,0.7851,0.3089,-0.0274,-0.0004,1.2853,2.3557,-0.4400
63.876,0.7851,0.3080,-0.0297,-0.0004,1.2885,2.3557,-0.4400
63.888,0.7850,0.3070,-0.0320,-0.0004,1.2918,2.3557,-0.4400
63.900,0.7850,0.3061,-0.0343,-0.0004,1.2950,2.3557,-0.4400
63.912,0.7850,0.3052,-0.0365,-0.0004,1.2983,2.3557,-0.4400
63.924,0.7850,0.3043,-0.0388,-0.0004,1.3015,2.3557,-0.4400
63.936,0.7850,0.3033,-0.0411,-0.0004,1.3048,2.3557,-0.4400
63.948,0.7850,0.3024,-0.0434,-0.0004,1.3080,2.3557,-0.4400
63.960,0.7850,0.3015,-0.0456,-0.0004,1.3113,2.3557,-0.4400
63.972,0.7850,0.3006,-0.0479,-0.0004,1.3145,2.3557,-0.4400
63.984,0.7850,0.2997,-0.0502,-0.0004,1.3178,2.3557,-0.4400
63.996,0.7850,0.2987,-0.0525,-0.0004,1.3210,2.3557,-0.4400
64.008,0.7850,0.2978,-0.0547,-0.0004,1.3243,2.3557,-0.4400
64.020,0.7850,0.2969,-0.0570,-0.0004,1.3275,2.3557,-0.4400
64.032,0.7850,0.2960,-0.0593,-0.0004,1.3308,2.3557,-0.4400
64.044,0.7850,0.2950,-0.0616,-0.0004,1.3340,2.3557,-0.4400
64.056,0.7850,0.2941,-0.0638,-0.0005,1.3373,2.3557,-0.4400
64.068,0.7850,0.2932,-0.0661,-0.0005,1.3405,2.3557,-0.4400
64.080,0.7850,0.2923,-0.0684,-0.0005,1.3438,2.3557,-0.4400
64.092,0.7850,0.2913,-0.0707,-0.0005,1.3470,2.3557,-0.4400
64.104,0.7850,0.2904,-0.0729,-0.0005,1.3503,2.3557,-0.4400
64.116,0.7850,0.2895,-0.0752,-0.0005,1.3535,2.3557,-0.4400
64.128,0.7850,0.2886,-0.0775,-0.0005,1.3568,2.3557,-0.4400
64.140,0.7850,0.2877,-0.0798,-0.0005,1.3600,2.3557,-0.4400
64.152,0.7850,0.2867,-0.0820,-0.0005,1.3633,2.3557,-0.4400
64.164,0.7850,0.2858,-0.0843,-0.0005,1.3665,2.3557,-0.4400
64.176,0.7849,0.2849,-0.0866,-0.0005,1.3698,2.3557,-0.4400
64.188,0.7849,0.2840,-0.0889,-0.0005,1.3730,2.3557,-0.4400
64.200,0.7849,0.2830,-0.0911,-0.0005,1.3763,2.3557,-0.4400
64.212,0.7849,0.2821,-0.0934,-0.0005,1.3795,2.3557,-0.4400
64.224,0.7849,0.2812,-0.0957,-0.0005,1.3828,2.3557,-0.4400
64.236,0.7849,0.2803,-0.0980,-0.0005,1.3860,2.3557,-0.4400
64.248,0.7849,0.2793,-0.1002,-0.0005,1.3893,2.3557,-0.4400
64.260,0.7849,0.2784,-0.1025,-0.0005,1.3926,2.3557,-0.4400
64.272,0.7849,0.2775,-0.1048,-0.0005,1.3958,2.3557,-0.4400
64.284,0.7849,0.2766,-0.1071,-0.0005,1.3991,2.3557,-0.4400
64.296,0.7849,0.2756,-0.1093,-0.0005,1.4023,2.3557,-0.4400
64.308,0.7849,0.2747,-0.1116,-0.0006,1.4056,2.3557,-0.4400
64.320,0.7849,0.2738,-0.1139,-0.0006,1.4088,2.3557,-0.4400
64.332,0.7849,0.2729,-0.1162,-0.0006,1.4121,2.3557,-0.4400
64.344,0.7849,0.2721,-0.1182,-0.0006,1.4149,2.3557,-0.4400
64.356,0.7849,0.2714,-0.1199,-0.0006,1.4174,2.3557,-0.4400
64.368,0.7849,0.2707,-0.1215,-0.0006,1.4197,2.3557,-0.4400
64.380,0.7849,0.2702,-0.1228,-0.0006,1.4216,2.3557,-0.4400
64.392,0.7849,0.2697,-0.1240,-0.0006,1.4233,2.3557,-0.4400
64.404,0.7849,0.2697,-0.1240,-0.0006,1.4233,2.3557,-0.4400
64.416,0.7840,0.2697,-0.1240,-0.0006,1.4233,2.3558,-0.4400
64.428,0.7824,0.2697,-0.1240,-0.0006,1.4233,2.3558,-0.4400
64.440,0.7801,0.2696,-0.1240,-0.0006,1.4233,2.3559,-0.4400
64.452,0.7772,0.2696,-0.1240,-0.0006,1.4233,2.3561,-0.4400
64.464,0.7738,0.2696,-0.1240,-0.0006,1.4233,2.3562,-0.4400
64.476,0.7699,0.2696,-0.1240,-0.0006,1.4233,2.3564,-0.4400
64.488,0.7656,0.2695,-0.1239,-0.0006,1.4233,2.3565,-0.4400
64.500,0.7610,0.2695,-0.1239,-0.0006,1.4233,2.3567,-0.4400
64.512,0.7560,0.2694,-0.1239,-0.0007,1.4232,2.3570,-0.4400
64.524,0.7508,0.2694,-0.1238,-0.0007,1.4232,2.3572,-0.4400
64.536,0.7453,0.2693,-0.1238,-0.0007,1.4232,2.3574,-0.4400
64.548,0.7397,0.2693,-0.1238,-0.0007,1.4232,2.3576,-0.4400
64.560,0.7338,0.2692,-0.1237,-0.0007,1.4232,2.3579,-0.4400
64.572,0.7278,0.2692,-0.1237,-0.0007,1.4232,2.3581,-0.4400
64.584,0.7216,0.2691,-0.1237,-0.0008,1.4231,2.3584,-0.4400
64.596,0.7153,0.2691,-0.1236,-0.0008,1.4231,2.3587,-0.4400
64.608,0.7089,0.2690,-0.1236,-0.0008,1.4231,2.3589,-0.4400
64.620,0.7024,0.2690,-0.1236,-0.0008,1.4231,2.3592,-0.4400
64.632,0.6958,0.2689,-0.1235,-0.0008,1.4231,2.3595,-0.4400
64.644,0.6891,0.2688,-0.1235,-0.0009,1.4231,2.3598,-0.4400
64.656,0.6823,0.2688,-0.1234,-0.0009,1.4230,2.3601,-0.4400
64.668,0.6755,0.2687,-0.1234,-0.0009,1.4230,2.3603,-0.4400
64.680,0.6687,0.2687,-0.1234,-0.0009,1.4230,2.3606,-0.4400
64.692,0.6618,0.2686,-0.1233,-0.0009,1.4230,2.3609,-0.4400
64.704,0.6548,0.2686,-0.1233,-0.0009,1.4230,2.3612,-0.4400
64.716,0.6479,0.2685,-0.1232,-0.0010,1.4229,2.3615,-0.4400
64.728,0.6409,0.2684,-0.1232,-0.0010,1.4229,2.3618,-0.4400
64.740,0.6338,0.2684,-0.1232,-0.0010,1.4229,2.3621,-0.4400
64.752,0.6268,0.2683,-0.1231,-0.0010,1.4229,2.3624,-0.4400
64.764,0.6197,0.2682,-0.1231,-0.0010,1.4229,2.3627,-0.4400
64.776,0.6126,0.2682,-0.1230,-0.0011,1.4229,2.3630,-0.4400
64.788,0.6055,0.2681,-0.1230,-0.0011,1.4228,2.3633,-0.4400
64.800,0.5983,0.2681,-0.1230,-0.0011,1.4228,2.3636,-0.4400
64.812,0.5912,0.2680,-0.1229,-0.0011,1.4228,2.3639,-0.4400
64.824,0.5840,0.2679,-0.1229,-0.0011,1.4228,2.3642,-0.4400
64.836,0.5769,0.2679,-0.1228,-0.0012,1.4228,2.3645,-0.4400
64.848,0.5697,0.2678,-0.1228,-0.0012,1.4227,2.3648,-0.4400
64.860,0.5625,0.2677,-0.1227,-0.0012,1.4227,2.3651,-0.4400
64.872,0.5553,0.2677,-0.1227,-0.0012,1.4227,2.3654,-0.4400
64.884,0.5481,0.2676,-0.1227,-0.0013,1.4227,2.3657,-0.4400
64.896,0.5409,0.2676,-0.1226,-0.0013,1.4227,2.3660,-0.4400
64.908,0.5337,0.2675,-0.1226,-0.0013,1.4226,2.3663,-0.4400
64.920,0.5265,0.2674,-0.1225,-0.0013,1.4226,2.3666,-0.4400
64.932,0.5193,0.2674,-0.1225,-0.0013,1.4226,2.3669,-0.4400
64.944,0.5121,0.2673,-0.1224,-0.0014,1.4226,2.3672,-0.4400
64.956,0.5049,0.2672,-0.1224,-0.0014,1.4226,2.3676,-0.4400
64.968,0.4977,0.2672,-0.1224,-0.0014,1.4225,2.3679,-0.4400
64.980,0.4904,0.2671,-0.1223,-0.0014,1.4225,2.3682,-0.4400
64.992,0.4832,0.2671,-0.1223,-0.0014,1.4225,2.3685,-0.4400
65.004,0.4760,0.2670,-0.1222,-0.0015,1.4225,2.3688,-0.4400
65.016,0.4688,0.2669,-0.1222,-0.0015,1.4225,2.3691,-0.4400
65.028,0.4615,0.2669,-0.1221,-0.0015,1.4224,2.3694,-0.4400
65.040,0.4543,0.2668,-0.1221,-0.0015,1.4224,2.3697,-0.4400
65.052,0.4471,0.2667,-0.1221,-0.0015,1.4224,2.3700,-0.4400
65.064,0.4398,0.2667,-0.1220,-0.0016,1.4224,2.3703,-0.4400
65.076,0.4326,0.2666,-0.1220,-0.0016,1.4224,2.3706,-0.4400
65.088,0.4254,0.2666,-0.1219,-0.0016,1.4223,2.3709,-0.4400
65.100,0.4182,0.2665,-0.1219,-0.0016,1.4223,2.3712,-0.4400
65.112,0.4109,0.2664,-0.1219,-0.0016,1.4223,2.3715,-0.4400
65.124,0.4037,0.2664,-0.1218,-0.0017,1.4223,2.3718,-0.4400
65.136,0.3964,0.2663,-0.1218,-0.0017,1.4223,2.3721,-0.4400
65.148,0.3892,0.2662,-0.1217,-0.0017,1.4222,2.3724,-0.4400
65.160,0.3820,0.2662,-0.1217,-0.0017,1.4222,2.3727,-0.4400
65.172,0.3747,0.2661,-0.1216,-0.0017,1.4222,2.3730,-0.4400
65.184,0.3675,0.2660,-0.1216,-0.0018,1.4222,2.3734,-0.4400
65.196,0.3603,0.2660,-0.1216,-0.0018,1.4222,2.3737,-0.4400
65.208,0.3530,0.2659,-0.1215,-0.0018,1.4221,2.3740,-0.4400
65.220,0.3458,0.2659,-0.1215,-0.0018,1.4221,2.3743,-0.4400
65.232,0.3386,0.2658,-0.1214,-0.0018,1.4221,2.3746,-0.4400
65.244,0.3313,0.2657,-0.1214,-0.0019,1.4221,2.3749,-0.4400
65.256,0.3241,0.2657,-0.1213,-0.0019,1.4221,2.3752,-0.4400
65.268,0.3169,0.2656,-0.1213,-0.0019,1.4221,2.3755,-0.4400
65.280,0.3096,0.2655,-0.1213,-0.0019,1.4220,2.3758,-0.4400
65.292,0.3024,0.2655,-0.1212,-0.0019,1.4220,2.3761,-0.4400
65.304,0.2951,0.2654,-0.1212,-0.0020,1.4220,2.3764,-0.4400
65.316,0.2879,0.2654,-0.1211,-0.0020,1.4220,2.3767,-0.4400
65.328,0.2807,0.2653,-0.1211,-0.0020,1.4220,2.3770,-0.4400
65.340,0.2734,0.2652,-0.1210,-0.0020,1.4219,2.3773,-0.4400
65.352,0.2662,0.2652,-0.1210,-0.0021,1.4219,2.3776,-0.4400
65.364,0.2590,0.2651,-0.1210,-0.0021,1.4219,2.3779,-0.4400
65.376,0.2517,0.2650,-0.1209,-0.0021,1.4219,2.3782,-0.4400
65.388,0.2445,0.2650,-0.1209,-0.0021,1.4219,2.3785,-0.4400
65.400,0.2372,0.2649,-0.1208,-0.0021,1.4218,2.3788,-0.4400
65.412,0.2300,0.2649,-0.1208,-0.0022,1.4218,2.3792,-0.4400
65.424,0.2228,0.2648,-0.1207,-0.0022,1.4218,2.3795,-0.4400
65.436,0.2155,0.2647,-0.1207,-0.0022,1.4218,2.3798,-0.4400
65.448,0.2083,0.2647,-0.1207,-0.0022,1.4218,2.3801,-0.4400
65.460,0.2011,0.2646,-0.1206,-0.0022,1.4217,2.3804,-0.4400
65.472,0.1938,0.2645,-0.1206,-0.0023,1.4217,2.3807,-0.4400
65.484,0.1866,0.2645,-0.1205,-0.0023,1.4217,2.3810,-0.4400
65.496,0.1793,0.2644,-0.1205,-0.0023,1.4217,2.3813,-0.4400
65.508,0.1721,0.2643,-0.1204,-0.0023,1.4217,2.3816,-0.4400
65.520,0.1649,0.2643,-0.1204,-0.0023,1.4216,2.3819,-0.4400
65.532,0.1576,0.2642,-0.1204,-0.0024,1.4216,2.3822,-0.4400
65.544,0.1504,0.2642,-0.1203,-0.0024,1.4216,2.3825,-0.4400
65.556,0.1432,0.2641,-0.1203,-0.0024,1.4216,2.3828,-0.4400
65.568,0.1359,0.2640,-0.1202,-0.0024,1.4216,2.3831,-0.4400
65.580,0.1287,0.2640,-0.1202,-0.0024,1.4215,2.3834,-0.4400
65.592,0.1215,0.2639,-0.1202,-0.0025,1.4215,2.3837,-0.4400
65.604,0.1142,0.2638,-0.1201,-0.0025,1.4215,2.3840,-0.4400
65.616,0.1070,0.2638,-0.1201,-0.0025,1.4215,2.3843,-0.4400
65.628,0.0997,0.2637,-0.1200,-0.0025,1.4215,2.3847,-0.4400
65.640,0.0925,0.2637,-0.1200,-0.0025,1.4214,2.3850,-0.4400
65.652,0.0853,0.2636,-0.1199,-0.0026,1.4214,2.3853,-0.4400
65.664,0.0780,0.2635,-0.1199,-0.0026,1.4214,2.3856,-0.4400
65.676,0.0708,0.2635,-0.1199,-0.0026,1.4214,2.3859,-0.4400
65.688,0.0636,0.2634,-0.1198,-0.0026,1.4214,2.3862,-0.4400
65.700,0.0563,0.2633,-0.1198,-0.0026,1.4213,2.3865,-0.4400
65.712,0.0491,0.2633,-0.1197,-0.0027,1.4213,2.3868,-0.4400
65.724,0.0418,0.2632,-0.1197,-0.0027,1.4213,2.3871,-0.4400
65.736,0.0346,0.2632,-0.1196,-0.0027,1.4213,2.3874,-0.4400
65.748,0.0274,0.2631,-0.1196,-0.0027,1.4213,2.3877,-0.4400
65.760,0.0201,0.2630,-0.1196,-0.0028,1.4212,2.3880,-0.4400
65.772,0.0129,0.2630,-0.1195,-0.0028,1.4212,2.3883,-0.4400
65.784,0.0057,0.2629,-0.1195,-0.0028,1.4212,2.3886,-0.4400
65.796,-0.0016,0.2628,-0.1194,-0.0028,1.4212,2.3889,-0.4400
65.808,-0.0088,0.2628,-0.1194,-0.0028,1.4212,2.3892,-0.4400
65.820,-0.0161,0.2627,-0.1193,-0.0029,1.4212,2.3895,-0.4400
65.832,-0.0233,0.2626,-0.1193,-0.0029,1.4211,2.3898,-0.4400
65.844,-0.0305,0.2626,-0.1193,-0.0029,1.4211,2.3901,-0.4400
65.856,-0.0378,0.2625,-0.1192,-0.0029,1.4211,2.3905,-0.4400
65.868,-0.0450,0.2625,-0.1192,-0.0029,1.4211,2.3908,-0.4400
65.880,-0.0522,0.2624,-0.1191,-0.0030,1.4211,2.3911,-0.4400
65.892,-0.0595,0.2623,-0.1191,-0.0030,1.4210,2.3914,-0.4400
65.904,-0.0667,0.2623,-0.1190,-0.0030,1.4210,2.3917,-0.4400
65.916,-0.0740,0.2622,-0.1190,-0.0030,1.4210,2.3920,-0.4400
65.928,-0.0812,0.2621,-0.1190,-0.0030,1.4210,2.3923,-0.4400
65.940,-0.0884,0.2621,-0.1189,-0.0031,1.4210,2.3926,-0.4400
65.952,-0.0957,0.2620,-0.1189,-0.0031,1.4209,2.3929,-0.4400
65.964,-0.1029,0.2620,-0.1188,-0.0031,1.4209,2.3932,-0.4400
65.976,-0.1101,0.2619,-0.1188,-0.0031,1.4209,2.3935,-0.4400
65.988,-0.1174,0.2618,-0.1187,-0.0031,1.4209,2.3938,-0.4400
66.000,-0.1246,0.2618,-0.1187,-0.0032,1.4209,2.3941,-0.4400
66.012,-0.1319,0.2617,-0.1187,-0.0032,1.4208,2.3944,-0.4400
66.024,-0.1391,0.2616,-0.1186,-0.0032,1.4208,2.3947,-0.4400
66.036,-0.1463,0.2616,-0.1186,-0.0032,1.4208,2.3950,-0.4400
66.048,-0.1536,0.2615,-0.1185,-0.0032,1.4208,2.3953,-0.4400
66.060,-0.1608,0.2615,-0.1185,-0.0033,1.4208,2.3956,-0.4400
66.072,-0.1680,0.2614,-0.1185,-0.0033,1.4207,2.3960,-0.4400
66.084,-0.1753,0.2613,-0.1184,-0.0033,1.4207,2.3963,-0.4400
66.096,-0.1825,0.2613,-0.1184,-0.0033,1.4207,2.3966,-0.4400
66.108,-0.1898,0.2612,-0.1183,-0.0033,1.4207,2.3969,-0.4400
66.120,-0.1970,0.2611,-0.1183,-0.0034,1.4207,2.3972,-0.4400
66.132,-0.2042,0.2611,-0.1182,-0.0034,1.4206,2.3975,-0.4400
66.144,-0.2115,0.2610,-0.1182,-0.0034,1.4206,2.3978,-0.4400
66.156,-0.2187,0.2609,-0.1182,-0.0034,1.4206,2.3981,-0.4400
66.168,-0.2259,0.2609,-0.1181,-0.0034,1.4206,2.3984,-0.4400
66.180,-0.2332,0.2608,-0.1181,-0.0035,1.4206,2.3987,-0.4400
66.192,-0.2404,0.2608,-0.1180,-0.0035,1.4205,2.3990,-0.4400
66.204,-0.2477,0.2607,-0.1180,-0.0035,1.4205,2.3993,-0.4400
66.216,-0.2549,0.2606,-0.1179,-0.0035,1.4205,2.3996,-0.4400
66.228,-0.2621,0.2606,-0.1179,-0.0036,1.4205,2.3999,-0.4400
66.240,-0.2694,0.2605,-0.1179,-0.0036,1.4205,2.4002,-0.4400
66.252,-0.2766,0.2604,-0.1178,-0.0036,1.4204,2.4005,-0.4400
66.264,-0.2838,0.2604,-0.1178,-0.0036,1.4204,2.4008,-0.4400
66.276,-0.2911,0.2603,-0.1177,-0.0036,1.4204,2.4011,-0.4400
66.288,-0.2983,0.2603,-0.1177,-0.0037,1.4204,2.4015,-0.4400
66.300,-0.3056,0.2602,-0.1176,-0.0037,1.4204,2.4018,-0.4400
66.312,-0.3128,0.2601,-0.1176,-0.0037,1.4203,2.4021,-0.4400
66.324,-0.3200,0.2601,-0.1176,-0.0037,1.4203,2.4024,-0.4400
66.336,-0.3273,0.2600,-0.1175,-0.0037,1.4203,2.4027,-0.4400
66.348,-0.3345,0.2599,-0.1175,-0.0038,1.4203,2.4030,-0.4400
66.360,-0.3417,0.2599,-0.1174,-0.0038,1.4203,2.4033,-0.4400
66.372,-0.3490,0.2598,-0.1174,-0.0038,1.4203,2.4036,-0.4400
66.384,-0.3562,0.2597,-0.1173,-0.0038,1.4202,2.4039,-0.4400
66.396,-0.3635,0.2597,-0.1173,-0.0038,1.4202,2.4042,-0.4400
66.408,-0.3707,0.2596,-0.1173,-0.0039,1.4202,2.4045,-0.4400
66.420,-0.3779,0.2596,-0.1172,-0.0039,1.4202,2.4048,-0.4400
66.432,-0.3852,0.2595,-0.1172,-0.0039,1.4202,2.4051,-0.4400
66.444,-0.3924,0.2594,-0.1171,-0.0039,1.4201,2.4054,-0.4400
66.456,-0.3996,0.2594,-0.1171,-0.0039,1.4201,2.4057,-0.4400
66.468,-0.4069,0.2593,-0.1170,-0.0040,1.4201,2.4060,-0.4400
66.480,-0.4141,0.2592,-0.1170,-0.0040,1.4201,2.4063,-0.4400
66.492,-0.4214,0.2592,-0.1170,-0.0040,1.4201,2.4066,-0.4400
66.504,-0.4286,0.2591,-0.1169,-0.0040,1.4200,2.4069,-0.4400
66.516,-0.4358,0.2591,-0.1169,-0.0040,1.4200,2.4073,-0.4400
66.528,-0.4431,0.2590,-0.1168,-0.0041,1.4200,2.4076,-0.4400
66.540,-0.4503,0.2589,-0.1168,-0.0041,1.4200,2.4079,-0.4400
66.552,-0.4575,0.2589,-0.1168,-0.0041,1.4200,2.4082,-0.4400
66.564,-0.4648,0.2588,-0.1167,-0.0041,1.4199,2.4085,-0.4400
66.576,-0.4720,0.2587,-0.1167,-0.0041,1.4199,2.4088,-0.4400
66.588,-0.4792,0.2587,-0.1166,-0.0042,1.4199,2.4091,-0.4400
66.600,-0.4865,0.2586,-0.1166,-0.0042,1.4199,2.4094,-0.4400
66.612,-0.4937,0.2586,-0.1165,-0.0042,1.4199,2.4097,-0.4400
66.624,-0.5010,0.2585,-0.1165,-0.0042,1.4198,2.4100,-0.4400
66.636,-0.5082,0.2584,-0.1165,-0.0043,1.4198,2.4103,-0.4400
66.648,-0.5154,0.2584,-0.1164,-0.0043,1.4198,2.4106,-0.4400
66.660,-0.5227,0.2583,-0.1164,-0.0043,1.4198,2.4109,-0.4400
66.672,-0.5299,0.2582,-0.1163,-0.0043,1.4198,2.4112,-0.4400
66.684,-0.5371,0.2582,-0.1163,-0.0043,1.4197,2.4115,-0.4400
66.696,-0.5444,0.2581,-0.1162,-0.0044,1.4197,2.4118,-0.4400
66.708,-0.5516,0.2580,-0.1162,-0.0044,1.4197,2.4121,-0.4400
66.720,-0.5589,0.2580,-0.1162,-0.0044,1.4197,2.4124,-0.4400
66.732,-0.5661,0.2579,-0.1161,-0.0044,1.4197,2.4128,-0.4400
66.744,-0.5733,0.2579,-0.1161,-0.0044,1.4196,2.4131,-0.4400
66.756,-0.5806,0.2578,-0.1160,-0.0045,1.4196,2.4134,-0.4400
66.768,-0.5878,0.2577,-0.1160,-0.0045,1.4196,2.4137,-0.4400
66.780,-0.5950,0.2577,-0.1159,-0.0045,1.4196,2.4140,-0.4400
66.792,-0.6023,0.2576,-0.1159,-0.0045,1.4196,2.4143,-0.4400
66.804,-0.6095,0.2575,-0.1159,-0.0045,1.4195,2.4146,-0.4400
66.816,-0.6168,0.2575,-0.1158,-0.0046,1.4195,2.4149,-0.4400
66.828,-0.6240,0.2574,-0.1158,-0.0046,1.4195,2.4152,-0.4400
66.840,-0.6312,0.2574,-0.1157,-0.0046,1.4195,2.4155,-0.4400
66.852,-0.6385,0.2573,-0.1157,-0.0046,1.4195,2.4158,-0.4400
66.864,-0.6457,0.2572,-0.1156,-0.0046,1.4194,2.4161,-0.4400
66.876,-0.6529,0.2572,-0.1156,-0.0047,1.4194,2.4164,-0.4400
66.888,-0.6602,0.2571,-0.1156,-0.0047,1.4194,2.4167,-0.4400
66.900,-0.6674,0.2570,-0.1155,-0.0047,1.4194,2.4170,-0.4400
66.912,-0.6741,0.2570,-0.1155,-0.0047,1.4194,2.4173,-0.4400
66.924,-0.6799,0.2569,-0.1154,-0.0047,1.4194,2.4176,-0.4400
66.936,-0.6851,0.2569,-0.1154,-0.0048,1.4193,2.4178,-0.4400
66.948,-0.6896,0.2568,-0.1154,-0.0048,1.4193,2.4180,-0.4400
66.960,-0.6936,0.2568,-0.1154,-0.0048,1.4193,2.4181,-0.4400
66.972,-0.6971,0.2568,-0.1153,-0.0048,1.4193,2.4183,-0.4400
66.984,-0.7002,0.2568,-0.1153,-0.0048,1.4193,2.4184,-0.4400
66.996,-0.7030,0.2567,-0.1153,-0.0048,1.4193,2.4185,-0.4400
67.008,-0.7053,0.2567,-0.1153,-0.0048,1.4193,2.4186,-0.4400
67.020,-0.7075,0.2567,-0.1153,-0.0048,1.4193,2.4187,-0.4400
67.032,-0.7093,0.2567,-0.1153,-0.0048,1.4193,2.4188,-0.4400
67.044,-0.7093,0.2567,-0.1153,-0.0048,1.4193,2.4188,-0.4400
67.056,-0.7093,0.2568,-0.1150,-0.0048,1.4189,2.4188,-0.4400
67.068,-0.7094,0.2570,-0.1146,-0.0048,1.4183,2.4188,-0.4400
67.080,-0.7094,0.2574,-0.1140,-0.0048,1.4174,2.4187,-0.4400
67.092,-0.7095,0.2578,-0.1132,-0.0048,1.4162,2.4187,-0.4400
67.104,-0.7096,0.2583,-0.1123,-0.0048,1.4149,2.4187,-0.4400
67.116,-0.7097,0.2588,-0.1113,-0.0047,1.4134,2.4186,-0.4400
67.128,-0.7098,0.2594,-0.1102,-0.0047,1.4117,2.4186,-0.4400
67.140,-0.7099,0.2601,-0.1090,-0.0047,1.4099,2.4185,-0.4400
67.152,-0.7101,0.2608,-0.1077,-0.0047,1.4079,2.4185,-0.4400
67.164,-0.7102,0.2615,-0.1063,-0.0046,1.4059,2.4184,-0.4400
67.176,-0.7103,0.2623,-0.1049,-0.0046,1.4037,2.4184,-0.4400
67.188,-0.7105,0.2631,-0.1034,-0.0046,1.4015,2.4183,-0.4400
67.200,-0.7106,0.2639,-0.1018,-0.0045,1.3992,2.4182,-0.4400
67.212,-0.7108,0.2648,-0.1002,-0.0045,1.3968,2.4182,-0.4400
67.224,-0.7110,0.2656,-0.0986,-0.0045,1.3943,2.4181,-0.4400
67.236,-0.7111,0.2665,-0.0969,-0.0045,1.3919,2.4180,-0.4400
67.248,-0.7113,0.2674,-0.0953,-0.0044,1.3893,2.4180,-0.4400
67.260,-0.7115,0.2684,-0.0935,-0.0044,1.3868,2.4179,-0.4400
67.272,-0.7116,0.2693,-0.0918,-0.0043,1.3842,2.4178,-0.4400
67.284,-0.7118,0.2702,-0.0900,-0.0043,1.3815,2.4177,-0.4400
67.296,-0.7120,0.2712,-0.0883,-0.0043,1.3789,2.4177,-0.4400
67.308,-0.7121,0.2722,-0.0865,-0.0042,1.3762,2.4176,-0.4400
67.320,-0.7123,0.2731,-0.0847,-0.0042,1.3735,2.4175,-0.4400
67.332,-0.7125,0.2741,-0.0828,-0.0042,1.3708,2.4174,-0.4400
67.344,-0.7127,0.2751,-0.0810,-0.0041,1.3681,2.4174,-0.4400
67.356,-0.7129,0.2761,-0.0792,-0.0041,1.3653,2.4173,-0.4400
67.368,-0.7131,0.2771,-0.0773,-0.0041,1.3625,2.4172,-0.4400
67.380,-0.7132,0.2781,-0.0755,-0.0040,1.3598,2.4171,-0.4400
67.392,-0.7134,0.2791,-0.0736,-0.0040,1.3570,2.4170,-0.4400
67.404,-0.7136,0.2801,-0.0718,-0.0039,1.3542,2.4170,-0.4400
67.416,-0.7138,0.2811,-0.0699,-0.0039,1.3514,2.4169,-0.4400
67.428,-0.7140,0.2821,-0.0680,-0.0039,1.3486,2.4168,-0.4400
67.440,-0.7142,0.2831,-0.0661,-0.0038,1.3458,2.4167,-0.4400
67.452,-0.7143,0.2841,-0.0642,-0.0038,1.3430,2.4167,-0.4400
67.464,-0.7145,0.2851,-0.0624,-0.0038,1.3402,2.4166,-0.4400
67.476,-0.7147,0.2861,-0.0605,-0.0037,1.3373,2.4165,-0.4400
67.488,-0.7149,0.2871,-0.0586,-0.0037,1.3345,2.4164,-0.4400
67.500,-0.7151,0.2882,-0.0567,-0.0036,1.3317,2.4163,-0.4400
67.512,-0.7153,0.2892,-0.0548,-0.0036,1.3289,2.4163,-0.4400
67.524,-0.7155,0.2902,-0.0529,-0.0036,1.3260,2.4162,-0.4400
67.536,-0.7156,0.2912,-0.0510,-0.0035,1.3232,2.4161,-0.4400
67.548,-0.7158,0.2922,-0.0491,-0.0035,1.3203,2.4160,-0.4400
67.560,-0.7160,0.2933,-0.0472,-0.0034,1.3175,2.4159,-0.4400
67.572,-0.7162,0.2943,-0.0453,-0.0034,1.3147,2.4159,-0.4400
67.584,-0.7164,0.2953,-0.0434,-0.0034,1.3118,2.4158,-0.4400
67.596,-0.7166,0.2963,-0.0415,-0.0033,1.3090,2.4157,-0.4400
67.608,-0.7168,0.2973,-0.0396,-0.0033,1.3061,2.4156,-0.4400
67.620,-0.7170,0.2984,-0.0377,-0.0033,1.3033,2.4155,-0.4400
67.632,-0.7171,0.2994,-0.0358,-0.0032,1.3004,2.4155,-0.4400
67.644,-0.7173,0.3004,-0.0339,-0.0032,1.2976,2.4154,-0.4400
67.656,-0.7175,0.3014,-0.0320,-0.0031,1.2948,2.4153,-0.4400
67.668,-0.7177,0.3025,-0.0301,-0.0031,1.2919,2.4152,-0.4400
67.680,-0.7179,0.3035,-0.0282,-0.0031,1.2891,2.4151,-0.4400
67.692,-0.7181,0.3045,-0.0263,-0.0030,1.2862,2.4151,-0.4400
67.704,-0.7183,0.3055,-0.0244,-0.0030,1.2834,2.4150,-0.4400
67.716,-0.7185,0.3065,-0.0225,-0.0029,1.2805,2.4149,-0.4400
67.728,-0.7186,0.3076,-0.0206,-0.0029,1.2777,2.4148,-0.4400
67.740,-0.7188,0.3086,-0.0187,-0.0029,1.2748,2.4147,-0.4400
67.752,-0.7190,0.3096,-0.0168,-0.0028,1.2720,2.4147,-0.4400
67.764,-0.7192,0.3106,-0.0148,-0.0028,1.2691,2.4146,-0.4400
67.776,-0.7194,0.3117,-0.0129,-0.0027,1.2663,2.4145,-0.4400
67.788,-0.7196,0.3127,-0.0110,-0.0027,1.2634,2.4144,-0.4400
67.800,-0.7198,0.3137,-0.0091,-0.0027,1.2606,2.4143,-0.4400
67.812,-0.7200,0.3147,-0.0072,-0.0026,1.2577,2.4143,-0.4400
67.824,-0.7202,0.3158,-0.0053,-0.0026,1.2549,2.4142,-0.4400
67.836,-0.7203,0.3168,-0.0034,-0.0026,1.2520,2.4141,-0.4400
67.848,-0.7205,0.3178,-0.0015,-0.0025,1.2492,2.4140,-0.4400
67.860,-0.7207,0.3188,0.0004,-0.0025,1.2463,2.4139,-0.4400
67.872,-0.7209,0.3199,0.0023,-0.0024,1.2435,2.4139,-0.4400
67.884,-0.7211,0.3209,0.0042,-0.0024,1.2406,2.4138,-0.4400
67.896,-0.7213,0.3219,0.0061,-0.0024,1.2378,2.4137,-0.4400
67.908,-0.7215,0.3229,0.0080,-0.0023,1.2349,2.4136,-0.4400
67.920,-0.7217,0.3240,0.0099,-0.0023,1.2321,2.4135,-0.4400
67.932,-0.7218,0.3250,0.0118,-0.0022,1.2292,2.4135,-0.4400
67.944,-0.7220,0.3260,0.0138,-0.0022,1.2264,2.4134,-0.4400
67.956,-0.7222,0.3270,0.0157,-0.0022,1.2235,2.4133,-0.4400
67.968,-0.7224,0.3281,0.0176,-0.0021,1.2207,2.4132,-0.4400
67.980,-0.7226,0.3291,0.0195,-0.0021,1.2178,2.4131,-0.4400
67.992,-0.7228,0.3301,0.0214,-0.0021,1.2150,2.4131,-0.4400
68.004,-0.7230,0.3311,0.0233,-0.0020,1.2121,2.4130,-0.4400
68.016,-0.7232,0.3322,0.0252,-0.0020,1.2093,2.4129,-0.4400
68.028,-0.7234,0.3332,0.0271,-0.0019,1.2064,2.4128,-0.4400
68.040,-0.7235,0.3342,0.0290,-0.0019,1.2036,2.4127,-0.4400
68.052,-0.7237,0.3352,0.0309,-0.0019,1.2007,2.4126,-0.4400
68.064,-0.7239,0.3363,0.0328,-0.0018,1.1979,2.4126,-0.4400
68.076,-0.7241,0.3373,0.0347,-0.0018,1.1950,2.4125,-0.4400
68.088,-0.7243,0.3383,0.0366,-0.0017,1.1922,2.4124,-0.4400
68.100,-0.7245,0.3393,0.0385,-0.0017,1.1893,2.4123,-0.4400
68.112,-0.7247,0.3404,0.0404,-0.0017,1.1864,2.4122,-0.4400
68.124,-0.7249,0.3414,0.0424,-0.0016,1.1836,2.4122,-0.4400
68.136,-0.7250,0.3424,0.0443,-0.0016,1.1807,2.4121,-0.4400
68.148,-0.7252,0.3434,0.0462,-0.0016,1.1779,2.4120,-0.4400
68.160,-0.7254,0.3444,0.0481,-0.0015,1.1750,2.4119,-0.4400
68.172,-0.7256,0.3455,0.0500,-0.0015,1.1722,2.4118,-0.4400
68.184,-0.7258,0.3465,0.0519,-0.0014,1.1693,2.4118,-0.4400
68.196,-0.7260,0.3475,0.0538,-0.0014,1.1665,2.4117,-0.4400
68.208,-0.7262,0.3485,0.0557,-0.0014,1.1636,2.4116,-0.4400
68.220,-0.7264,0.3496,0.0576,-0.0013,1.1608,2.4115,-0.4400
68.232,-0.7265,0.3506,0.0595,-0.0013,1.1579,2.4114,-0.4400
68.244,-0.7267,0.3516,0.0614,-0.0012,1.1551,2.4114,-0.4400
68.256,-0.7269,0.3526,0.0633,-0.0012,1.1522,2.4113,-0.4400
68.268,-0.7271,0.3537,0.0652,-0.0012,1.1494,2.4112,-0.4400
68.280,-0.7273,0.3547,0.0671,-0.0011,1.1465,2.4111,-0.4400
68.292,-0.7275,0.3557,0.0690,-0.0011,1.1437,2.4110,-0.4400
68.304,-0.7277,0.3567,0.0710,-0.0011,1.1408,2.4110,-0.4400
68.316,-0.7279,0.3578,0.0729,-0.0010,1.1380,2.4109,-0.4400
68.328,-0.7281,0.3588,0.0748,-0.0010,1.1351,2.4108,-0.4400
68.340,-0.7282,0.3598,0.0767,-0.0009,1.1323,2.4107,-0.4400
68.352,-0.7284,0.3608,0.0786,-0.0009,1.1294,2.4106,-0.4400
68.364,-0.7286,0.3619,0.0805,-0.0009,1.1266,2.4106,-0.4400
68.376,-0.7288,0.3629,0.0824,-0.0008,1.1237,2.4105,-0.4400
68.388,-0.7290,0.3639,0.0843,-0.0008,1.1209,2.4104,-0.4400
68.400,-0.7292,0.3649,0.0862,-0.0007,1.1180,2.4103,-0.4400
68.412,-0.7294,0.3660,0.0881,-0.0007,1.1152,2.4102,-0.4400
68.424,-0.7296,0.3670,0.0900,-0.0007,1.1123,2.4102,-0.4400
68.436,-0.7297,0.3680,0.0919,-0.0006,1.1095,2.4101,-0.4400
68.448,-0.7299,0.3690,0.0938,-0.0006,1.1066,2.4100,-0.4400
68.460,-0.7301,0.3701,0.0957,-0.0005,1.1038,2.4099,-0.4400
68.472,-0.7303,0.3711,0.0976,-0.0005,1.1009,2.4098,-0.4400
68.484,-0.7305,0.3721,0.0996,-0.0005,1.0981,2.4098,-0.4400
68.496,-0.7307,0.3731,0.1015,-0.0004,1.0952,2.4097,-0.4400
68.508,-0.7309,0.3742,0.1034,-0.0004,1.0924,2.4096,-0.4400
68.520,-0.7311,0.3752,0.1053,-0.0004,1.0895,2.4095,-0.4400
68.532,-0.7312,0.3762,0.1072,-0.0003,1.0867,2.4094,-0.4400
68.544,-0.7314,0.3772,0.1091,-0.0003,1.0838,2.4094,-0.4400
68.556,-0.7316,0.3781,0.1108,-0.0002,1.0813,2.4093,-0.4400
68.568,-0.7317,0.3789,0.1122,-0.0002,1.0791,2.4092,-0.4400
68.580,-0.7319,0.3796,0.1135,-0.0002,1.0772,2.4092,-0.4400
68.592,-0.7320,0.3802,0.1147,-0.0002,1.0754,2.4091,-0.4400
68.604,-0.7321,0.3808,0.1157,-0.0001,1.0739,2.4091,-0.4395
68.616,-0.7322,0.3813,0.1166,-0.0001,1.0726,2.4090,-0.4385
68.628,-0.7323,0.3817,0.1174,-0.0001,1.0715,2.4090,-0.4371
68.640,-0.7323,0.3820,0.1180,-0.0001,1.0704,2.4090,-0.4353
68.652,-0.7324,0.3824,0.1186,-0.0001,1.0695,2.4090,-0.4332
68.664,-0.7324,0.3827,0.1192,-0.0001,1.0687,2.4089,-0.4309
68.676,-0.7325,0.3829,0.1196,-0.0001,1.0680,2.4089,-0.4283
68.688,-0.7325,0.3831,0.1201,-0.0001,1.0674,2.4089,-0.4255
68.700,-0.7326,0.3833,0.1204,-0.0000,1.0669,2.4089,-0.4225
68.712,-0.7326,0.3835,0.1207,-0.0000,1.0664,2.4089,-0.4193
68.724,-0.7326,0.3836,0.1210,-0.0000,1.0660,2.4089,-0.4160
68.736,-0.7326,0.3838,0.1213,-0.0000,1.0656,2.4088,-0.4125
68.748,-0.7327,0.3839,0.1215,-0.0000,1.0653,2.4088,-0.4089
68.760,-0.7327,0.3840,0.1217,-0.0000,1.0650,2.4088,-0.4053
68.772,-0.7327,0.3841,0.1218,-0.0000,1.0648,2.4088,-0.4015
68.784,-0.7327,0.3842,0.1220,-0.0000,1.0645,2.4088,-0.3977
68.796,-0.7327,0.3842,0.1221,-0.0000,1.0643,2.4088,-0.3938
68.808,-0.7327,0.3843,0.1222,-0.0000,1.0642,2.4088,-0.3898
68.820,-0.7327,0.3844,0.1223,-0.0000,1.0640,2.4088,-0.3858
68.832,-0.7328,0.3844,0.1224,-0.0000,1.0639,2.4088,-0.3818
68.844,-0.7328,0.3844,0.1225,-0.0000,1.0638,2.4088,-0.3777
68.856,-0.7328,0.3845,0.1226,-0.0000,1.0637,2.4088,-0.3735
68.868,-0.7328,0.3845,0.1226,-0.0000,1.0636,2.4088,-0.3694
68.880,-0.7328,0.3845,0.1227,-0.0000,1.0635,2.4088,-0.3652
68.892,-0.7328,0.3846,0.1227,-0.0000,1.0634,2.4088,-0.3609
68.904,-0.7328,0.3846,0.1228,-0.0000,1.0634,2.4088,-0.3567
68.916,-0.7328,0.3846,0.1228,-0.0000,1.0633,2.4088,-0.3524
68.928,-0.7328,0.3846,0.1228,0.0000,1.0633,2.4088,-0.3482
68.940,-0.7328,0.3846,0.1229,0.0000,1.0632,2.4088,-0.3439
68.952,-0.7328,0.3847,0.1229,0.0000,1.0632,2.4088,-0.3396
68.964,-0.7328,0.3847,0.1229,0.0000,1.0631,2.4088,-0.3353
68.976,-0.7328,0.3847,0.1229,0.0000,1.0631,2.4088,-0.3309
68.988,-0.7328,0.3847,0.1229,0.0000,1.0631,2.4088,-0.3266
69.000,-0.7328,0.3847,0.1230,0.0000,1.0631,2.4088,-0.3222
69.012,-0.7328,0.3847,0.1230,0.0000,1.0631,2.4088,-0.3179
69.024,-0.7328,0.3847,0.1230,0.0000,1.0630,2.4088,-0.3135
69.036,-0.7328,0.3847,0.1230,0.0000,1.0630,2.4088,-0.3092
69.048,-0.7328,0.3847,0.1230,0.0000,1.0630,2.4088,-0.3048
69.060,-0.7328,0.3847,0.1230,0.0000,1.0630,2.4088,-0.3004
69.072,-0.7328,0.3847,0.1230,0.0000,1.0630,2.4088,-0.2961
69.084,-0.7328,0.3847,0.1230,0.0000,1.0630,2.4088,-0.2917
69.096,-0.7328,0.3847,0.1230,0.0000,1.0630,2.4088,-0.2873
69.108,-0.7328,0.3847,0.1230,0.0000,1.0630,2.4088,-0.2829
69.120,-0.7328,0.3847,0.1230,0.0000,1.0630,2.4088,-0.2786
69.132,-0.7328,0.3847,0.1230,0.0000,1.0629,2.4088,-0.2742
69.144,-0.7328,0.3847,0.1230,0.0000,1.0629,2.4088,-0.2698
69.156,-0.7328,0.3847,0.1231,0.0000,1.0629,2.4088,-0.2654
69.168,-0.7328,0.3847,0.1231,0.0000,1.0629,2.4088,-0.2610
69.180,-0.7328,0.3847,0.1231,0.0000,1.0629,2.4088,-0.2566
69.192,-0.7328,0.3847,0.1231,0.0000,1.0629,2.4088,-0.2522
69.204,-0.7328,0.3847,0.1231,0.0000,1.0629,2.4088,-0.2478
69.216,-0.7328,0.3847,0.1231,0.0000,1.0629,2.4088,-0.2434
69.228,-0.7328,0.3847,0.1231,0.0000,1.0629,2.4088,-0.2390
69.240,-0.7328,0.3847,0.1231,0.0000,1.0629,2.4088,-0.2346
69.252,-0.7328,0.3847,0.1231,0.0000,1.0629,2.4088,-0.2302
69.264,-0.7328,0.3847,0.1231,0.0000,1.0629,2.4088,-0.2258
69.276,-0.7328,0.3847,0.1231,0.0000,1.0629,2.4088,-0.2214
69.288,-0.7328,0.3847,0.1231,0.0000,1.0629,2.4088,-0.2170
69.300,-0.7328,0.3847,0.1231,0.0000,1.0629,2.4088,-0.2126
69.312,-0.7328,0.3847,0.1231,0.0000,1.0629,2.4088,-0.2083
69.324,-0.7328,0.3847,0.1231,0.0000,1.0629,2.4088,-0.2039
69.336,-0.7328,0.3847,0.1231,0.0000,1.0629,2.4088,-0.1995
69.348,-0.7328,0.3847,0.1231,0.0000,1.0629,2.4088,-0.1951
69.360,-0.7328,0.3847,0.1231,0.0000,1.0629,2.4088,-0.1907
69.372,-0.7328,0.3847,0.1231,0.0000,1.0629,2.4088,-0.1863
69.384,-0.7328,0.3847,0.1231,0.0000,1.0629,2.4088,-0.1819
69.396,-0.7328,0.3847,0.1231,0.0000,1.0629,2.4088,-0.1775
69.408,-0.7328,0.3847,0.1231,0.0000,1.0629,2.4088,-0.1731
69.420,-0.7328,0.3847,0.1231,0.0000,1.0629,2.4088,-0.1687
69.432,-0.7328,0.3847,0.1231,0.0000,1.0629,2.4088,-0.1643
69.444,-0.7328,0.3847,0.1231,0.0000,1.0629,2.4088,-0.1599
69.456,-0.7328,0.3847,0.1231,0.0000,1.0629,2.4088,-0.1555
69.468,-0.7328,0.3847,0.1231,0.0000,1.0629,2.4088,-0.1511
69.480,-0.7328,0.3848,0.1231,0.0000,1.0629,2.4088,-0.1467
69.492,-0.7328,0.3848,0.1231,0.0000,1.0629,2.4088,-0.1423
69.504,-0.7328,0.3848,0.1231,0.0000,1.0629,2.4088,-0.1379
69.516,-0.7328,0.3848,0.1231,0.0000,1.0629,2.4088,-0.1335
69.528,-0.7328,0.3848,0.1231,0.0000,1.0629,2.4088,-0.1291
69.540,-0.7328,0.3848,0.1231,0.0000,1.0629,2.4088,-0.1247
69.552,-0.7328,0.3848,0.1231,0.0000,1.0629,2.4088,-0.1203
69.564,-0.7328,0.3848,0.1231,0.0000,1.0629,2.4088,-0.1159
69.576,-0.7328,0.3848,0.1231,0.0000,1.0629,2.4088,-0.1115
69.588,-0.7328,0.3848,0.1231,0.0000,1.0629,2.4088,-0.1071
69.600,-0.7328,0.3848,0.1231,0.0000,1.0629,2.4088,-0.1027
69.612,-0.7328,0.3848,0.1231,0.0000,1.0629,2.4088,-0.0983
69.624,-0.7328,0.3848,0.1231,0.0000,1.0629,2.4088,-0.0939
69.636,-0.7328,0.3848,0.1231,0.0000,1.0629,2.4088,-0.0895
69.648,-0.7328,0.3848,0.1231,0.0000,1.0629,2.4088,-0.0851
69.660,-0.7328,0.3848,0.1231,0.0000,1.0629,2.4088,-0.0807
69.672,-0.7328,0.3848,0.1231,0.0000,1.0629,2.4088,-0.0763
69.684,-0.7328,0.3848,0.1231,0.0000,1.0629,2.4088,-0.0719
69.696,-0.7328,0.3848,0.1231,0.0000,1.0629,2.4088,-0.0675
69.708,-0.7328,0.3848,0.1231,0.0000,1.0629,2.4088,-0.0631
69.720,-0.7328,0.3848,0.1231,0.0000,1.0629,2.4088,-0.0587
69.732,-0.7328,0.3848,0.1231,0.0000,1.0629,2.4088,-0.0543
69.744,-0.7328,0.3848,0.1231,0.0000,1.0629,2.4088,-0.0499
69.756,-0.7328,0.3848,0.1231,0.0000,1.0629,2.4088,-0.0455
69.768,-0.7328,0.3848,0.1231,0.0000,1.0629,2.4088,-0.0411
69.780,-0.7328,0.3848,0.1231,0.0000,1.0629,2.4088,-0.0367
69.792,-0.7328,0.3848,0.1231,0.0000,1.0629,2.4088,-0.0323
69.804,-0.7328,0.3848,0.1231,0.0000,1.0629,2.4088,-0.0284
69.816,-0.7328,0.3848,0.1231,0.0000,1.0629,2.4088,-0.0250
69.828,-0.7328,0.3848,0.1231,0.0000,1.0629,2.4088,-0.0220
69.840,-0.7328,0.3846,0.1228,0.0000,1.0632,2.4088,-0.0194
69.852,-0.7328,0.3844,0.1224,-0.0000,1.0639,2.4088,-0.0170
69.864,-0.7328,0.3841,0.1218,-0.0000,1.0648,2.4088,-0.0150
69.876,-0.7327,0.3837,0.1210,-0.0000,1.0659,2.4089,-0.0132
69.888,-0.7327,0.3832,0.1201,-0.0001,1.0673,2.4089,-0.0116
69.900,-0.7327,0.3826,0.1191,-0.0001,1.0688,2.4089,-0.0102
69.912,-0.7326,0.3820,0.1180,-0.0001,1.0705,2.4090,-0.0090
69.924,-0.7326,0.3814,0.1168,-0.0001,1.0723,2.4091,-0.0079
69.936,-0.7325,0.3807,0.1155,-0.0002,1.0743,2.4091,-0.0070
69.948,-0.7324,0.3799,0.1141,-0.0002,1.0763,2.4092,-0.0061
69.960,-0.7324,0.3791,0.1127,-0.0002,1.0785,2.4092,-0.0054
69.972,-0.7323,0.3783,0.1112,-0.0002,1.0807,2.4093,-0.0047
69.984,-0.7323,0.3775,0.1096,-0.0003,1.0830,2.4094,-0.0042
69.996,-0.7322,0.3767,0.1080,-0.0003,1.0854,2.4094,-0.0037
70.008,-0.7321,0.3758,0.1064,-0.0003,1.0878,2.4095,-0.0032
70.020,-0.7321,0.3749,0.1047,-0.0004,1.0903,2.4096,-0.0028
70.032,-0.7320,0.3740,0.1031,-0.0004,1.0928,2.4097,-0.0025
70.044,-0.7319,0.3731,0.1013,-0.0004,1.0954,2.4097,-0.0022
70.056,-0.7318,0.3721,0.0996,-0.0005,1.0980,2.4098,-0.0019
70.068,-0.7318,0.3712,0.0978,-0.0005,1.1006,2.4099,-0.0017
70.080,-0.7317,0.3702,0.0961,-0.0005,1.1033,2.4100,-0.0015
70.092,-0.7316,0.3693,0.0943,-0.0006,1.1060,2.4101,-0.0013
70.104,-0.7315,0.3683,0.0925,-0.0006,1.1087,2.4101,-0.0012
70.116,-0.7315,0.3673,0.0907,-0.0007,1.1114,2.4102,-0.0010
70.128,-0.7314,0.3663,0.0888,-0.0007,1.1141,2.4103,-0.0009
70.140,-0.7313,0.3653,0.0870,-0.0007,1.1169,2.4104,-0.0008
70.152,-0.7312,0.3643,0.0851,-0.0008,1.1196,2.4105,-0.0007
70.164,-0.7312,0.3633,0.0833,-0.0008,1.1224,2.4105,-0.0006
70.176,-0.7311,0.3623,0.0814,-0.0008,1.1252,2.4106,-0.0005
70.188,-0.7310,0.3613,0.0796,-0.0009,1.1280,2.4107,-0.0005
70.200,-0.7309,0.3603,0.0777,-0.0009,1.1308,2.4108,-0.0004
70.212,-0.7309,0.3593,0.0758,-0.0010,1.1336,2.4109,-0.0004
70.224,-0.7308,0.3583,0.0739,-0.0010,1.1364,2.4110,-0.0003
70.236,-0.7307,0.3573,0.0721,-0.0010,1.1392,2.4110,-0.0003
70.248,-0.7306,0.3563,0.0702,-0.0011,1.1420,2.4111,-0.0003
70.260,-0.7305,0.3553,0.0683,-0.0011,1.1448,2.4112,-0.0002
70.272,-0.7305,0.3543,0.0664,-0.0012,1.1477,2.4113,-0.0002
70.284,-0.7304,0.3532,0.0645,-0.0012,1.1505,2.4114,-0.0002
70.296,-0.7303,0.3522,0.0626,-0.0012,1.1533,2.4115,-0.0002
70.308,-0.7302,0.3512,0.0607,-0.0013,1.1562,2.4115,-0.0001
70.320,-0.7301,0.3502,0.0588,-0.0013,1.1590,2.4116,-0.0001
70.332,-0.7301,0.3492,0.0569,-0.0013,1.1618,2.4117,-0.0001
70.344,-0.7300,0.3481,0.0550,-0.0014,1.1647,2.4118,-0.0001
70.356,-0.7299,0.3471,0.0531,-0.0014,1.1675,2.4119,-0.0001
70.368,-0.7298,0.3461,0.0512,-0.0015,1.1703,2.4120,-0.0001
70.380,-0.7297,0.3451,0.0493,-0.0015,1.1732,2.4121,-0.0001
70.392,-0.7297,0.3441,0.0474,-0.0015,1.1760,2.4121,-0.0001
70.404,-0.7296,0.3430,0.0455,-0.0016,1.1789,2.4122,-0.0000
70.416,-0.7295,0.3420,0.0436,-0.0016,1.1817,2.4123,-0.0000
70.428,-0.7294,0.3410,0.0417,-0.0017,1.1846,2.4124,-0.0000
70.440,-0.7294,0.3400,0.0398,-0.0017,1.1874,2.4125,-0.0000
70.452,-0.7293,0.3389,0.0379,-0.0017,1.1903,2.4126,-0.0000
70.464,-0.7292,0.3379,0.0360,-0.0018,1.1931,2.4126,-0.0000
70.476,-0.7291,0.3369,0.0341,-0.0018,1.1960,2.4127,-0.0000
70.488,-0.7290,0.3359,0.0322,-0.0019,1.1988,2.4128,-0.0000
70.500,-0.7290,0.3348,0.0303,-0.0019,1.2017,2.4129,-0.0000
70.512,-0.7289,0.3338,0.0284,-0.0019,1.2045,2.4130,-0.0000
70.524,-0.7288,0.3328,0.0265,-0.0020,1.2074,2.4131,-0.0000
70.536,-0.7287,0.3318,0.0246,-0.0020,1.2102,2.4132,-0.0000
70.548,-0.7286,0.3307,0.0227,-0.0020,1.2131,2.4132,-0.0000
70.560,-0.7286,0.3297,0.0208,-0.0021,1.2159,2.4133,-0.0000
70.572,-0.7285,0.3287,0.0189,-0.0021,1.2188,2.4134,-0.0000
70.584,-0.7284,0.3277,0.0170,-0.0022,1.2216,2.4135,-0.0000
70.596,-0.7283,0.3266,0.0151,-0.0022,1.2245,2.4136,-0.0000
70.608,-0.7282,0.3256,0.0131,-0.0022,1.2273,2.4137,-0.0000
70.620,-0.7282,0.3246,0.0112,-0.0023,1.2302,2.4137,-0.0000
70.632,-0.7281,0.3236,0.0093,-0.0023,1.2330,2.4138,-0.0000
70.644,-0.7280,0.3225,0.0074,-0.0024,1.2359,2.4139,-0.0000
70.656,-0.7279,0.3215,0.0055,-0.0024,1.2387,2.4140,-0.0000
70.668,-0.7278,0.3205,0.0036,-0.0024,1.2416,2.4141,-0.0000
70.680,-0.7278,0.3195,0.0017,-0.0025,1.2444,2.4142,-0.0000
70.692,-0.7277,0.3184,-0.0002,-0.0025,1.2473,2.4143,-0.0000
70.704,-0.7276,0.3174,-0.0021,-0.0026,1.2501,2.4143,-0.0000
70.716,-0.7275,0.3164,-0.0040,-0.0026,1.2530,2.4144,-0.0000
70.728,-0.7275,0.3154,-0.0059,-0.0026,1.2558,2.4145,-0.0000
70.740,-0.7274,0.3143,-0.0078,-0.0027,1.2587,2.4146,-0.0000
70.752,-0.7273,0.3133,-0.0097,-0.0027,1.2615,2.4147,-0.0000
70.764,-0.7272,0.3123,-0.0116,-0.0027,1.2644,2.4148,-0.0000
70.776,-0.7271,0.3113,-0.0135,-0.0028,1.2672,2.4149,-0.0000
70.788,-0.7271,0.3102,-0.0154,-0.0028,1.2701,2.4149,-0.0000
70.800,-0.7270,0.3092,-0.0173,-0.0029,1.2729,2.4150,-0.0000
70.812,-0.7269,0.3082,-0.0193,-0.0029,1.2758,2.4151,-0.0000
70.824,-0.7268,0.3072,-0.0212,-0.0029,1.2786,2.4152,-0.0000
70.836,-0.7267,0.3061,-0.0231,-0.0030,1.2815,2.4153,-0.0000
70.848,-0.7267,0.3051,-0.0250,-0.0030,1.2843,2.4154,-0.0000
70.860,-0.7266,0.3041,-0.0269,-0.0031,1.2872,2.4154,-0.0000
70.872,-0.7265,0.3030,-0.0288,-0.0031,1.2900,2.4155,-0.0000
70.884,-0.7264,0.3020,-0.0307,-0.0031,1.2929,2.4156,-0.0000
70.896,-0.7263,0.3010,-0.0326,-0.0032,1.2957,2.4157,-0.0000
70.908,-0.7263,0.3000,-0.0345,-0.0032,1.2986,2.4158,-0.0000
70.920,-0.7262,0.2989,-0.0364,-0.0033,1.3014,2.4159,-0.0000
70.932,-0.7261,0.2979,-0.0383,-0.0033,1.3043,2.4160,-0.0000
70.944,-0.7260,0.2969,-0.0402,-0.0033,1.3071,2.4160,-0.0000
70.956,-0.7259,0.2959,-0.0421,-0.0034,1.3100,2.4161,-0.0000
70.968,-0.7259,0.2948,-0.0440,-0.0034,1.3128,2.4162,-0.0000
70.980,-0.7258,0.2938,-0.0459,-0.0034,1.3157,2.4163,-0.0000
70.992,-0.7257,0.2928,-0.0478,-0.0035,1.3185,2.4164,-0.0000
71.004,-0.7256,0.2918,-0.0498,-0.0035,1.3214,2.4165,-0.0000
71.016,-0.7255,0.2907,-0.0517,-0.0036,1.3242,2.4165,-0.0000
71.028,-0.7255,0.2897,-0.0536,-0.0036,1.3271,2.4166,-0.0000
71.040,-0.7254,0.2887,-0.0555,-0.0036,1.3299,2.4167,-0.0000
71.052,-0.7253,0.2877,-0.0574,-0.0037,1.3328,2.4168,-0.0000
71.064,-0.7252,0.2866,-0.0593,-0.0037,1.3356,2.4169,-0.0000
71.076,-0.7252,0.2856,-0.0612,-0.0038,1.3385,2.4170,-0.0000
71.088,-0.7251,0.2846,-0.0631,-0.0038,1.3413,2.4171,-0.0000
71.100,-0.7250,0.2836,-0.0650,-0.0038,1.3442,2.4171,-0.0000
71.112,-0.7249,0.2825,-0.0669,-0.0039,1.3470,2.4172,-0.0000
71.124,-0.7248,0.2815,-0.0688,-0.0039,1.3499,2.4173,-0.0000
71.136,-0.7248,0.2805,-0.0707,-0.0040,1.3527,2.4174,-0.0000
71.148,-0.7247,0.2795,-0.0726,-0.0040,1.3556,2.4175,-0.0000
71.160,-0.7246,0.2784,-0.0745,-0.0040,1.3584,2.4176,-0.0000
71.172,-0.7245,0.2774,-0.0764,-0.0041,1.3613,2.4176,-0.0000
71.184,-0.7244,0.2764,-0.0783,-0.0041,1.3641,2.4177,-0.0000
71.196,-0.7244,0.2754,-0.0802,-0.0041,1.3670,2.4178,-0.0000
71.208,-0.7243,0.2743,-0.0822,-0.0042,1.3698,2.4179,-0.0000
71.220,-0.7242,0.2733,-0.0841,-0.0042,1.3727,2.4180,-0.0000
71.232,-0.7241,0.2723,-0.0860,-0.0043,1.3755,2.4181,-0.0000
71.244,-0.7240,0.2713,-0.0879,-0.0043,1.3784,2.4182,-0.0000
71.256,-0.7240,0.2702,-0.0898,-0.0043,1.3812,2.4182,-0.0000
71.268,-0.7239,0.2692,-0.0917,-0.0044,1.3841,2.4183,-0.0000
71.280,-0.7238,0.2682,-0.0936,-0.0044,1.3869,2.4184,-0.0000
71.292,-0.7237,0.2672,-0.0955,-0.0045,1.3898,2.4185,-0.0000
71.304,-0.7236,0.2661,-0.0974,-0.0045,1.3926,2.4186,-0.0000
71.316,-0.7236,0.2651,-0.0993,-0.0045,1.3955,2.4187,-0.0000
71.328,-0.7235,0.2641,-0.1012,-0.0046,1.3983,2.4188,-0.0000
71.340,-0.7234,0.2632,-0.1029,-0.0046,1.4008,2.4188,-0.0000
71.352,-0.7234,0.2624,-0.1044,-0.0046,1.4031,2.4189,-0.0000
71.364,-0.7233,0.2617,-0.1057,-0.0047,1.4050,2.4189,-0.0000
71.376,-0.7233,0.2611,-0.1068,-0.0047,1.4067,2.4190,-0.0000
71.388,-0.7232,0.2605,-0.1078,-0.0047,1.4082,2.4190,-0.0000
71.400,-0.7232,0.2605,-0.1078,-0.0047,1.4082,2.4190,-0.0000
71.412,-0.7228,0.2604,-0.1078,-0.0047,1.4074,2.4177,-0.0000
71.424,-0.7220,0.2601,-0.1076,-0.0047,1.4059,2.4150,-0.0000
71.436,-0.7209,0.2597,-0.1075,-0.0047,1.4037,2.4113,-0.0000
71.448,-0.7195,0.2592,-0.1073,-0.0047,1.4010,2.4067,-0.0000
71.460,-0.7179,0.2586,-0.1070,-0.0047,1.3978,2.4012,-0.0000
71.472,-0.7160,0.2579,-0.1067,-0.0047,1.3942,2.3950,-0.0000
71.484,-0.7140,0.2572,-0.1064,-0.0046,1.3902,2.3881,-0.0000
71.496,-0.7117,0.2564,-0.1061,-0.0046,1.3859,2.3807,-0.0000
71.508,-0.7094,0.2555,-0.1058,-0.0046,1.3813,2.3727,-0.0000
71.520,-0.7069,0.2546,-0.1054,-0.0046,1.3764,2.3644,-0.0000
71.532,-0.7042,0.2537,-0.1050,-0.0046,1.3713,2.3556,-0.0000
71.544,-0.7015,0.2527,-0.1046,-0.0046,1.3660,2.3465,-0.0000
71.556,-0.6987,0.2517,-0.1042,-0.0046,1.3605,2.3371,-0.0000
71.568,-0.6958,0.2507,-0.1037,-0.0045,1.3549,2.3274,-0.0000
71.580,-0.6929,0.2496,-0.1033,-0.0045,1.3491,2.3175,-0.0000
71.592,-0.6898,0.2485,-0.1028,-0.0045,1.3432,2.3074,-0.0000
71.604,-0.6868,0.2474,-0.1024,-0.0045,1.3372,2.2971,-0.0000
71.616,-0.6836,0.2463,-0.1019,-0.0045,1.3311,2.2867,-0.0000
71.628,-0.6805,0.2451,-0.1014,-0.0044,1.3250,2.2761,-0.0000
71.640,-0.6773,0.2440,-0.1010,-0.0044,1.3187,2.2654,-0.0000
71.652,-0.6740,0.2428,-0.1005,-0.0044,1.3124,2.2545,-0.0000
71.664,-0.6708,0.2416,-0.1000,-0.0044,1.3061,2.2436,-0.0000
71.676,-0.6675,0.2404,-0.0995,-0.0043,1.2997,2.2326,-0.0000
71.688,-0.6642,0.2393,-0.0990,-0.0043,1.2932,2.2216,-0.0000
71.700,-0.6608,0.2381,-0.0985,-0.0043,1.2868,2.2104,-0.0000
71.712,-0.6575,0.2369,-0.0980,-0.0043,1.2802,2.1992,-0.0000
71.724,-0.6541,0.2356,-0.0975,-0.0043,1.2737,2.1880,-0.0000
71.736,-0.6508,0.2344,-0.0970,-0.0042,1.2671,2.1767,-0.0000
71.748,-0.6474,0.2332,-0.0965,-0.0042,1.2605,2.1654,-0.0000
71.760,-0.6440,0.2320,-0.0960,-0.0042,1.2539,2.1540,-0.0000
71.772,-0.6406,0.2308,-0.0955,-0.0042,1.2473,2.1426,-0.0000
71.784,-0.6372,0.2295,-0.0950,-0.0041,1.2406,2.1312,-0.0000
71.796,-0.6337,0.2283,-0.0945,-0.0041,1.2340,2.1198,-0.0000
71.808,-0.6303,0.2271,-0.0940,-0.0041,1.2273,2.1083,-0.0000
71.820,-0.6269,0.2258,-0.0935,-0.0041,1.2206,2.0968,-0.0000
71.832,-0.6234,0.2246,-0.0929,-0.0041,1.2139,2.0853,-0.0000
71.844,-0.6200,0.2233,-0.0924,-0.0040,1.2072,2.0738,-0.0000
71.856,-0.6166,0.2221,-0.0919,-0.0040,1.2005,2.0623,-0.0000
71.868,-0.6131,0.2209,-0.0914,-0.0040,1.1938,2.0508,-0.0000
71.880,-0.6097,0.2196,-0.0909,-0.0040,1.1871,2.0392,-0.0000
71.892,-0.6062,0.2184,-0.0904,-0.0039,1.1804,2.0277,-0.0000
71.904,-0.6028,0.2171,-0.0899,-0.0039,1.1737,2.0161,-0.0000
71.916,-0.5993,0.2159,-0.0893,-0.0039,1.1669,2.0046,-0.0000
71.928,-0.5958,0.2146,-0.0888,-0.0039,1.1602,1.9930,-0.0000
71.940,-0.5924,0.2134,-0.0883,-0.0039,1.1534,1.9814,-0.0000
71.952,-0.5889,0.2121,-0.0878,-0.0038,1.1467,1.9698,-0.0000
71.964,-0.5855,0.2109,-0.0873,-0.0038,1.1400,1.9582,-0.0000
71.976,-0.5820,0.2097,-0.0868,-0.0038,1.1332,1.9467,-0.0000
71.988,-0.5785,0.2084,-0.0862,-0.0038,1.1265,1.9351,-0.0000
72.000,-0.5751,0.2072,-0.0857,-0.0037,1.1197,1.9235,-0.0000
72.012,-0.5716,0.2059,-0.0852,-0.0037,1.1130,1.9119,-0.0000
72.024,-0.5681,0.2047,-0.0847,-0.0037,1.1062,1.9003,-0.0000
72.036,-0.5647,0.2034,-0.0842,-0.0037,1.0995,1.8887,-0.0000
72.048,-0.5612,0.2022,-0.0837,-0.0037,1.0927,1.8771,-0.0000
72.060,-0.5577,0.2009,-0.0831,-0.0036,1.0860,1.8655,-0.0000
72.072,-0.5543,0.1997,-0.0826,-0.0036,1.0792,1.8539,-0.0000
72.084,-0.5508,0.1984,-0.0821,-0.0036,1.0725,1.8423,-0.0000
72.096,-0.5473,0.1972,-0.0816,-0.0036,1.0657,1.8307,-0.0000
72.108,-0.5438,0.1959,-0.0811,-0.0035,1.0589,1.8191,-0.0000
72.120,-0.5404,0.1947,-0.0806,-0.0035,1.0522,1.8075,-0.0000
72.132,-0.5369,0.1934,-0.0800,-0.0035,1.0454,1.7959,-0.0000
72.144,-0.5334,0.1922,-0.0795,-0.0035,1.0387,1.7843,-0.0000
72.156,-0.5300,0.1909,-0.0790,-0.0035,1.0319,1.7726,-0.0000
72.168,-0.5265,0.1897,-0.0785,-0.0034,1.0252,1.7610,-0.0000
72.180,-0.5230,0.1884,-0.0780,-0.0034,1.0184,1.7494,-0.0000
72.192,-0.5196,0.1872,-0.0775,-0.0034,1.0116,1.7378,-0.0000
72.204,-0.5161,0.1859,-0.0769,-0.0034,1.0049,1.7262,-0.0000
72.216,-0.5126,0.1847,-0.0764,-0.0033,0.9981,1.7146,-0.0000
72.228,-0.5091,0.1834,-0.0759,-0.0033,0.9914,1.7030,-0.0000
72.240,-0.5057,0.1822,-0.0754,-0.0033,0.9846,1.6914,-0.0000
72.252,-0.5022,0.1809,-0.0749,-0.0033,0.9779,1.6798,-0.0000
72.264,-0.4987,0.1797,-0.0744,-0.0032,0.9711,1.6682,-0.0000
72.276,-0.4953,0.1784,-0.0738,-0.0032,0.9643,1.6566,-0.0000
72.288,-0.4918,0.1772,-0.0733,-0.0032,0.9576,1.6449,-0.0000
72.300,-0.4883,0.1759,-0.0728,-0.0032,0.9508,1.6333,-0.0000
72.312,-0.4848,0.1747,-0.0723,-0.0032,0.9441,1.6217,-0.0000
72.324,-0.4814,0.1734,-0.0718,-0.0031,0.9373,1.6101,-0.0000
72.336,-0.4779,0.1722,-0.0712,-0.0031,0.9305,1.5985,-0.0000
72.348,-0.4744,0.1709,-0.0707,-0.0031,0.9238,1.5869,-0.0000
72.360,-0.4710,0.1697,-0.0702,-0.0031,0.9170,1.5753,-0.0000
72.372,-0.4675,0.1684,-0.0697,-0.0030,0.9103,1.5637,-0.0000
72.384,-0.4640,0.1672,-0.0692,-0.0030,0.9035,1.5521,-0.0000
72.396,-0.4605,0.1659,-0.0687,-0.0030,0.8967,1.5404,-0.0000
72.408,-0.4571,0.1647,-0.0681,-0.0030,0.8900,1.5288,-0.0000
72.420,-0.4536,0.1634,-0.0676,-0.0030,0.8832,1.5172,-0.0000
72.432,-0.4501,0.1622,-0.0671,-0.0029,0.8765,1.5056,-0.0000
72.444,-0.4467,0.1609,-0.0666,-0.0029,0.8697,1.4940,-0.0000
72.456,-0.4432,0.1597,-0.0661,-0.0029,0.8629,1.4824,-0.0000
72.468,-0.4397,0.1584,-0.0656,-0.0029,0.8562,1.4708,-0.0000
72.480,-0.4362,0.1571,-0.0650,-0.0028,0.8494,1.4592,-0.0000
72.492,-0.4328,0.1559,-0.0645,-0.0028,0.8427,1.4476,-0.0000
72.504,-0.4293,0.1546,-0.0640,-0.0028,0.8359,1.4359,-0.0000
72.516,-0.4258,0.1534,-0.0635,-0.0028,0.8292,1.4243,-0.0000
72.528,-0.4224,0.1521,-0.0630,-0.0028,0.8224,1.4127,-0.0000
72.540,-0.4189,0.1509,-0.0624,-0.0027,0.8156,1.4011,-0.0000
72.552,-0.4154,0.1496,-0.0619,-0.0027,0.8089,1.3895,-0.0000
72.564,-0.4119,0.1484,-0.0614,-0.0027,0.8021,1.3779,-0.0000
72.576,-0.4085,0.1471,-0.0609,-0.0027,0.7954,1.3663,-0.0000
72.588,-0.4050,0.1459,-0.0604,-0.0026,0.7886,1.3547,-0.0000
72.600,-0.4015,0.1446,-0.0599,-0.0026,0.7818,1.3431,-0.0000
72.612,-0.3981,0.1434,-0.0593,-0.0026,0.7751,1.3314,-0.0000
72.624,-0.3946,0.1421,-0.0588,-0.0026,0.7683,1.3198,-0.0000
72.636,-0.3911,0.1409,-0.0583,-0.0025,0.7616,1.3082,-0.0000
72.648,-0.3876,0.1396,-0.0578,-0.0025,0.7548,1.2966,-0.0000
72.660,-0.3842,0.1384,-0.0573,-0.0025,0.7480,1.2850,-0.0000
72.672,-0.3807,0.1371,-0.0568,-0.0025,0.7413,1.2734,-0.0000
72.684,-0.3772,0.1359,-0.0562,-0.0025,0.7345,1.2618,-0.0000
72.696,-0.3738,0.1346,-0.0557,-0.0024,0.7278,1.2502,-0.0000
72.708,-0.3703,0.1334,-0.0552,-0.0024,0.7210,1.2386,-0.0000
72.720,-0.3668,0.1321,-0.0547,-0.0024,0.7142,1.2269,-0.0000
72.732,-0.3633,0.1309,-0.0542,-0.0024,0.7075,1.2153,-0.0000
72.744,-0.3599,0.1296,-0.0536,-0.0023,0.7007,1.2037,-0.0000
72.756,-0.3564,0.1284,-0.0531,-0.0023,0.6940,1.1921,-0.0000
72.768,-0.3529,0.1271,-0.0526,-0.0023,0.6872,1.1805,-0.0000
72.780,-0.3495,0.1259,-0.0521,-0.0023,0.6804,1.1689,-0.0000
72.792,-0.3460,0.1246,-0.0516,-0.0023,0.6737,1.1573,-0.0000
72.804,-0.3425,0.1234,-0.0511,-0.0022,0.6669,1.1457,-0.0000
72.816,-0.3390,0.1221,-0.0505,-0.0022,0.6602,1.1340,-0.0000
72.828,-0.3356,0.1209,-0.0500,-0.0022,0.6534,1.1224,-0.0000
72.840,-0.3321,0.1196,-0.0495,-0.0022,0.6466,1.1108,-0.0000
72.852,-0.3286,0.1184,-0.0490,-0.0021,0.6399,1.0992,-0.0000
72.864,-0.3252,0.1171,-0.0485,-0.0021,0.6331,1.0876,-0.0000
72.876,-0.3217,0.1159,-0.0480,-0.0021,0.6264,1.0760,-0.0000
72.888,-0.3182,0.1146,-0.0474,-0.0021,0.6196,1.0644,-0.0000
72.900,-0.3147,0.1134,-0.0469,-0.0020,0.6129,1.0528,-0.0000
72.912,-0.3113,0.1121,-0.0464,-0.0020,0.6061,1.0412,-0.0000
72.924,-0.3078,0.1109,-0.0459,-0.0020,0.5993,1.0295,-0.0000
72.936,-0.3043,0.1096,-0.0454,-0.0020,0.5926,1.0179,-0.0000
72.948,-0.3009,0.1084,-0.0449,-0.0020,0.5858,1.0063,-0.0000
72.960,-0.2974,0.1071,-0.0443,-0.0019,0.5791,0.9947,-0.0000
72.972,-0.2939,0.1059,-0.0438,-0.0019,0.5723,0.9831,-0.0000
72.984,-0.2904,0.1046,-0.0433,-0.0019,0.5655,0.9715,-0.0000
72.996,-0.2870,0.1034,-0.0428,-0.0019,0.5588,0.9599,-0.0000
73.008,-0.2835,0.1021,-0.0423,-0.0018,0.5520,0.9483,-0.0000
73.020,-0.2800,0.1009,-0.0417,-0.0018,0.5453,0.9367,-0.0000
73.032,-0.2766,0.0996,-0.0412,-0.0018,0.5385,0.9250,-0.0000
73.044,-0.2731,0.0984,-0.0407,-0.0018,0.5317,0.9134,-0.0000
73.056,-0.2696,0.0971,-0.0402,-0.0018,0.5250,0.9018,-0.0000
73.068,-0.2661,0.0959,-0.0397,-0.0017,0.5182,0.8902,-0.0000
73.080,-0.2627,0.0946,-0.0392,-0.0017,0.5115,0.8786,-0.0000
73.092,-0.2592,0.0934,-0.0386,-0.0017,0.5047,0.8670,-0.0000
73.104,-0.2557,0.0921,-0.0381,-0.0017,0.4979,0.8554,-0.0000
73.116,-0.2523,0.0909,-0.0376,-0.0016,0.4912,0.8438,-0.0000
73.128,-0.2488,0.0896,-0.0371,-0.0016,0.4844,0.8322,-0.0000
73.140,-0.2453,0.0884,-0.0366,-0.0016,0.4777,0.8205,-0.0000
73.152,-0.2418,0.0871,-0.0361,-0.0016,0.4709,0.8089,-0.0000
73.164,-0.2384,0.0859,-0.0355,-0.0016,0.4641,0.7973,-0.0000
73.176,-0.2349,0.0846,-0.0350,-0.0015,0.4574,0.7857,-0.0000
73.188,-0.2314,0.0834,-0.0345,-0.0015,0.4506,0.7741,-0.0000
73.200,-0.2280,0.0821,-0.0340,-0.0015,0.4439,0.7625,-0.0000
73.212,-0.2245,0.0809,-0.0335,-0.0015,0.4371,0.7509,-0.0000
73.224,-0.2210,0.0796,-0.0329,-0.0014,0.4303,0.7393,-0.0000
73.236,-0.2175,0.0784,-0.0324,-0.0014,0.4236,0.7276,-0.0000
73.248,-0.2141,0.0771,-0.0319,-0.0014,0.4168,0.7160,-0.0000
73.260,-0.2106,0.0759,-0.0314,-0.0014,0.4101,0.7044,-0.0000
73.272,-0.2071,0.0746,-0.0309,-0.0013,0.4033,0.6928,-0.0000
73.284,-0.2037,0.0734,-0.0304,-0.0013,0.3966,0.6812,-0.0000
73.296,-0.2002,0.0721,-0.0298,-0.0013,0.3898,0.6696,-0.0000
73.308,-0.1967,0.0709,-0.0293,-0.0013,0.3830,0.6580,-0.0000
73.320,-0.1932,0.0696,-0.0288,-0.0013,0.3763,0.6464,-0.0000
73.332,-0.1898,0.0684,-0.0283,-0.0012,0.3695,0.6348,-0.0000
73.344,-0.1863,0.0671,-0.0278,-0.0012,0.3628,0.6231,-0.0000
73.356,-0.1828,0.0659,-0.0273,-0.0012,0.3560,0.6115,-0.0000
73.368,-0.1794,0.0646,-0.0267,-0.0012,0.3492,0.5999,-0.0000
73.380,-0.1759,0.0634,-0.0262,-0.0011,0.3425,0.5883,-0.0000
73.392,-0.1724,0.0621,-0.0257,-0.0011,0.3357,0.5767,-0.0000
73.404,-0.1689,0.0609,-0.0252,-0.0011,0.3290,0.5651,-0.0000
73.416,-0.1655,0.0596,-0.0247,-0.0011,0.3222,0.5535,-0.0000
73.428,-0.1620,0.0584,-0.0242,-0.0011,0.3154,0.5419,-0.0000
73.440,-0.1585,0.0571,-0.0236,-0.0010,0.3087,0.5303,-0.0000
73.452,-0.1551,0.0559,-0.0231,-0.0010,0.3019,0.5186,-0.0000
73.464,-0.1516,0.0546,-0.0226,-0.0010,0.2952,0.5070,-0.0000
73.476,-0.1481,0.0534,-0.0221,-0.0010,0.2884,0.4954,-0.0000
73.488,-0.1446,0.0521,-0.0216,-0.0009,0.2816,0.4838,-0.0000
73.500,-0.1412,0.0509,-0.0210,-0.0009,0.2749,0.4722,-0.0000
73.512,-0.1377,0.0496,-0.0205,-0.0009,0.2681,0.4606,-0.0000
73.524,-0.1342,0.0484,-0.0200,-0.0009,0.2614,0.4490,-0.0000
73.536,-0.1308,0.0471,-0.0195,-0.0009,0.2546,0.4374,-0.0000
73.548,-0.1273,0.0459,-0.0190,-0.0008,0.2478,0.4258,-0.0000
73.560,-0.1238,0.0446,-0.0185,-0.0008,0.2411,0.4141,-0.0000
73.572,-0.1203,0.0434,-0.0179,-0.0008,0.2343,0.4025,-0.0000
73.584,-0.1169,0.0421,-0.0174,-0.0008,0.2276,0.3909,-0.0000
73.596,-0.1134,0.0409,-0.0169,-0.0007,0.2208,0.3793,-0.0000
73.608,-0.1099,0.0396,-0.0164,-0.0007,0.2140,0.3677,-0.0000
73.620,-0.1065,0.0383,-0.0159,-0.0007,0.2073,0.3561,-0.0000
73.632,-0.1030,0.0371,-0.0154,-0.0007,0.2005,0.3445,-0.0000
73.644,-0.0995,0.0358,-0.0148,-0.0006,0.1938,0.3329,-0.0000
73.656,-0.0960,0.0346,-0.0143,-0.0006,0.1870,0.3212,-0.0000
73.668,-0.0926,0.0333,-0.0138,-0.0006,0.1803,0.3096,-0.0000
73.680,-0.0891,0.0321,-0.0133,-0.0006,0.1735,0.2980,-0.0000
73.692,-0.0856,0.0308,-0.0128,-0.0006,0.1667,0.2864,-0.0000
73.704,-0.0822,0.0296,-0.0122,-0.0005,0.1600,0.2748,-0.0000
73.716,-0.0787,0.0283,-0.0117,-0.0005,0.1532,0.2632,-0.0000
73.728,-0.0752,0.0271,-0.0112,-0.0005,0.1465,0.2516,-0.0000
73.740,-0.0717,0.0258,-0.0107,-0.0005,0.1397,0.2400,-0.0000
73.752,-0.0683,0.0246,-0.0102,-0.0004,0.1329,0.2284,-0.0000
73.764,-0.0648,0.0233,-0.0097,-0.0004,0.1262,0.2167,-0.0000
73.776,-0.0613,0.0221,-0.0091,-0.0004,0.1194,0.2051,-0.0000
73.788,-0.0579,0.0208,-0.0086,-0.0004,0.1127,0.1935,-0.0000
73.800,-0.0544,0.0196,-0.0081,-0.0004,0.1059,0.1819,-0.0000
73.812,-0.0509,0.0183,-0.0076,-0.0003,0.0991,0.1703,-0.0000
73.824,-0.0474,0.0171,-0.0071,-0.0003,0.0924,0.1587,-0.0000
73.836,-0.0440,0.0158,-0.0066,-0.0003,0.0856,0.1471,-0.0000
73.848,-0.0405,0.0146,-0.0060,-0.0003,0.0789,0.1355,-0.0000
73.860,-0.0370,0.0133,-0.0055,-0.0002,0.0721,0.1239,-0.0000
73.872,-0.0336,0.0121,-0.0050,-0.0002,0.0653,0.1122,-0.0000
73.884,-0.0301,0.0108,-0.0045,-0.0002,0.0586,0.1006,-0.0000
73.896,-0.0266,0.0096,-0.0040,-0.0002,0.0518,0.0890,-0.0000
73.908,-0.0234,0.0084,-0.0035,-0.0002,0.0456,0.0783,-0.0000
73.920,-0.0206,0.0074,-0.0031,-0.0001,0.0401,0.0689,-0.0000
73.932,-0.0181,0.0065,-0.0027,-0.0001,0.0353,0.0607,-0.0000
73.944,-0.0160,0.0057,-0.0024,-0.0001,0.0311,0.0534,-0.0000
73.956,-0.0140,0.0051,-0.0021,-0.0001,0.0273,0.0470,-0.0000
73.968,-0.0124,0.0045,-0.0018,-0.0001,0.0241,0.0413,-0.0000
73.980,-0.0109,0.0039,-0.0016,-0.0001,0.0212,0.0364,-0.0000
73.992,-0.0096,0.0034,-0.0014,-0.0001,0.0186,0.0320,-0.0000
74.004,-0.0084,0.0030,-0.0013,-0.0001,0.0164,0.0282,-0.0000
74.016,-0.0074,0.0027,-0.0011,-0.0000,0.0144,0.0248,-0.0000
74.028,-0.0065,0.0023,-0.0010,-0.0000,0.0127,0.0218,-0.0000
74.040,-0.0057,0.0021,-0.0009,-0.0000,0.0112,0.0192,-0.0000
74.052,-0.0051,0.0018,-0.0008,-0.0000,0.0098,0.0169,-0.0000
74.064,-0.0044,0.0016,-0.0007,-0.0000,0.0087,0.0149,-0.0000
74.076,-0.0039,0.0014,-0.0006,-0.0000,0.0076,0.0131,-0.0000
74.088,-0.0034,0.0012,-0.0005,-0.0000,0.0067,0.0115,-0.0000
74.100,-0.0030,0.0011,-0.0005,-0.0000,0.0059,0.0101,-0.0000
74.112,-0.0027,0.0010,-0.0004,-0.0000,0.0052,0.0089,-0.0000
74.124,-0.0023,0.0008,-0.0003,-0.0000,0.0046,0.0078,-0.0000
74.136,-0.0021,0.0007,-0.0003,-0.0000,0.0040,0.0069,-0.0000
74.148,-0.0018,0.0007,-0.0003,-0.0000,0.0035,0.0061,-0.0000
74.160,-0.0016,0.0006,-0.0002,-0.0000,0.0031,0.0053,-0.0000
74.172,-0.0014,0.0005,-0.0002,-0.0000,0.0027,0.0047,-0.0000
74.184,-0.0012,0.0004,-0.0002,-0.0000,0.0024,0.0041,-0.0000
74.196,-0.0011,0.0004,-0.0002,-0.0000,0.0021,0.0036,-0.0000
74.208,-0.0010,0.0003,-0.0001,-0.0000,0.0019,0.0032,-0.0000
74.220,-0.0008,0.0003,-0.0001,-0.0000,0.0016,0.0028,-0.0000
74.232,-0.0007,0.0003,-0.0001,-0.0000,0.0014,0.0025,-0.0000
74.244,-0.0007,0.0002,-0.0001,-0.0000,0.0013,0.0022,-0.0000
74.256,-0.0006,0.0002,-0.0001,-0.0000,0.0011,0.0019,0.0000
74.268,-0.0005,0.0002,-0.0001,-0.0000,0.0010,0.0017,0.0000
74.280,-0.0004,0.0002,-0.0001,-0.0000,0.0009,0.0015,0.0000
74.292,-0.0004,0.0001,-0.0001,-0.0000,0.0008,0.0013,0.0000
74.304,-0.0003,0.0001,-0.0001,-0.0000,0.0007,0.0012,0.0000
74.316,-0.0003,0.0001,-0.0000,-0.0000,0.0006,0.0010,0.0000
74.328,-0.0003,0.0001,-0.0000,-0.0000,0.0005,0.0009,0.0000
74.340,-0.0002,0.0001,-0.0000,-0.0000,0.0005,0.0008,0.0000
74.352,-0.0002,0.0001,-0.0000,-0.0000,0.0004,0.0007,0.0000
74.364,-0.0002,0.0001,-0.0000,-0.0000,0.0004,0.0006,0.0000
74.376,-0.0002,0.0001,-0.0000,-0.0000,0.0003,0.0005,0.0000
74.388,-0.0001,0.0001,-0.0000,-0.0000,0.0003,0.0005,0.0000
74.400,-0.0001,0.0000,-0.0000,-0.0000,0.0002,0.0004,0.0000
74.412,-0.0001,0.0000,-0.0000,-0.0000,0.0002,0.0004,0.0000
74.424,-0.0001,0.0000,-0.0000,-0.0000,0.0002,0.0003,0.0000
74.436,-0.0001,0.0000,-0.0000,-0.0000,0.0002,0.0003,0.0000
74.448,-0.0001,0.0000,-0.0000,-0.0000,0.0001,0.0002,0.0000
74.460,-0.0001,0.0000,-0.0000,-0.0000,0.0001,0.0002,0.0000
74.472,-0.0001,0.0000,-0.0000,-0.0000,0.0001,0.0002,0.0000
74.484,-0.0001,0.0000,-0.0000,-0.0000,0.0001,0.0002,0.0000
74.496,-0.0000,0.0000,-0.0000,-0.0000,0.0001,0.0001,0.0000
74.508,-0.0000,0.0000,-0.0000,-0.0000,0.0001,0.0001,0.0000
74.520,-0.0000,0.0000,-0.0000,-0.0000,0.0001,0.0001,0.0000
74.532,-0.0000,0.0000,-0.0000,-0.0000,0.0001,0.0001,0.0000
74.544,-0.0000,0.0000,-0.0000,-0.0000,0.0001,0.0001,0.0000
74.556,-0.0000,0.0000,-0.0000,-0.0000,0.0000,0.0001,0.0000
74.568,-0.0000,0.0000,-0.0000,-0.0000,0.0000,0.0001,0.0000
74.580,-0.0000,0.0000,-0.0000,-0.0000,0.0000,0.0001,0.0000
74.592,-0.0000,0.0000,-0.0000,-0.0000,0.0000,0.0001,0.0000
74.604,-0.0000,0.0000,-0.0000,-0.0000,0.0000,0.0000,0.0000
74.616,-0.0000,0.0000,-0.0000,-0.0000,0.0000,0.0000,0.0000
74.628,-0.0000,0.0000,-0.0000,-0.0000,0.0000,0.0000,0.0000
74.640,-0.0000,0.0000,-0.0000,-0.0000,0.0000,0.0000,0.0000
74.652,-0.0000,0.0000,-0.0000,-0.0000,0.0000,0.0000,0.0000
74.664,-0.0000,0.0000,-0.0000,-0.0000,0.0000,0.0000,0.0000
74.676,-0.0000,0.0000,-0.0000,-0.0000,0.0000,0.0000,0.0000
74.688,-0.0000,0.0000,-0.0000,-0.0000,0.0000,0.0000,0.0000
74.700,-0.0000,0.0000,-0.0000,-0.0000,0.0000,0.0000,0.0000
74.712,-0.0000,0.0000,-0.0000,-0.0000,0.0000,0.0000,0.0000
74.724,-0.0000,0.0000,-0.0000,-0.0000,0.0000,0.0000,0.0000
74.736,-0.0000,0.0000,-0.0000,-0.0000,0.0000,0.0000,0.0000
74.748,-0.0000,0.0000,-0.0000,-0.0000,0.0000,0.0000,0.0000
74.760,-0.0000,0.0000,-0.0000,-0.0000,0.0000,0.0000,0.0000
74.772,-0.0000,0.0000,-0.0000,-0.0000,0.0000,0.0000,0.0000
74.784,-0.0000,0.0000,-0.0000,-0.0000,0.0000,0.0000,0.0000
74.796,-0.0000,0.0000,-0.0000,-0.0000,0.0000,0.0000,0.0000
74.808,-0.0000,0.0000,-0.0000,-0.0000,0.0000,0.0000,0.0000
74.820,-0.0000,0.0000,-0.0000,-0.0000,0.0000,0.0000,0.0000
74.832,-0.0000,0.0000,-0.0000,-0.0000,0.0000,0.0000,0.0000
74.844,-0.0000,0.0000,-0.0000,-0.0000,0.0000,0.0000,0.0000
74.856,-0.0000,0.0000,-0.0000,-0.0000,0.0000,0.0000,0.0000
74.868,-0.0000,0.0000,-0.0000,-0.0000,0.0000,0.0000,0.0000
74.880,-0.0000,0.0000,-0.0000,-0.0000,0.0000,0.0000,0.0000
74.892,-0.0000,0.0000,-0.0000,-0.0000,0.0000,0.0000,0.0000
74.904,-0.0000,0.0000,-0.0000,-0.0000,0.0000,0.0000,0.0000
74.916,-0.0000,0.0000,-0.0000,-0.0000,0.0000,0.0000,0.0000
74.928,-0.0000,0.0000,-0.0000,-0.0000,0.0000,0.0000,0.0000
74.940,-0.0000,0.0000,-0.0000,-0.0000,0.0000,0.0000,0.0000
74.952,-0.0000,0.0000,-0.0000,-0.0000,0.0000,0.0000,0.0000
74.964,-0.0000,0.0000,-0.0000,-0.0000,0.0000,0.0000,0.0000
74.976,-0.0000,0.0000,-0.0000,-0.0000,0.0000,0.0000,0.0000
74.988,-0.0000,0.0000,-0.0000,-0.0000,0.0000,0.0000,0.0000
75.000,-0.0000,0.0000,-0.0000,-0.0000,0.0000,0.0000,0.0000
75.012,-0.0000,0.0000,-0.0000,-0.0000,0.0000,0.0000,0.0000
75.024,-0.0000,0.0000,-0.0000,-0.0000,0.0000,0.0000,0.0000
75.036,-0.0000,0.0000,-0.0000,-0.0000,0.0000,0.0000,0.0000
75.048,-0.0000,0.0000,-0.0000,-0.0000,0.0000,0.0000,0.0000
75.060,-0.0000,0.0000,-0.0000,-0.0000,0.0000,0.0000,0.0000
75.072,-0.0000,0.0000,-0.0000,-0.0000,0.0000,0.0000,0.0000
75.084,-0.0000,0.0000,-0.0000,-0.0000,0.0000,0.0000,0.0000
75.096,-0.0000,0.0000,-0.0000,-0.0000,0.0000,0.0000,0.0000
75.108,-0.0000,0.0000,-0.0000,-0.0000,0.0000,0.0000,0.0000
75.120,-0.0000,0.0000,-0.0000,-0.0000,0.0000,0.0000,0.0000
75.132,-0.0000,0.0000,-0.0000,-0.0000,0.0000,0.0000,0.0000
75.144,-0.0000,0.0000,-0.0000,-0.0000,0.0000,0.0000,0.0000
75.156,-0.0000,0.0000,-0.0000,-0.0000,0.0000,0.0000,0.0000
75.168,-0.0000,0.0000,-0.0000,-0.0000,0.0000,0.0000,0.0000
75.180,-0.0000,0.0000,-0.0000,-0.0000,0.0000,0.0000,0.0000
75.192,-0.0000,0.0000,-0.0000,-0.0000,0.0000,0.0000,0.0000
75.204,-0.0000,0.0000,-0.0000,-0.0000,0.0000,0.0000,0.0000
75.216,-0.0000,0.0000,-0.0000,-0.0000,0.0000,0.0000,0.0000
75.228,-0.0000,0.0000,-0.0000,-0.0000,0.0000,0.0000,0.0000
75.240,-0.0000,0.0000,-0.0000,-0.0000,0.0000,0.0000,0.0000
75.252,-0.0000,0.0000,-0.0000,-0.0000,0.0000,0.0000,0.0000
75.264,-0.0000,0.0000,-0.0000,-0.0000,0.0000,0.0000,0.0000
75.276,-0.0000,0.0000,-0.0000,-0.0000,0.0000,0.0000,0.0000
75.288,-0.0000,0.0000,-0.0000,-0.0000,0.0000,0.0000,0.0000
75.300,-0.0000,0.0000,-0.0000,-0.0000,0.0000,0.0000,0.0000
75.312,-0.0000,0.0000,-0.0000,-0.0000,0.0000,0.0000,0.0000
75.324,-0.0000,0.0000,-0.0000,-0.0000,0.0000,0.0000,0.0000
75.336,-0.0000,0.0000,-0.0000,-0.0000,0.0000,0.0000,0.0000
75.348,-0.0000,0.0000,-0.0000,-0.0000,0.0000,0.0000,0.0000
75.360,-0.0000,0.0000,-0.0000,-0.0000,0.0000,0.0000,0.0000
75.372,-0.0000,0.0000,-0.0000,-0.0000,0.0000,0.0000,0.0000
75.384,-0.0000,0.0000,-0.0000,-0.0000,0.0000,0.0000,0.0000
75.396,-0.0000,0.0000,-0.0000,-0.0000,0.0000,0.0000,0.0000
75.408,-0.0000,0.0000,-0.0000,-0.0000,0.0000,0.0000,0.0000
75.420,-0.0000,0.0000,-0.0000,-0.0000,0.0000,0.0000,0.0000
75.432,-0.0000,0.0000,-0.0000,-0.0000,0.0000,0.0000,0.0000
75.444,-0.0000,0.0000,-0.0000,-0.0000,0.0000,0.0000,0.0000
75.456,-0.0000,0.0000,-0.0000,-0.0000,0.0000,0.0000,0.0000
75.468,-0.0000,0.0000,-0.0000,-0.0000,0.0000,0.0000,0.0000
75.480,-0.0000,0.0000,-0.0000,-0.0000,0.0000,0.0000,0.0000
75.492,-0.0000,0.0000,-0.0000,-0.0000,0.0000,0.0000,0.0000
75.504,-0.0000,0.0000,-0.0000,-0.0000,0.0000,0.0000,0.0000
75.516,-0.0000,0.0000,-0.0000,-0.0000,0.0000,0.0000,0.0000
75.528,-0.0000,0.0000,-0.0000,-0.0000,0.0000,0.0000,0.0000
75.540,-0.0000,0.0000,-0.0000,-0.0000,0.0000,0.0000,0.0000
75.552,-0.0000,0.0000,-0.0000,-0.0000,0.0000,0.0000,0.0000
75.564,-0.0000,0.0000,-0.0000,-0.0000,0.0000,0.0000,0.0000
75.576,-0.0000,0.0000,-0.0000,-0.0000,0.0000,0.0000,0.0000
75.588,-0.0000,0.0000,-0.0000,-0.0000,0.0000,0.0000,0.0000
75.600,-0.0000,0.0000,-0.0000,-0.0000,0.0000,0.0000,0.0000
75.612,-0.0000,0.0000,-0.0000,-0.0000,0.0000,0.0000,0.0000
75.624,-0.0000,0.0000,-0.0000,-0.0000,0.0000,0.0000,0.0000
75.636,-0.0000,0.0000,-0.0000,-0.0000,0.0000,0.0000,0.0000
75.648,-0.0000,0.0000,-0.0000,-0.0000,0.0000,0.0000,0.0000
75.660,-0.0000,0.0000,-0.0000,-0.0000,0.0000,0.0000,0.0000
75.672,-0.0000,0.0000,-0.0000,-0.0000,0.0000,0.0000,0.0000
75.684,-0.0000,0.0000,-0.0000,-0.0000,0.0000,0.0000,0.0000
75.696,-0.0000,0.0000,-0.0000,-0.0000,0.0000,0.0000,0.0000
75.708,-0.0000,0.0000,-0.0000,-0.0000,0.0000,0.0000,0.0000
75.720,-0.0000,0.0000,-0.0000,-0.0000,0.0000,0.0000,0.0000
75.732,-0.0000,0.0000,-0.0000,-0.0000,0.0000,0.0000,0.0000
75.744,-0.0000,0.0000,-0.0000,-0.0000,0.0000,0.0000,0.0000
75.756,-0.0000,0.0000,-0.0000,-0.0000,0.0000,0.0000,0.0000
75.768,-0.0000,0.0000,-0.0000,-0.0000,0.0000,0.0000,0.0000
75.780,-0.0000,0.0000,-0.0000,-0.0000,0.0000,0.0000,0.0000
75.792,-0.0000,0.0000,-0.0000,-0.0000,0.0000,0.0000,0.0000
75.804,-0.0000,0.0000,-0.0000,-0.0000,0.0000,0.0000,0.0000
75.816,-0.0000,0.0000,-0.0000,-0.0000,0.0000,0.0000,0.0000
75.828,-0.0000,0.0000,-0.0000,-0.0000,0.0000,0.0000,0.0000
75.840,-0.0000,0.0000,-0.0000,-0.0000,0.0000,0.0000,0.0000
75.852,-0.0000,0.0000,-0.0000,-0.0000,0.0000,0.0000,0.0000
75.864,-0.0000,0.0000,-0.0000,-0.0000,0.0000,0.0000,0.0000
75.876,-0.0000,0.0000,-0.0000,-0.0000,0.0000,0.0000,0.0000
75.888,-0.0000,0.0000,-0.0000,-0.0000,0.0000,0.0000,0.0000
75.900,-0.0000,0.0000,-0.0000,-0.0000,0.0000,0.0000,0.0000
75.912,-0.0000,0.0000,-0.0000,-0.0000,0.0000,0.0000,0.0000
75.924,-0.0000,0.0000,-0.0000,-0.0000,0.0000,0.0000,0.0000
75.936,-0.0000,0.0000,-0.0000,-0.0000,0.0000,0.0000,0.0000
75.948,-0.0000,0.0000,-0.0000,-0.0000,0.0000,0.0000,0.0000
75.960,-0.0000,0.0000,-0.0000,-0.0000,0.0000,0.0000,0.0000
75.972,-0.0000,0.0000,-0.0000,-0.0000,0.0000,0.0000,0.0000
75.984,-0.0000,0.0000,-0.0000,-0.0000,0.0000,0.0000,0.0000
75.996,-0.0000,0.0000,-0.0000,-0.0000,0.0000,0.0000,0.0000
76.008,-0.0000,0.0000,-0.0000,-0.0000,0.0000,0.0000,0.0000
76.020,-0.0000,0.0000,-0.0000,-0.0000,0.0000,0.0000,0.0000
76.032,-0.0000,0.0000,-0.0000,-0.0000,0.0000,0.0000,0.0000
76.044,-0.0000,0.0000,-0.0000,-0.0000,0.0000,0.0000,0.0000
76.056,-0.0000,0.0000,-0.0000,-0.0000,0.0000,0.0000,0.0000
76.068,-0.0000,0.0000,-0.0000,-0.0000,0.0000,0.0000,0.0000
76.080,-0.0000,0.0000,-0.0000,-0.0000,0.0000,0.0000,0.0000
76.092,-0.0000,0.0000,-0.0000,-0.0000,0.0000,0.0000,0.0000
76.104,-0.0000,0.0000,-0.0000,-0.0000,0.0000,0.0000,0.0000
76.116,-0.0000,0.0000,-0.0000,-0.0000,0.0000,0.0000,0.0000
76.128,-0.0000,0.0000,-0.0000,-0.0000,0.0000,0.0000,0.0000
76.140,-0.0000,0.0000,-0.0000,-0.0000,0.0000,0.0000,0.0000
76.152,-0.0000,0.0000,-0.0000,-0.0000,0.0000,0.0000,0.0000
76.164,-0.0000,0.0000,-0.0000,-0.0000,0.0000,0.0000,0.0000
76.176,-0.0000,0.0000,-0.0000,-0.0000,0.0000,0.0000,0.0000
76.188,-0.0000,0.0000,-0.0000,-0.0000,0.0000,0.0000,0.0000
76.200,-0.0000,0.0000,-0.0000,-0.0000,0.0000,0.0000,0.0000
76.212,-0.0000,0.0000,-0.0000,-0.0000,0.0000,0.0000,0.0000
76.224,-0.0000,0.0000,-0.0000,-0.0000,0.0000,0.0000,0.0000
76.236,-0.0000,0.0000,-0.0000,-0.0000,0.0000,0.0000,0.0000
76.248,-0.0000,0.0000,-0.0000,-0.0000,0.0000,0.0000,0.0000
76.260,-0.0000,0.0000,-0.0000,-0.0000,0.0000,0.0000,0.0000
76.272,-0.0000,0.0000,-0.0000,-0.0000,0.0000,0.0000,0.0000
76.284,-0.0000,0.0000,-0.0000,-0.0000,0.0000,0.0000,0.0000
76.296,-0.0000,0.0000,-0.0000,-0.0000,0.0000,0.0000,0.0000
76.308,-0.0000,0.0000,-0.0000,-0.0000,0.0000,0.0000,0.0000
76.320,-0.0000,0.0000,-0.0000,-0.0000,0.0000,0.0000,0.0000
76.332,-0.0000,0.0000,-0.0000,-0.0000,0.0000,0.0000,0.0000
76.344,-0.0000,0.0000,-0.0000,-0.0000,0.0000,0.0000,0.0000
76.356,-0.0000,0.0000,-0.0000,-0.0000,0.0000,0.0000,0.0000
76.368,-0.0000,0.0000,-0.0000,-0.0000,0.0000,0.0000,0.0000
76.380,-0.0000,0.0000,-0.0000,-0.0000,0.0000,0.0000,0.0000
76.392,-0.0000,0.0000,-0.0000,-0.0000,0.0000,0.0000,0.0000
76.404,-0.0000,0.0000,-0.0000,-0.0000,0.0000,0.0000,0.0000
76.416,-0.0000,0.0000,-0.0000,-0.0000,0.0000,0.0000,0.0000
76.428,-0.0000,0.0000,-0.0000,-0.0000,0.0000,0.0000,0.0000
76.440,-0.0000,0.0000,-0.0000,-0.0000,0.0000,0.0000,0.0000
76.452,-0.0000,0.0000,-0.0000,-0.0000,0.0000,0.0000,0.0000
76.464,-0.0000,0.0000,-0.0000,-0.0000,0.0000,0.0000,0.0000
76.476,-0.0000,0.0000,-0.0000,-0.0000,0.0000,0.0000,0.0000
76.488,-0.0000,0.0000,-0.0000,-0.0000,0.0000,0.0000,0.0000
76.500,-0.0000,0.0000,-0.0000,-0.0000,0.0000,0.0000,0.0000
76.512,-0.0000,0.0000,-0.0000,-0.0000,0.0000,0.0000,0.0000
76.524,-0.0000,0.0000,-0.0000,-0.0000,0.0000,0.0000,0.0000
76.536,-0.0000,0.0000,-0.0000,-0.0000,0.0000,0.0000,0.0000
76.548,-0.0000,0.0000,-0.0000,-0.0000,0.0000,0.0000,0.0000
76.560,-0.0000,0.0000,-0.0000,-0.0000,0.0000,0.0000,0.0000
76.572,-0.0000,0.0000,-0.0000,-0.0000,0.0000,0.0000,0.0000
76.584,-0.0000,0.0000,-0.0000,-0.0000,0.0000,0.0000,0.0000
76.596,-0.0000,0.0000,-0.0000,-0.0000,0.0000,0.0000,0.0000
76.608,-0.0000,0.0000,-0.0000,-0.0000,0.0000,0.0000,0.0000
76.620,-0.0000,0.0000,-0.0000,-0.0000,0.0000,0.0000,0.0000
76.632,-0.0000,0.0000,-0.0000,-0.0000,0.0000,0.0000,0.0000
76.644,-0.0000,0.0000,-0.0000,-0.0000,0.0000,0.0000,0.0000
76.656,-0.0000,0.0000,-0.0000,-0.0000,0.0000,0.0000,0.0000
76.668,-0.0000,0.0000,-0.0000,-0.0000,0.0000,0.0000,0.0000
76.680,-0.0000,0.0000,-0.0000,-0.0000,0.0000,0.0000,0.0000
76.692,-0.0000,0.0000,-0.0000,-0.0000,0.0000,0.0000,0.0000
76.704,-0.0000,0.0000,-0.0000,-0.0000,0.0000,0.0000,0.0000
76.716,-0.0000,0.0000,-0.0000,-0.0000,0.0000,0.0000,0.0000
76.728,-0.0000,0.0000,-0.0000,-0.0000,0.0000,0.0000,0.0000
76.740,-0.0000,0.0000,-0.0000,-0.0000,0.0000,0.0000,0.0000
76.752,-0.0000,0.0000,-0.0000,-0.0000,0.0000,0.0000,0.0000
76.764,-0.0000,0.0000,-0.0000,-0.0000,0.0000,0.0000,0.0000
76.776,-0.0000,0.0000,-0.0000,-0.0000,0.0000,0.0000,0.0000
76.788,-0.0000,0.0000,-0.0000,-0.0000,0.0000,0.0000,0.0000
76.800,-0.0000,0.0000,-0.0000,-0.0000,0.0000,0.0000,0.0000
76.812,-0.0000,0.0000,-0.0000,-0.0000,0.0000,0.0000,0.0000
76.824,-0.0000,0.0000,-0.0000,-0.0000,0.0000,0.0000,0.0000
76.836,-0.0000,0.0000,-0.0000,-0.0000,0.0000,0.0000,0.0000
76.848,-0.0000,0.0000,-0.0000,-0.0000,0.0000,0.0000,0.0000
76.860,-0.0000,0.0000,-0.0000,-0.0000,0.0000,0.0000,0.0000
76.872,-0.0000,0.0000,-0.0000,-0.0000,0.0000,0.0000,0.0000
76.884,-0.0000,0.0000,-0.0000,-0.0000,0.0000,0.0000,0.0000
76.896,-0.0000,0.0000,-0.0000,-0.0000,0.0000,0.0000,0.0000
76.908,-0.0000,0.0000,-0.0000,-0.0000,0.0000,0.0000,0.0000
76.920,-0.0000,0.0000,-0.0000,-0.0000,0.0000,0.0000,0.0000
76.932,-0.0000,0.0000,-0.0000,-0.0000,0.0000,0.0000,0.0000
76.944,-0.0000,0.0000,-0.0000,-0.0000,0.0000,0.0000,0.0000
76.956,-0.0000,0.0000,-0.0000,-0.0000,0.0000,0.0000,0.0000
76.968,-0.0000,0.0000,-0.0000,-0.0000,0.0000,0.0000,0.0000
76.980,-0.0000,0.0000,-0.0000,-0.0000,0.0000,0.0000,0.0000
76.992,-0.0000,0.0000,-0.0000,-0.0000,0.0000,0.0000,0.0000
77.004,-0.0000,0.0000,-0.0000,-0.0000,0.0000,0.0000,0.0000
77.016,-0.0000,0.0000,-0.0000,-0.0000,0.0000,0.0000,0.0000
77.028,-0.0000,0.0000,-0.0000,-0.0000,0.0000,0.0000,0.0000
77.040,-0.0000,0.0000,-0.0000,-0.0000,0.0000,0.0000,0.0000
77.052,-0.0000,0.0000,-0.0000,-0.0000,0.0000,0.0000,0.0000
77.064,-0.0000,0.0000,-0.0000,-0.0000,0.0000,0.0000,0.0000
77.076,-0.0000,0.0000,-0.0000,-0.0000,0.0000,0.0000,0.0000
77.088,-0.0000,0.0000,-0.0000,-0.0000,0.0000,0.0000,0.0000
77.100,-0.0000,0.0000,-0.0000,-0.0000,0.0000,0.0000,0.0000
77.112,-0.0000,0.0000,-0.0000,-0.0000,0.0000,0.0000,0.0000
77.124,-0.0000,0.0000,-0.0000,-0.0000,0.0000,0.0000,0.0000
77.136,-0.0000,0.0000,-0.0000,-0.0000,0.0000,0.0000,0.0000
77.148,-0.0000,0.0000,-0.0000,-0.0000,0.0000,0.0000,0.0000
77.160,-0.0000,0.0000,-0.0000,-0.0000,0.0000,0.0000,0.0000
77.172,-0.0000,0.0000,-0.0000,-0.0000,0.0000,0.0000,0.0000
77.184,-0.0000,0.0000,-0.0000,-0.0000,0.0000,0.0000,0.0000
77.196,-0.0000,0.0000,-0.0000,-0.0000,0.0000,0.0000,0.0000
77.208,-0.0000,0.0000,-0.0000,-0.0000,0.0000,0.0000,0.0000
77.220,-0.0000,0.0000,-0.0000,-0.0000,0.0000,0.0000,0.0000
77.232,-0.0000,0.0000,-0.0000,-0.0000,0.0000,0.0000,0.0000
77.244,-0.0000,0.0000,-0.0000,-0.0000,0.0000,0.0000,0.0000
77.256,-0.0000,0.0000,-0.0000,-0.0000,0.0000,0.0000,0.0000
77.268,-0.0000,0.0000,-0.0000,-0.0000,0.0000,0.0000,0.0000
77.280,-0.0000,0.0000,-0.0000,-0.0000,0.0000,0.0000,0.0000
77.292,-0.0000,0.0000,-0.0000,-0.0000,0.0000,0.0000,0.0000
77.304,-0.0000,0.0000,-0.0000,-0.0000,0.0000,0.0000,0.0000
77.316,-0.0000,0.0000,-0.0000,-0.0000,0.0000,0.0000,0.0000
77.328,-0.0000,0.0000,-0.0000,-0.0000,0.0000,0.0000,0.0000
77.340,-0.0000,0.0000,-0.0000,-0.0000,0.0000,0.0000,0.0000
77.352,-0.0000,0.0000,-0.0000,-0.0000,0.0000,0.0000,0.0000
77.364,-0.0000,0.0000,-0.0000,-0.0000,0.0000,0.0000,0.0000
77.376,-0.0000,0.0000,-0.0000,-0.0000,0.0000,0.0000,0.0000
77.388,-0.0000,0.0000,-0.0000,-0.0000,0.0000,0.0000,0.0000
77.400,-0.0000,0.0000,-0.0000,-0.0000,0.0000,0.0000,0.0000
77.412,-0.0000,0.0000,-0.0000,-0.0000,0.0000,0.0000,0.0000
77.424,-0.0000,0.0000,-0.0000,-0.0000,0.0000,0.0000,0.0000
77.436,-0.0000,0.0000,-0.0000,-0.0000,0.0000,0.0000,0.0000
77.448,-0.0000,0.0000,-0.0000,-0.0000,0.0000,0.0000,0.0000
77.460,-0.0000,0.0000,-0.0000,-0.0000,0.0000,0.0000,0.0000
77.472,-0.0000,0.0000,-0.0000,-0.0000,0.0000,0.0000,0.0000
77.484,-0.0000,0.0000,-0.0000,-0.0000,0.0000,0.0000,0.0000
77.496,-0.0000,0.0000,-0.0000,-0.0000,0.0000,0.0000,0.0000
77.508,-0.0000,0.0000,-0.0000,-0.0000,0.0000,0.0000,0.0000
77.520,-0.0000,0.0000,-0.0000,-0.0000,0.0000,0.0000,0.0000
77.532,-0.0000,0.0000,-0.0000,-0.0000,0.0000,0.0000,0.0000
77.544,-0.0000,0.0000,-0.0000,-0.0000,0.0000,0.0000,0.0000
77.556,-0.0000,0.0000,-0.0000,-0.0000,0.0000,0.0000,0.0000
77.568,-0.0000,0.0000,-0.0000,-0.0000,0.0000,0.0000,0.0000
77.580,-0.0000,0.0000,-0.0000,-0.0000,0.0000,0.0000,0.0000
77.592,-0.0000,0.0000,-0.0000,-0.0000,0.0000,0.0000,0.0000
77.604,-0.0000,0.0000,-0.0000,-0.0000,0.0000,0.0000,0.0000
77.616,-0.0000,0.0000,-0.0000,-0.0000,0.0000,0.0000,0.0000
77.628,-0.0000,0.0000,-0.0000,-0.0000,0.0000,0.0000,0.0000
77.640,-0.0000,0.0000,-0.0000,-0.0000,0.0000,0.0000,0.0000
77.652,-0.0000,0.0000,-0.0000,-0.0000,0.0000,0.0000,0.0000
77.664,-0.0000,0.0000,-0.0000,-0.0000,0.0000,0.0000,0.0000
77.676,-0.0000,0.0000,-0.0000,-0.0000,0.0000,0.0000,0.0000
77.688,-0.0000,0.0000,-0.0000,-0.0000,0.0000,0.0000,0.0000
77.700,-0.0000,0.0000,-0.0000,-0.0000,0.0000,0.0000,0.0000
77.712,-0.0000,0.0000,-0.0000,-0.0000,0.0000,0.0000,0.0000
77.724,-0.0000,0.0000,0.0000,-0.0000,0.0000,0.0000,0.0000
77.736,-0.0000,0.0000,0.0000,-0.0000,0.0000,0.0000,0.0000
77.748,-0.0000,0.0000,0.0000,-0.0000,0.0000,0.0000,0.0000
77.760,-0.0000,0.0000,0.0000,-0.0000,0.0000,0.0000,0.0000
77.772,-0.0000,0.0000,0.0000,-0.0000,0.0000,0.0000,0.0000
77.784,-0.0000,0.0000,0.0000,-0.0000,0.0000,0.0000,0.0000
77.796,-0.0000,0.0000,0.0000,-0.0000,0.0000,0.0000,0.0000
77.808,-0.0000,0.0000,0.0000,-0.0000,0.0000,0.0000,0.0000
77.820,-0.0000,0.0000,0.0000,-0.0000,0.0000,0.0000,0.0000
77.832,-0.0000,0.0000,0.0000,-0.0000,0.0000,0.0000,0.0000
77.844,-0.0000,0.0000,0.0000,-0.0000,0.0000,0.0000,0.0000
77.856,-0.0000,0.0000,0.0000,-0.0000,0.0000,0.0000,0.0000
77.868,-0.0000,0.0000,0.0000,-0.0000,0.0000,0.0000,0.0000
77.880,-0.0000,0.0000,0.0000,-0.0000,0.0000,0.0000,0.0000
77.892,-0.0000,0.0000,0.0000,-0.0000,0.0000,0.0000,0.0000
77.904,-0.0000,0.0000,0.0000,-0.0000,0.0000,0.0000,0.0000
77.916,-0.0000,0.0000,0.0000,-0.0000,0.0000,0.0000,0.0000
77.928,-0.0000,0.0000,0.0000,-0.0000,0.0000,0.0000,0.0000
77.940,-0.0000,0.0000,0.0000,-0.0000,0.0000,0.0000,0.0000
77.952,-0.0000,0.0000,0.0000,-0.0000,0.0000,0.0000,0.0000
77.964,-0.0000,0.0000,0.0000,-0.0000,0.0000,0.0000,0.0000
77.976,-0.0000,0.0000,0.0000,-0.0000,0.0000,0.0000,0.0000
77.988,-0.0000,0.0000,0.0000,-0.0000,0.0000,0.0000,0.0000
78.000,-0.0000,0.0000,0.0000,-0.0000,0.0000,0.0000,0.0000
78.012,-0.0000,0.0000,0.0000,-0.0000,0.0000,0.0000,0.0000
78.024,-0.0000,0.0000,0.0000,-0.0000,0.0000,0.0000,0.0000
78.036,-0.0000,0.0000,0.0000,-0.0000,0.0000,0.0000,0.0000
78.048,-0.0000,0.0000,0.0000,-0.0000,0.0000,0.0000,0.0000
78.060,-0.0000,0.0000,0.0000,-0.0000,0.0000,0.0000,0.0000
78.072,-0.0000,0.0000,0.0000,-0.0000,0.0000,0.0000,0.0000
78.084,-0.0000,0.0000,0.0000,-0.0000,0.0000,0.0000,0.0000
78.096,-0.0000,0.0000,0.0000,-0.0000,0.0000,0.0000,0.0000
78.108,-0.0000,0.0000,0.0000,-0.0000,0.0000,0.0000,0.0000
78.120,-0.0000,0.0000,0.0000,-0.0000,0.0000,0.0000,0.0000
78.132,-0.0000,0.0000,0.0000,-0.0000,0.0000,0.0000,0.0000
78.144,-0.0000,0.0000,0.0000,-0.0000,0.0000,0.0000,0.0000
78.156,-0.0000,0.0000,0.0000,-0.0000,0.0000,0.0000,0.0000
78.168,-0.0000,0.0000,0.0000,-0.0000,0.0000,0.0000,0.0000
78.180,-0.0000,0.0000,0.0000,-0.0000,0.0000,0.0000,0.0000
78.192,-0.0000,0.0000,0.0000,-0.0000,0.0000,0.0000,0.0000
78.204,-0.0000,0.0000,0.0000,-0.0000,0.0000,0.0000,0.0000
78.216,-0.0000,0.0000,0.0000,-0.0000,0.0000,0.0000,0.0000
78.228,-0.0000,0.0000,0.0000,-0.0000,0.0000,0.0000,0.0000
78.240,-0.0000,0.0000,0.0000,-0.0000,0.0000,0.0000,0.0000
78.252,-0.0000,0.0000,0.0000,-0.0000,0.0000,0.0000,0.0000
78.264,-0.0000,0.0000,0.0000,-0.0000,0.0000,0.0000,0.0000
78.276,-0.0000,0.0000,0.0000,-0.0000,0.0000,0.0000,0.0000
78.288,-0.0000,0.0000,0.0000,-0.0000,0.0000,0.0000,0.0000
78.300,-0.0000,0.0000,0.0000,-0.0000,0.0000,0.0000,0.0000
78.312,-0.0000,0.0000,0.0000,-0.0000,0.0000,0.0000,0.0000
78.324,-0.0000,0.0000,0.0000,-0.0000,0.0000,0.0000,0.0000
78.336,-0.0000,0.0000,0.0000,-0.0000,0.0000,0.0000,0.0000
78.348,-0.0000,0.0000,0.0000,-0.0000,0.0000,0.0000,0.0000
78.360,-0.0000,0.0000,0.0000,-0.0000,0.0000,0.0000,0.0000
78.372,-0.0000,0.0000,0.0000,-0.0000,0.0000,0.0000,0.0000
78.384,-0.0000,0.0000,0.0000,-0.0000,0.0000,0.0000,0.0000
78.396,-0.0000,0.0000,0.0000,-0.0000,0.0000,0.0000,0.0000
78.408,-0.0000,0.0000,0.0000,-0.0000,0.0000,0.0000,0.0000
78.420,-0.0000,0.0000,0.0000,-0.0000,0.0000,0.0000,0.0000
78.432,-0.0000,0.0000,0.0000,-0.0000,0.0000,0.0000,0.0000
78.444,-0.0000,0.0000,0.0000,-0.0000,0.0000,0.0000,0.0000
78.456,-0.0000,0.0000,0.0000,-0.0000,0.0000,0.0000,0.0000
78.468,-0.0000,0.0000,0.0000,-0.0000,0.0000,0.0000,0.0000
78.480,-0.0000,0.0000,0.0000,-0.0000,0.0000,0.0000,0.0000
78.492,-0.0000,0.0000,0.0000,-0.0000,0.0000,0.0000,0.0000
78.504,-0.0000,0.0000,0.0000,-0.0000,0.0000,0.0000,0.0000
78.516,-0.0000,0.0000,0.0000,-0.0000,0.0000,0.0000,0.0000
78.528,-0.0000,0.0000,0.0000,-0.0000,0.0000,0.0000,0.0000
78.540,-0.0000,0.0000,0.0000,-0.0000,0.0000,0.0000,0.0000
78.552,0.0005,0.0002,-0.0001,-0.0000,0.0008,0.0014,0.0000
78.564,0.0013,0.0004,-0.0002,-0.0000,0.0024,0.0039,-0.0000
78.576,0.0025,0.0008,-0.0004,-0.0000,0.0046,0.0075,-0.0000
78.588,0.0040,0.0014,-0.0007,-0.0000,0.0073,0.0120,-0.0000
78.600,0.0058,0.0020,-0.0010,-0.0000,0.0106,0.0174,-0.0000
78.612,0.0078,0.0026,-0.0013,-0.0000,0.0143,0.0234,-0.0000
78.624,0.0100,0.0034,-0.0017,-0.0000,0.0184,0.0301,-0.0000
78.636,0.0124,0.0042,-0.0021,-0.0000,0.0228,0.0374,-0.0000
78.648,0.0150,0.0051,-0.0025,-0.0000,0.0275,0.0451,-0.0000
78.660,0.0177,0.0060,-0.0030,-0.0000,0.0325,0.0532,-0.0000
78.672,0.0206,0.0070,-0.0035,-0.0000,0.0377,0.0618,-0.0000
78.684,0.0235,0.0080,-0.0040,-0.0000,0.0431,0.0707,-0.0000
78.696,0.0266,0.0090,-0.0045,-0.0000,0.0486,0.0798,-0.0000
78.708,0.0297,0.0101,-0.0050,-0.0000,0.0544,0.0892,-0.0000
78.720,0.0329,0.0112,-0.0056,-0.0000,0.0603,0.0989,-0.0000
78.732,0.0362,0.0123,-0.0061,-0.0000,0.0663,0.1087,-0.0000
78.744,0.0396,0.0134,-0.0067,-0.0000,0.0724,0.1187,-0.0000
78.756,0.0430,0.0146,-0.0073,-0.0000,0.0786,0.1289,-0.0000
78.768,0.0464,0.0157,-0.0079,-0.0000,0.0849,0.1392,-0.0000
78.780,0.0499,0.0169,-0.0084,-0.0000,0.0912,0.1497,-0.0000
78.792,0.0534,0.0181,-0.0090,-0.0000,0.0976,0.1602,-0.0000
78.804,0.0569,0.0193,-0.0096,-0.0000,0.1041,0.1708,-0.0000
78.816,0.0605,0.0205,-0.0102,-0.0000,0.1107,0.1815,-0.0000
78.828,0.0641,0.0217,-0.0108,-0.0000,0.1172,0.1923,-0.0000
78.840,0.0677,0.0229,-0.0115,-0.0001,0.1238,0.2032,-0.0000
78.852,0.0713,0.0242,-0.0121,-0.0001,0.1305,0.2141,-0.0000
78.864,0.0750,0.0254,-0.0127,-0.0001,0.1372,0.2250,-0.0000
78.876,0.0786,0.0267,-0.0133,-0.0001,0.1439,0.2360,-0.0000
78.888,0.0823,0.0279,-0.0139,-0.0001,0.1506,0.2470,-0.0000
78.900,0.0860,0.0292,-0.0146,-0.0001,0.1573,0.2581,-0.0000
78.912,0.0897,0.0304,-0.0152,-0.0001,0.1641,0.2692,-0.0000
78.924,0.0934,0.0317,-0.0158,-0.0001,0.1709,0.2803,-0.0000
78.936,0.0971,0.0329,-0.0164,-0.0001,0.1776,0.2914,-0.0000
78.948,0.1008,0.0342,-0.0171,-0.0001,0.1844,0.3026,-0.0000
78.960,0.1045,0.0354,-0.0177,-0.0001,0.1913,0.3138,-0.0000
78.972,0.1083,0.0367,-0.0183,-0.0001,0.1981,0.3250,-0.0000
78.984,0.1120,0.0380,-0.0190,-0.0001,0.2049,0.3362,-0.0000
78.996,0.1157,0.0392,-0.0196,-0.0001,0.2118,0.3474,-0.0000
79.008,0.1195,0.0405,-0.0202,-0.0001,0.2186,0.3586,-0.0000
79.020,0.1232,0.0418,-0.0209,-0.0001,0.2255,0.3699,-0.0000
79.032,0.1270,0.0431,-0.0215,-0.0001,0.2323,0.3811,-0.0000
79.044,0.1307,0.0443,-0.0221,-0.0001,0.2392,0.3924,-0.0000
79.056,0.1345,0.0456,-0.0228,-0.0001,0.2460,0.4036,-0.0000
79.068,0.1382,0.0469,-0.0234,-0.0001,0.2529,0.4149,-0.0000
79.080,0.1420,0.0481,-0.0240,-0.0001,0.2598,0.4262,-0.0000
79.092,0.1457,0.0494,-0.0247,-0.0001,0.2666,0.4375,-0.0000
79.104,0.1495,0.0507,-0.0253,-0.0001,0.2735,0.4487,-0.0000
79.116,0.1533,0.0520,-0.0259,-0.0001,0.2804,0.4600,-0.0000
79.128,0.1570,0.0532,-0.0266,-0.0001,0.2873,0.4713,-0.0000
79.140,0.1608,0.0545,-0.0272,-0.0001,0.2942,0.4826,-0.0000
79.152,0.1645,0.0558,-0.0279,-0.0001,0.3010,0.4939,-0.0000
79.164,0.1683,0.0571,-0.0285,-0.0001,0.3079,0.5052,-0.0000
79.176,0.1721,0.0583,-0.0291,-0.0001,0.3148,0.5165,-0.0000
79.188,0.1758,0.0596,-0.0298,-0.0001,0.3217,0.5278,-0.0000
79.200,0.1796,0.0609,-0.0304,-0.0001,0.3286,0.5391,-0.0000
79.212,0.1834,0.0622,-0.0310,-0.0001,0.3355,0.5504,-0.0000
79.224,0.1871,0.0634,-0.0317,-0.0001,0.3424,0.5617,-0.0000
79.236,0.1909,0.0647,-0.0323,-0.0001,0.3492,0.5730,-0.0000
79.248,0.1947,0.0660,-0.0329,-0.0001,0.3561,0.5843,-0.0000
79.260,0.1984,0.0673,-0.0336,-0.0002,0.3630,0.5956,-0.0000
79.272,0.2022,0.0686,-0.0342,-0.0002,0.3699,0.6069,-0.0000
79.284,0.2060,0.0698,-0.0349,-0.0002,0.3768,0.6182,-0.0000
79.296,0.2097,0.0711,-0.0355,-0.0002,0.3837,0.6295,-0.0000
79.308,0.2135,0.0724,-0.0361,-0.0002,0.3906,0.6408,-0.0000
79.320,0.2173,0.0737,-0.0368,-0.0002,0.3975,0.6521,-0.0000
79.332,0.2210,0.0749,-0.0374,-0.0002,0.4044,0.6634,-0.0000
79.344,0.2248,0.0762,-0.0380,-0.0002,0.4113,0.6747,-0.0000
79.356,0.2286,0.0775,-0.0387,-0.0002,0.4181,0.6860,-0.0000
79.368,0.2323,0.0788,-0.0393,-0.0002,0.4250,0.6973,-0.0000
79.380,0.2361,0.0800,-0.0400,-0.0002,0.4319,0.7086,-0.0000
79.392,0.2399,0.0813,-0.0406,-0.0002,0.4388,0.7199,-0.0000
79.404,0.2436,0.0826,-0.0412,-0.0002,0.4457,0.7312,-0.0000
79.416,0.2474,0.0839,-0.0419,-0.0002,0.4526,0.7425,-0.0000
79.428,0.2512,0.0852,-0.0425,-0.0002,0.4595,0.7538,-0.0000
79.440,0.2549,0.0864,-0.0432,-0.0002,0.4664,0.7651,-0.0000
79.452,0.2587,0.0877,-0.0438,-0.0002,0.4733,0.7765,-0.0000
79.464,0.2625,0.0890,-0.0444,-0.0002,0.4802,0.7878,-0.0000
79.476,0.2662,0.0903,-0.0451,-0.0002,0.4871,0.7991,-0.0000
79.488,0.2700,0.0915,-0.0457,-0.0002,0.4940,0.8104,-0.0000
79.500,0.2738,0.0928,-0.0463,-0.0002,0.5008,0.8217,-0.0000
79.512,0.2775,0.0941,-0.0470,-0.0002,0.5077,0.8330,-0.0000
79.524,0.2813,0.0954,-0.0476,-0.0002,0.5146,0.8443,-0.0000
79.536,0.2851,0.0967,-0.0483,-0.0002,0.5215,0.8556,-0.0000
79.548,0.2888,0.0979,-0.0489,-0.0002,0.5284,0.8669,-0.0000
79.560,0.2926,0.0992,-0.0495,-0.0002,0.5353,0.8782,-0.0000
79.572,0.2964,0.1005,-0.0502,-0.0002,0.5422,0.8895,-0.0000
79.584,0.3001,0.1018,-0.0508,-0.0002,0.5491,0.9008,-0.0000
79.596,0.3039,0.1030,-0.0514,-0.0002,0.5560,0.9121,-0.0000
79.608,0.3077,0.1043,-0.0521,-0.0002,0.5629,0.9234,-0.0000
79.620,0.3114,0.1056,-0.0527,-0.0002,0.5698,0.9348,-0.0000
79.632,0.3152,0.1069,-0.0534,-0.0002,0.5767,0.9461,-0.0000
79.644,0.3190,0.1081,-0.0540,-0.0002,0.5836,0.9574,-0.0000
79.656,0.3227,0.1094,-0.0546,-0.0002,0.5904,0.9687,-0.0000
79.668,0.3265,0.1107,-0.0553,-0.0002,0.5973,0.9800,-0.0000
79.680,0.3303,0.1120,-0.0559,-0.0003,0.6042,0.9913,-0.0000
79.692,0.3340,0.1133,-0.0565,-0.0003,0.6111,1.0026,-0.0000
79.704,0.3378,0.1145,-0.0572,-0.0003,0.6180,1.0139,-0.0000
79.716,0.3416,0.1158,-0.0578,-0.0003,0.6249,1.0252,-0.0000
79.728,0.3453,0.1171,-0.0585,-0.0003,0.6318,1.0365,-0.0000
79.740,0.3491,0.1184,-0.0591,-0.0003,0.6387,1.0478,-0.0000
79.752,0.3529,0.1196,-0.0597,-0.0003,0.6456,1.0591,-0.0000
79.764,0.3566,0.1209,-0.0604,-0.0003,0.6525,1.0704,-0.0000
79.776,0.3604,0.1222,-0.0610,-0.0003,0.6594,1.0818,-0.0000
79.788,0.3642,0.1235,-0.0616,-0.0003,0.6663,1.0931,-0.0000
79.800,0.3679,0.1248,-0.0623,-0.0003,0.6731,1.1044,-0.0000
79.812,0.3717,0.1260,-0.0629,-0.0003,0.6800,1.1157,-0.0000
79.824,0.3755,0.1273,-0.0636,-0.0003,0.6869,1.1270,-0.0000
79.836,0.3792,0.1286,-0.0642,-0.0003,0.6938,1.1383,-0.0000
79.848,0.3830,0.1299,-0.0648,-0.0003,0.7007,1.1496,-0.0000
79.860,0.3868,0.1311,-0.0655,-0.0003,0.7076,1.1609,-0.0000
79.872,0.3905,0.1324,-0.0661,-0.0003,0.7145,1.1722,-0.0000
79.884,0.3943,0.1337,-0.0667,-0.0003,0.7214,1.1835,-0.0000
79.896,0.3981,0.1350,-0.0674,-0.0003,0.7283,1.1948,-0.0000
79.908,0.4018,0.1362,-0.0680,-0.0003,0.7352,1.2061,-0.0000
79.920,0.4056,0.1375,-0.0687,-0.0003,0.7421,1.2174,-0.0000
79.932,0.4094,0.1388,-0.0693,-0.0003,0.7490,1.2288,-0.0000
79.944,0.4131,0.1401,-0.0699,-0.0003,0.7559,1.2401,-0.0000
79.956,0.4169,0.1414,-0.0706,-0.0003,0.7628,1.2514,-0.0000
79.968,0.4207,0.1426,-0.0712,-0.0003,0.7696,1.2627,-0.0000
79.980,0.4245,0.1439,-0.0718,-0.0003,0.7765,1.2740,-0.0000
79.992,0.4282,0.1452,-0.0725,-0.0003,0.7834,1.2853,-0.0000
80.004,0.4320,0.1465,-0.0731,-0.0003,0.7903,1.2966,-0.0000
80.016,0.4358,0.1477,-0.0738,-0.0003,0.7972,1.3079,-0.0000
80.028,0.4395,0.1490,-0.0744,-0.0003,0.8041,1.3192,-0.0000
80.040,0.4433,0.1503,-0.0750,-0.0003,0.8110,1.3305,-0.0000
80.052,0.4471,0.1516,-0.0757,-0.0003,0.8179,1.3418,-0.0000
80.064,0.4508,0.1529,-0.0763,-0.0003,0.8248,1.3531,-0.0000
80.076,0.4546,0.1541,-0.0769,-0.0003,0.8317,1.3644,-0.0000
80.088,0.4584,0.1554,-0.0776,-0.0003,0.8386,1.3757,-0.0000
80.100,0.4621,0.1567,-0.0782,-0.0004,0.8455,1.3871,-0.0000
80.112,0.4659,0.1580,-0.0789,-0.0004,0.8524,1.3984,-0.0000
80.124,0.4697,0.1592,-0.0795,-0.0004,0.8592,1.4097,-0.0000
80.136,0.4734,0.1605,-0.0801,-0.0004,0.8661,1.4210,-0.0000
80.148,0.4772,0.1618,-0.0808,-0.0004,0.8730,1.4323,-0.0000
80.160,0.4810,0.1631,-0.0814,-0.0004,0.8799,1.4436,-0.0000
80.172,0.4847,0.1643,-0.0820,-0.0004,0.8868,1.4549,-0.0000
80.184,0.4885,0.1656,-0.0827,-0.0004,0.8937,1.4662,-0.0000
80.196,0.4923,0.1669,-0.0833,-0.0004,0.9006,1.4775,-0.0000
80.208,0.4960,0.1682,-0.0840,-0.0004,0.9075,1.4888,-0.0000
80.220,0.4998,0.1695,-0.0846,-0.0004,0.9144,1.5001,-0.0000
80.232,0.5036,0.1707,-0.0852,-0.0004,0.9213,1.5114,-0.0000
80.244,0.5073,0.1720,-0.0859,-0.0004,0.9282,1.5227,-0.0000
80.256,0.5111,0.1733,-0.0865,-0.0004,0.9351,1.5341,-0.0000
80.268,0.5149,0.1746,-0.0872,-0.0004,0.9420,1.5454,-0.0000
80.280,0.5186,0.1758,-0.0878,-0.0004,0.9488,1.5567,-0.0000
80.292,0.5224,0.1771,-0.0884,-0.0004,0.9557,1.5680,-0.0000
80.304,0.5262,0.1784,-0.0891,-0.0004,0.9626,1.5793,-0.0000
80.316,0.5299,0.1797,-0.0897,-0.0004,0.9695,1.5906,-0.0000
80.328,0.5337,0.1810,-0.0903,-0.0004,0.9764,1.6019,-0.0000
80.340,0.5375,0.1822,-0.0910,-0.0004,0.9833,1.6132,-0.0000
80.352,0.5412,0.1835,-0.0916,-0.0004,0.9902,1.6245,-0.0000
80.364,0.5450,0.1848,-0.0923,-0.0004,0.9971,1.6358,-0.0000
80.376,0.5488,0.1861,-0.0929,-0.0004,1.0040,1.6471,-0.0000
80.388,0.5525,0.1873,-0.0935,-0.0004,1.0109,1.6584,-0.0000
80.400,0.5563,0.1886,-0.0942,-0.0004,1.0178,1.6697,-0.0000
80.412,0.5601,0.1899,-0.0948,-0.0004,1.0247,1.6811,-0.0000
80.424,0.5638,0.1912,-0.0954,-0.0004,1.0316,1.6924,-0.0000
80.436,0.5676,0.1925,-0.0961,-0.0004,1.0384,1.7037,-0.0000
80.448,0.5714,0.1937,-0.0967,-0.0004,1.0453,1.7150,-0.0000
80.460,0.5751,0.1950,-0.0974,-0.0004,1.0522,1.7263,-0.0000
80.472,0.5789,0.1963,-0.0980,-0.0004,1.0591,1.7376,-0.0000
80.484,0.5827,0.1976,-0.0986,-0.0004,1.0660,1.7489,-0.0000
80.496,0.5864,0.1988,-0.0993,-0.0004,1.0729,1.7602,-0.0000
80.508,0.5902,0.2001,-0.0999,-0.0004,1.0798,1.7715,-0.0000
80.520,0.5940,0.2014,-0.1005,-0.0005,1.0867,1.7828,-0.0000
80.532,0.5977,0.2027,-0.1012,-0.0005,1.0936,1.7941,-0.0000
80.544,0.6015,0.2039,-0.1018,-0.0005,1.1005,1.8054,-0.0000
80.556,0.6053,0.2052,-0.1025,-0.0005,1.1074,1.8167,-0.0000
80.568,0.6091,0.2065,-0.1031,-0.0005,1.1143,1.8281,-0.0000
80.580,0.6128,0.2078,-0.1037,-0.0005,1.1212,1.8394,-0.0000
80.592,0.6166,0.2091,-0.1044,-0.0005,1.1280,1.8507,-0.0000
80.604,0.6204,0.2103,-0.1050,-0.0005,1.1349,1.8620,-0.0000
80.616,0.6241,0.2116,-0.1056,-0.0005,1.1418,1.8733,-0.0000
80.628,0.6279,0.2129,-0.1063,-0.0005,1.1487,1.8846,-0.0000
80.640,0.6317,0.2142,-0.1069,-0.0005,1.1556,1.8959,-0.0000
80.652,0.6354,0.2154,-0.1076,-0.0005,1.1625,1.9072,-0.0000
80.664,0.6392,0.2167,-0.1082,-0.0005,1.1694,1.9185,-0.0000
80.676,0.6430,0.2180,-0.1088,-0.0005,1.1763,1.9298,-0.0000
80.688,0.6467,0.2193,-0.1095,-0.0005,1.1832,1.9411,-0.0000
80.700,0.6505,0.2206,-0.1101,-0.0005,1.1901,1.9524,-0.0000
80.712,0.6543,0.2218,-0.1107,-0.0005,1.1970,1.9637,-0.0000
80.724,0.6580,0.2231,-0.1114,-0.0005,1.2039,1.9750,-0.0000
80.736,0.6618,0.2244,-0.1120,-0.0005,1.2108,1.9864,-0.0000
80.748,0.6656,0.2257,-0.1127,-0.0005,1.2176,1.9977,-0.0000
80.760,0.6693,0.2269,-0.1133,-0.0005,1.2245,2.0090,-0.0000
80.772,0.6731,0.2282,-0.1139,-0.0005,1.2314,2.0203,-0.0000
80.784,0.6769,0.2295,-0.1146,-0.0005,1.2383,2.0316,-0.0000
80.796,0.6806,0.2308,-0.1152,-0.0005,1.2452,2.0429,-0.0000
80.808,0.6844,0.2320,-0.1158,-0.0005,1.2521,2.0542,-0.0000
80.820,0.6882,0.2333,-0.1165,-0.0005,1.2590,2.0655,-0.0000
80.832,0.6919,0.2346,-0.1171,-0.0005,1.2659,2.0768,-0.0000
80.844,0.6957,0.2359,-0.1178,-0.0005,1.2728,2.0881,-0.0000
80.856,0.6995,0.2372,-0.1184,-0.0005,1.2797,2.0994,-0.0000
80.868,0.7032,0.2384,-0.1190,-0.0005,1.2866,2.1107,-0.0000
80.880,0.7070,0.2397,-0.1197,-0.0005,1.2935,2.1220,-0.0000
80.892,0.7108,0.2410,-0.1203,-0.0005,1.3004,2.1334,-0.0000
80.904,0.7145,0.2423,-0.1209,-0.0005,1.3072,2.1447,-0.0000
80.916,0.7183,0.2435,-0.1216,-0.0005,1.3141,2.1560,-0.0000
80.928,0.7221,0.2448,-0.1222,-0.0005,1.3210,2.1673,-0.0000
80.940,0.7258,0.2461,-0.1229,-0.0006,1.3279,2.1786,-0.0000
80.952,0.7296,0.2474,-0.1235,-0.0006,1.3348,2.1899,-0.0000
80.964,0.7334,0.2487,-0.1241,-0.0006,1.3417,2.2012,-0.0000
80.976,0.7371,0.2499,-0.1248,-0.0006,1.3486,2.2125,-0.0000
80.988,0.7409,0.2512,-0.1254,-0.0006,1.3555,2.2238,-0.0000
81.000,0.7447,0.2525,-0.1260,-0.0006,1.3624,2.2351,-0.0000
81.012,0.7484,0.2538,-0.1267,-0.0006,1.3693,2.2464,-0.0000
81.024,0.7522,0.2550,-0.1273,-0.0006,1.3762,2.2577,-0.0000
81.036,0.7560,0.2563,-0.1280,-0.0006,1.3831,2.2690,-0.0000
81.048,0.7594,0.2575,-0.1285,-0.0006,1.3894,2.2794,-0.0000
81.060,0.7625,0.2585,-0.1291,-0.0006,1.3950,2.2886,-0.0000
81.072,0.7652,0.2594,-0.1295,-0.0006,1.3999,2.2967,-0.0000
81.084,0.7675,0.2602,-0.1299,-0.0006,1.4042,2.3037,-0.0000
81.096,0.7696,0.2609,-0.1303,-0.0006,1.4080,2.3100,-0.0000
81.108,0.7714,0.2616,-0.1306,-0.0006,1.4114,2.3155,-0.0000
81.120,0.7731,0.2621,-0.1309,-0.0006,1.4143,2.3203,-0.0000
81.132,0.7745,0.2626,-0.1311,-0.0006,1.4169,2.3246,-0.0000
81.144,0.7757,0.2630,-0.1313,-0.0006,1.4192,2.3283,-0.0000
81.156,0.7768,0.2634,-0.1315,-0.0006,1.4212,2.3316,-0.0000
81.168,0.7778,0.2637,-0.1317,-0.0006,1.4229,2.3345,-0.0000
81.180,0.7786,0.2640,-0.1318,-0.0006,1.4245,2.3370,-0.0000
81.192,0.7794,0.2643,-0.1319,-0.0006,1.4259,2.3393,-0.0000
81.204,0.7800,0.2645,-0.1320,-0.0006,1.4271,2.3413,-0.0000
81.216,0.7800,0.2645,-0.1320,-0.0006,1.4271,2.3413,-0.0000
81.228,0.7800,0.2646,-0.1318,-0.0006,1.4267,2.3413,-0.0000
81.240,0.7801,0.2649,-0.1313,-0.0006,1.4259,2.3413,-0.0000
81.252,0.7801,0.2652,-0.1305,-0.0006,1.4249,2.3413,-0.0000
81.264,0.7801,0.2657,-0.1296,-0.0006,1.4235,2.3414,-0.0000
81.276,0.7801,0.2662,-0.1285,-0.0006,1.4220,2.3414,-0.0000
81.288,0.7801,0.2669,-0.1273,-0.0006,1.4202,2.3415,-0.0000
81.300,0.7801,0.2675,-0.1260,-0.0006,1.4182,2.3416,-0.0000
81.312,0.7802,0.2683,-0.1245,-0.0006,1.4161,2.3416,-0.0000
81.324,0.7802,0.2691,-0.1230,-0.0006,1.4138,2.3417,-0.0000
81.336,0.7802,0.2699,-0.1214,-0.0006,1.4114,2.3418,-0.0000
81.348,0.7803,0.2708,-0.1196,-0.0006,1.4089,2.3419,-0.0000
81.360,0.7803,0.2717,-0.1179,-0.0006,1.4063,2.3420,-0.0000
81.372,0.7803,0.2726,-0.1160,-0.0006,1.4036,2.3421,-0.0000
81.384,0.7804,0.2736,-0.1141,-0.0006,1.4008,2.3422,-0.0000
81.396,0.7804,0.2746,-0.1122,-0.0006,1.3979,2.3423,-0.0000
81.408,0.7804,0.2756,-0.1102,-0.0005,1.3950,2.3424,-0.0000
81.420,0.7805,0.2766,-0.1082,-0.0005,1.3921,2.3425,-0.0000
81.432,0.7805,0.2776,-0.1062,-0.0005,1.3891,2.3426,-0.0000
81.444,0.7806,0.2787,-0.1041,-0.0005,1.3860,2.3427,-0.0000
81.456,0.7806,0.2798,-0.1020,-0.0005,1.3830,2.3428,-0.0000
81.468,0.7806,0.2808,-0.0999,-0.0005,1.3799,2.3429,-0.0000
81.480,0.7807,0.2819,-0.0978,-0.0005,1.3767,2.3430,-0.0000
81.492,0.7807,0.2830,-0.0956,-0.0005,1.3736,2.3431,-0.0000
81.504,0.7808,0.2841,-0.0935,-0.0005,1.3704,2.3432,-0.0000
81.516,0.7808,0.2852,-0.0913,-0.0005,1.3672,2.3433,-0.0000
81.528,0.7808,0.2863,-0.0891,-0.0005,1.3640,2.3434,-0.0000
81.540,0.7809,0.2874,-0.0869,-0.0005,1.3608,2.3436,-0.0000
81.552,0.7809,0.2886,-0.0847,-0.0005,1.3575,2.3437,-0.0000
81.564,0.7810,0.2897,-0.0825,-0.0005,1.3543,2.3438,-0.0000
81.576,0.7810,0.2908,-0.0803,-0.0005,1.3510,2.3439,-0.0000
81.588,0.7811,0.2920,-0.0780,-0.0005,1.3477,2.3440,-0.0000
81.600,0.7811,0.2931,-0.0758,-0.0005,1.3445,2.3441,-0.0000
81.612,0.7811,0.2942,-0.0736,-0.0005,1.3412,2.3442,-0.0000
81.624,0.7812,0.2954,-0.0713,-0.0005,1.3379,2.3444,-0.0000
81.636,0.7812,0.2965,-0.0691,-0.0005,1.3346,2.3445,-0.0000
81.648,0.7813,0.2976,-0.0668,-0.0005,1.3313,2.3446,-0.0000
81.660,0.7813,0.2988,-0.0646,-0.0005,1.3280,2.3447,-0.0000
81.672,0.7814,0.2999,-0.0623,-0.0004,1.3247,2.3448,-0.0000
81.684,0.7814,0.3011,-0.0601,-0.0004,1.3214,2.3449,-0.0000
81.696,0.7814,0.3022,-0.0578,-0.0004,1.3181,2.3450,-0.0000
81.708,0.7815,0.3034,-0.0556,-0.0004,1.3148,2.3452,-0.0000
81.720,0.7815,0.3045,-0.0533,-0.0004,1.3114,2.3453,-0.0000
81.732,0.7816,0.3057,-0.0511,-0.0004,1.3081,2.3454,-0.0000
81.744,0.7816,0.3068,-0.0488,-0.0004,1.3048,2.3455,-0.0000
81.756,0.7817,0.3080,-0.0465,-0.0004,1.3015,2.3456,-0.0000
81.768,0.7817,0.3091,-0.0443,-0.0004,1.2982,2.3457,-0.0000
81.780,0.7817,0.3103,-0.0420,-0.0004,1.2948,2.3459,-0.0000
81.792,0.7818,0.3114,-0.0397,-0.0004,1.2915,2.3460,-0.0000
81.804,0.7818,0.3126,-0.0375,-0.0004,1.2882,2.3461,-0.0000
81.816,0.7819,0.3137,-0.0352,-0.0004,1.2849,2.3462,-0.0000
81.828,0.7819,0.3149,-0.0329,-0.0004,1.2815,2.3463,-0.0000
81.840,0.7820,0.3160,-0.0307,-0.0004,1.2782,2.3464,-0.0000
81.852,0.7820,0.3172,-0.0284,-0.0004,1.2749,2.3465,-0.0000
81.864,0.7820,0.3183,-0.0261,-0.0004,1.2715,2.3467,-0.0000
81.876,0.7821,0.3195,-0.0239,-0.0004,1.2682,2.3468,-0.0000
81.888,0.7821,0.3207,-0.0216,-0.0004,1.2649,2.3469,-0.0000
81.900,0.7822,0.3218,-0.0193,-0.0004,1.2616,2.3470,-0.0000
81.912,0.7822,0.3230,-0.0171,-0.0004,1.2582,2.3471,-0.0000
81.924,0.7823,0.3241,-0.0148,-0.0003,1.2549,2.3472,-0.0000
81.936,0.7823,0.3253,-0.0125,-0.0003,1.2516,2.3474,-0.0000
81.948,0.7823,0.3264,-0.0103,-0.0003,1.2482,2.3475,-0.0000
81.960,0.7824,0.3276,-0.0080,-0.0003,1.2449,2.3476,-0.0000
81.972,0.7824,0.3287,-0.0057,-0.0003,1.2416,2.3477,-0.0000
81.984,0.7825,0.3299,-0.0035,-0.0003,1.2382,2.3478,-0.0000
81.996,0.7825,0.3310,-0.0012,-0.0003,1.2349,2.3479,-0.0000
82.008,0.7826,0.3322,0.0011,-0.0003,1.2316,2.3481,-0.0000
82.020,0.7826,0.3333,0.0033,-0.0003,1.2282,2.3482,-0.0000
82.032,0.7826,0.3345,0.0056,-0.0003,1.2249,2.3483,-0.0000
82.044,0.7827,0.3357,0.0079,-0.0003,1.2216,2.3484,-0.0000
82.056,0.7827,0.3368,0.0101,-0.0003,1.2182,2.3485,-0.0000
82.068,0.7828,0.3380,0.0124,-0.0003,1.2149,2.3486,-0.0000
82.080,0.7828,0.3391,0.0147,-0.0003,1.2116,2.3487,-0.0000
82.092,0.7829,0.3403,0.0169,-0.0003,1.2082,2.3489,-0.0000
82.104,0.7829,0.3414,0.0192,-0.0003,1.2049,2.3490,-0.0000
82.116,0.7829,0.3426,0.0215,-0.0003,1.2016,2.3491,-0.0000
82.128,0.7830,0.3437,0.0237,-0.0003,1.1983,2.3492,-0.0000
82.140,0.7830,0.3449,0.0260,-0.0003,1.1949,2.3493,-0.0000
82.152,0.7831,0.3460,0.0283,-0.0003,1.1916,2.3494,-0.0000
82.164,0.7831,0.3472,0.0306,-0.0003,1.1883,2.3496,-0.0000
82.176,0.7832,0.3483,0.0328,-0.0002,1.1849,2.3497,-0.0000
82.188,0.7832,0.3495,0.0351,-0.0002,1.1816,2.3498,-0.0000
82.200,0.7832,0.3507,0.0374,-0.0002,1.1783,2.3499,-0.0000
82.212,0.7833,0.3518,0.0396,-0.0002,1.1749,2.3500,-0.0000
82.224,0.7833,0.3530,0.0419,-0.0002,1.1716,2.3501,-0.0000
82.236,0.7834,0.3541,0.0442,-0.0002,1.1683,2.3503,-0.0000
82.248,0.7834,0.3553,0.0464,-0.0002,1.1649,2.3504,-0.0000
82.260,0.7835,0.3564,0.0487,-0.0002,1.1616,2.3505,-0.0000
82.272,0.7835,0.3576,0.0510,-0.0002,1.1583,2.3506,-0.0000
82.284,0.7835,0.3587,0.0532,-0.0002,1.1549,2.3507,-0.0000
82.296,0.7836,0.3599,0.0555,-0.0002,1.1516,2.3508,-0.0000
82.308,0.7836,0.3610,0.0578,-0.0002,1.1483,2.3509,-0.0000
82.320,0.7837,0.3622,0.0600,-0.0002,1.1449,2.3511,-0.0000
82.332,0.7837,0.3633,0.0623,-0.0002,1.1416,2.3512,-0.0000
82.344,0.7838,0.3645,0.0646,-0.0002,1.1383,2.3513,-0.0000
82.356,0.7838,0.3657,0.0668,-0.0002,1.1349,2.3514,-0.0000
82.368,0.7838,0.3668,0.0691,-0.0002,1.1316,2.3515,-0.0000
82.380,0.7839,0.3680,0.0714,-0.0002,1.1283,2.3516,-0.0000
82.392,0.7839,0.3691,0.0737,-0.0002,1.1249,2.3518,-0.0000
82.404,0.7840,0.3703,0.0759,-0.0002,1.1216,2.3519,-0.0000
82.416,0.7840,0.3714,0.0782,-0.0001,1.1183,2.3520,-0.0000
82.428,0.7841,0.3726,0.0805,-0.0001,1.1149,2.3521,-0.0000
82.440,0.7841,0.3737,0.0827,-0.0001,1.1116,2.3522,-0.0000
82.452,0.7841,0.3749,0.0850,-0.0001,1.1083,2.3523,-0.0000
82.464,0.7842,0.3760,0.0873,-0.0001,1.1049,2.3525,-0.0000
82.476,0.7842,0.3772,0.0895,-0.0001,1.1016,2.3526,-0.0000
82.488,0.7843,0.3784,0.0918,-0.0001,1.0983,2.3527,-0.0000
82.500,0.7843,0.3795,0.0941,-0.0001,1.0950,2.3528,-0.0000
82.512,0.7844,0.3807,0.0963,-0.0001,1.0916,2.3529,-0.0000
82.524,0.7844,0.3818,0.0986,-0.0001,1.0883,2.3530,-0.0000
82.536,0.7844,0.3830,0.1009,-0.0001,1.0850,2.3531,-0.0000
82.548,0.7845,0.3841,0.1031,-0.0001,1.0816,2.3533,-0.0000
82.560,0.7845,0.3853,0.1054,-0.0001,1.0783,2.3534,-0.0000
82.572,0.7846,0.3864,0.1077,-0.0001,1.0750,2.3535,-0.0000
82.584,0.7846,0.3876,0.1100,-0.0001,1.0716,2.3536,-0.0000
82.596,0.7847,0.3887,0.1122,-0.0001,1.0683,2.3537,-0.0000
82.608,0.7847,0.3899,0.1145,-0.0001,1.0650,2.3538,-0.0000
82.620,0.7847,0.3910,0.1168,-0.0001,1.0616,2.3540,-0.0000
82.632,0.7848,0.3922,0.1190,-0.0001,1.0583,2.3541,-0.0000
82.644,0.7848,0.3934,0.1213,-0.0001,1.0550,2.3542,-0.0000
82.656,0.7849,0.3945,0.1236,-0.0001,1.0516,2.3543,-0.0000
82.668,0.7849,0.3957,0.1258,-0.0000,1.0483,2.3544,-0.0000
82.680,0.7850,0.3968,0.1281,-0.0000,1.0450,2.3545,-0.0000
82.692,0.7850,0.3980,0.1304,-0.0000,1.0416,2.3547,-0.0000
82.704,0.7850,0.3991,0.1326,-0.0000,1.0383,2.3548,-0.0000
82.716,0.7851,0.4003,0.1349,-0.0000,1.0350,2.3549,-0.0000
82.728,0.7851,0.4013,0.1369,-0.0000,1.0320,2.3550,-0.0000
82.740,0.7852,0.4022,0.1387,-0.0000,1.0295,2.3551,-0.0000
82.752,0.7852,0.4030,0.1402,-0.0000,1.0272,2.3552,-0.0000
82.764,0.7852,0.4037,0.1416,-0.0000,1.0252,2.3552,-0.0000
82.776,0.7852,0.4043,0.1428,-0.0000,1.0234,2.3553,-0.0000
82.788,0.7852,0.4048,0.1438,-0.0000,1.0219,2.3553,-0.0005
82.800,0.7853,0.4053,0.1447,-0.0000,1.0205,2.3554,-0.0015
82.812,0.7853,0.4057,0.1456,-0.0000,1.0193,2.3554,-0.0029
82.824,0.7853,0.4061,0.1463,-0.0000,1.0183,2.3555,-0.0047
82.836,0.7853,0.4064,0.1469,-0.0000,1.0173,2.3555,-0.0068
82.848,0.7853,0.4067,0.1475,-0.0000,1.0165,2.3555,-0.0091
82.860,0.7853,0.4069,0.1480,-0.0000,1.0158,2.3556,-0.0117
82.872,0.7853,0.4071,0.1484,-0.0000,1.0152,2.3556,-0.0145
82.884,0.7853,0.4073,0.1488,-0.0000,1.0146,2.3556,-0.0175
82.896,0.7853,0.4075,0.1491,-0.0000,1.0141,2.3556,-0.0207
82.908,0.7854,0.4077,0.1494,0.0000,1.0137,2.3556,-0.0240
82.920,0.7854,0.4078,0.1497,0.0000,1.0133,2.3556,-0.0275
82.932,0.7854,0.4079,0.1499,0.0000,1.0130,2.3556,-0.0311
82.944,0.7854,0.4080,0.1501,0.0000,1.0127,2.3557,-0.0347
82.956,0.7854,0.4081,0.1503,0.0000,1.0124,2.3557,-0.0385
82.968,0.7854,0.4082,0.1504,0.0000,1.0122,2.3557,-0.0423
82.980,0.7854,0.4082,0.1505,0.0000,1.0120,2.3557,-0.0462
82.992,0.7854,0.4083,0.1507,0.0000,1.0118,2.3557,-0.0502
83.004,0.7854,0.4084,0.1508,0.0000,1.0117,2.3557,-0.0542
83.016,0.7854,0.4084,0.1509,0.0000,1.0115,2.3557,-0.0582
83.028,0.7854,0.4084,0.1509,0.0000,1.0114,2.3557,-0.0623
83.040,0.7854,0.4085,0.1510,0.0000,1.0113,2.3557,-0.0665
83.052,0.7854,0.4085,0.1511,0.0000,1.0112,2.3557,-0.0706
83.064,0.7854,0.4085,0.1511,0.0000,1.0111,2.3557,-0.0748
83.076,0.7854,0.4086,0.1512,0.0000,1.0111,2.3557,-0.0791
83.088,0.7854,0.4086,0.1512,0.0000,1.0110,2.3557,-0.0833
83.100,0.7854,0.4086,0.1513,0.0000,1.0109,2.3557,-0.0876
83.112,0.7854,0.4086,0.1513,0.0000,1.0109,2.3557,-0.0918
83.124,0.7854,0.4086,0.1513,0.0000,1.0108,2.3557,-0.0961
83.136,0.7854,0.4087,0.1514,0.0000,1.0108,2.3557,-0.1004
83.148,0.7854,0.4087,0.1514,0.0000,1.0108,2.3557,-0.1047
83.160,0.7854,0.4087,0.1514,0.0000,1.0107,2.3557,-0.1091
83.172,0.7854,0.4087,0.1514,0.0000,1.0107,2.3557,-0.1134
83.184,0.7854,0.4087,0.1514,0.0000,1.0107,2.3557,-0.1178
83.196,0.7854,0.4087,0.1514,0.0000,1.0107,2.3557,-0.1221
83.208,0.7854,0.4087,0.1515,0.0000,1.0107,2.3557,-0.1265
83.220,0.7854,0.4087,0.1515,0.0000,1.0106,2.3557,-0.1308
83.232,0.7854,0.4087,0.1515,0.0000,1.0106,2.3557,-0.1352
83.244,0.7854,0.4087,0.1515,0.0000,1.0106,2.3557,-0.1396
83.256,0.7854,0.4087,0.1515,0.0000,1.0106,2.3557,-0.1439
83.268,0.7854,0.4087,0.1515,0.0000,1.0106,2.3557,-0.1483
83.280,0.7854,0.4087,0.1515,0.0000,1.0106,2.3557,-0.1527
83.292,0.7854,0.4087,0.1515,0.0000,1.0106,2.3557,-0.1571
83.304,0.7854,0.4087,0.1515,0.0000,1.0106,2.3557,-0.1614
83.316,0.7854,0.4087,0.1515,0.0000,1.0106,2.3557,-0.1658
83.328,0.7854,0.4087,0.1515,0.0000,1.0106,2.3557,-0.1702
83.340,0.7854,0.4087,0.1515,0.0000,1.0106,2.3557,-0.1746
83.352,0.7854,0.4087,0.1515,0.0000,1.0106,2.3557,-0.1790
83.364,0.7854,0.4087,0.1515,0.0000,1.0106,2.3557,-0.1834
83.376,0.7854,0.4087,0.1515,0.0000,1.0106,2.3557,-0.1878
83.388,0.7854,0.4087,0.1515,0.0000,1.0106,2.3557,-0.1922
83.400,0.7854,0.4087,0.1515,0.0000,1.0105,2.3557,-0.1966
83.412,0.7854,0.4087,0.1515,0.0000,1.0105,2.3557,-0.2010
83.424,0.7854,0.4087,0.1515,0.0000,1.0105,2.3557,-0.2054
83.436,0.7854,0.4087,0.1515,0.0000,1.0105,2.3557,-0.2098
83.448,0.7854,0.4087,0.1515,0.0000,1.0105,2.3557,-0.2142
83.460,0.7854,0.4087,0.1515,0.0000,1.0105,2.3557,-0.2186
83.472,0.7854,0.4085,0.1515,0.0000,1.0105,2.3557,-0.2230
83.484,0.7854,0.4080,0.1515,0.0000,1.0108,2.3557,-0.2274
83.496,0.7854,0.4074,0.1515,0.0000,1.0112,2.3557,-0.2317
83.508,0.7854,0.4068,0.1515,0.0000,1.0116,2.3557,-0.2361
83.520,0.7854,0.4062,0.1515,0.0000,1.0120,2.3557,-0.2405
83.532,0.7854,0.4056,0.1515,0.0000,1.0125,2.3557,-0.2449
83.544,0.7854,0.4049,0.1515,0.0000,1.0129,2.3557,-0.2493
83.556,0.7854,0.4042,0.1515,0.0000,1.0134,2.3557,-0.2537
83.568,0.7854,0.4036,0.1515,0.0000,1.0139,2.3557,-0.2581
83.580,0.7854,0.4029,0.1515,0.0000,1.0144,2.3557,-0.2625
83.592,0.7854,0.4023,0.1515,0.0000,1.0149,2.3557,-0.2669
83.604,0.7854,0.4016,0.1515,0.0000,1.0154,2.3557,-0.2713
83.616,0.7854,0.4009,0.1515,0.0000,1.0159,2.3557,-0.2757
83.628,0.7854,0.4003,0.1515,0.0000,1.0163,2.3557,-0.2801
83.640,0.7854,0.3996,0.1515,0.0000,1.0168,2.3557,-0.2845
83.652,0.7854,0.3990,0.1515,0.0000,1.0173,2.3557,-0.2889
83.664,0.7854,0.3983,0.1515,0.0000,1.0178,2.3557,-0.2933
83.676,0.7854,0.3977,0.1515,0.0000,1.0183,2.3557,-0.2977
83.688,0.7854,0.3970,0.1515,0.0000,1.0187,2.3557,-0.3021
83.700,0.7854,0.3964,0.1515,0.0000,1.0192,2.3557,-0.3065
83.712,0.7854,0.3957,0.1515,0.0000,1.0197,2.3557,-0.3109
83.724,0.7854,0.3951,0.1515,0.0000,1.0202,2.3557,-0.3153
83.736,0.7854,0.3944,0.1515,0.0000,1.0206,2.3557,-0.3197
83.748,0.7854,0.3938,0.1515,0.0000,1.0211,2.3557,-0.3241
83.760,0.7854,0.3932,0.1515,0.0000,1.0215,2.3557,-0.3285
83.772,0.7854,0.3925,0.1515,0.0000,1.0220,2.3557,-0.3329
83.784,0.7854,0.3919,0.1515,0.0000,1.0224,2.3557,-0.3373
83.796,0.7854,0.3913,0.1515,0.0000,1.0229,2.3557,-0.3417
83.808,0.7854,0.3906,0.1515,0.0000,1.0233,2.3557,-0.3461
83.820,0.7854,0.3900,0.1515,0.0000,1.0238,2.3557,-0.3505
83.832,0.7854,0.3894,0.1515,0.0000,1.0242,2.3557,-0.3549
83.844,0.7854,0.3887,0.1515,0.0000,1.0246,2.3557,-0.3593
83.856,0.7854,0.3881,0.1515,0.0000,1.0251,2.3557,-0.3637
83.868,0.7854,0.3875,0.1515,0.0000,1.0255,2.3557,-0.3681
83.880,0.7854,0.3869,0.1515,0.0000,1.0259,2.3557,-0.3725
83.892,0.7854,0.3863,0.1515,0.0000,1.0263,2.3557,-0.3769
83.904,0.7854,0.3857,0.1515,0.0000,1.0267,2.3557,-0.3813
83.916,0.7854,0.3851,0.1515,0.0000,1.0271,2.3557,-0.3857
83.928,0.7854,0.3845,0.1515,0.0000,1.0275,2.3557,-0.3901
83.940,0.7854,0.3839,0.1515,0.0000,1.0279,2.3557,-0.3945
83.952,0.7854,0.3833,0.1515,0.0000,1.0283,2.3557,-0.3989
83.964,0.7854,0.3827,0.1515,0.0000,1.0287,2.3557,-0.4033
83.976,0.7854,0.3821,0.1515,0.0000,1.0291,2.3557,-0.4077
83.988,0.7854,0.3815,0.1515,0.0000,1.0295,2.3557,-0.4116
84.000,0.7854,0.3810,0.1515,0.0000,1.0298,2.3557,-0.4150
84.012,0.7854,0.3806,0.1515,0.0000,1.0301,2.3557,-0.4180
84.024,0.7854,0.3804,0.1513,0.0000,1.0306,2.3557,-0.4206
84.036,0.7854,0.3802,0.1508,0.0000,1.0313,2.3557,-0.4230
84.048,0.7854,0.3800,0.1500,0.0000,1.0323,2.3557,-0.4250
84.060,0.7854,0.3797,0.1491,0.0000,1.0336,2.3557,-0.4268
84.072,0.7854,0.3793,0.1480,-0.0000,1.0351,2.3557,-0.4284
84.084,0.7854,0.3788,0.1468,-0.0000,1.0368,2.3557,-0.4298
84.096,0.7854,0.3783,0.1455,-0.0000,1.0387,2.3557,-0.4310
84.108,0.7854,0.3778,0.1440,-0.0000,1.0407,2.3557,-0.4321
84.120,0.7854,0.3772,0.1425,-0.0000,1.0429,2.3557,-0.4330
84.132,0.7854,0.3765,0.1408,-0.0000,1.0452,2.3557,-0.4339
84.144,0.7854,0.3758,0.1391,-0.0000,1.0477,2.3557,-0.4346
84.156,0.7854,0.3751,0.1373,-0.0000,1.0502,2.3557,-0.4353
84.168,0.7854,0.3744,0.1355,-0.0000,1.0528,2.3557,-0.4358
84.180,0.7854,0.3737,0.1336,-0.0000,1.0555,2.3557,-0.4363
84.192,0.7854,0.3729,0.1316,-0.0000,1.0583,2.3557,-0.4368
84.204,0.7854,0.3721,0.1297,-0.0000,1.0611,2.3557,-0.4372
84.216,0.7854,0.3713,0.1277,-0.0000,1.0640,2.3557,-0.4375
84.228,0.7853,0.3705,0.1256,-0.0000,1.0669,2.3557,-0.4378
84.240,0.7853,0.3696,0.1235,-0.0001,1.0699,2.3557,-0.4381
84.252,0.7853,0.3688,0.1214,-0.0001,1.0729,2.3557,-0.4383
84.264,0.7853,0.3679,0.1193,-0.0001,1.0759,2.3557,-0.4385
84.276,0.7853,0.3671,0.1172,-0.0001,1.0789,2.3557,-0.4387
84.288,0.7853,0.3662,0.1150,-0.0001,1.0820,2.3557,-0.4388
84.300,0.7853,0.3653,0.1128,-0.0001,1.0851,2.3557,-0.4390
84.312,0.7853,0.3645,0.1107,-0.0001,1.0882,2.3557,-0.4391
84.324,0.7853,0.3636,0.1085,-0.0001,1.0913,2.3557,-0.4392
84.336,0.7853,0.3627,0.1063,-0.0001,1.0945,2.3557,-0.4393
84.348,0.7853,0.3618,0.1041,-0.0001,1.0976,2.3557,-0.4394
84.360,0.7853,0.3609,0.1018,-0.0001,1.1008,2.3557,-0.4395
84.372,0.7853,0.3600,0.0996,-0.0001,1.1040,2.3557,-0.4395
84.384,0.7853,0.3591,0.0974,-0.0001,1.1072,2.3557,-0.4396
84.396,0.7853,0.3582,0.0951,-0.0001,1.1104,2.3557,-0.4396
84.408,0.7853,0.3573,0.0929,-0.0001,1.1136,2.3557,-0.4397
84.420,0.7853,0.3564,0.0907,-0.0001,1.1168,2.3557,-0.4397
84.432,0.7853,0.3555,0.0884,-0.0001,1.1200,2.3557,-0.4397
84.444,0.7853,0.3546,0.0862,-0.0001,1.1232,2.3557,-0.4398
84.456,0.7853,0.3537,0.0839,-0.0001,1.1264,2.3557,-0.4398
84.468,0.7853,0.3528,0.0816,-0.0001,1.1296,2.3557,-0.4398
84.480,0.7853,0.3518,0.0794,-0.0001,1.1329,2.3557,-0.4398
84.492,0.7853,0.3509,0.0771,-0.0002,1.1361,2.3557,-0.4399
84.504,0.7853,0.3500,0.0749,-0.0002,1.1393,2.3557,-0.4399
84.516,0.7852,0.3491,0.0726,-0.0002,1.1426,2.3557,-0.4399
84.528,0.7852,0.3482,0.0703,-0.0002,1.1458,2.3557,-0.4399
84.540,0.7852,0.3473,0.0681,-0.0002,1.1490,2.3557,-0.4399
84.552,0.7852,0.3464,0.0658,-0.0002,1.1523,2.3557,-0.4399
84.564,0.7852,0.3454,0.0635,-0.0002,1.1555,2.3557,-0.4399
84.576,0.7852,0.3445,0.0613,-0.0002,1.1587,2.3557,-0.4399
84.588,0.7852,0.3436,0.0590,-0.0002,1.1620,2.3557,-0.4400
84.600,0.7852,0.3427,0.0567,-0.0002,1.1652,2.3557,-0.4400
84.612,0.7852,0.3418,0.0544,-0.0002,1.1685,2.3557,-0.4400
84.624,0.7852,0.3409,0.0522,-0.0002,1.1717,2.3557,-0.4400
84.636,0.7852,0.3399,0.0499,-0.0002,1.1750,2.3557,-0.4400
84.648,0.7852,0.3390,0.0476,-0.0002,1.1782,2.3557,-0.4400
84.660,0.7852,0.3381,0.0454,-0.0002,1.1814,2.3557,-0.4400
84.672,0.7852,0.3372,0.0431,-0.0002,1.1847,2.3557,-0.4400
84.684,0.7852,0.3363,0.0408,-0.0002,1.1879,2.3557,-0.4400
84.696,0.7852,0.3353,0.0385,-0.0002,1.1912,2.3557,-0.4400
84.708,0.7852,0.3344,0.0363,-0.0002,1.1944,2.3557,-0.4400
84.720,0.7852,0.3335,0.0340,-0.0002,1.1977,2.3557,-0.4400
84.732,0.7852,0.3326,0.0317,-0.0002,1.2009,2.3557,-0.4400
84.744,0.7852,0.3317,0.0294,-0.0003,1.2042,2.3557,-0.4400
84.756,0.7852,0.3308,0.0272,-0.0003,1.2074,2.3557,-0.4400
84.768,0.7852,0.3298,0.0249,-0.0003,1.2107,2.3557,-0.4400
84.780,0.7852,0.3289,0.0226,-0.0003,1.2139,2.3557,-0.4400
84.792,0.7851,0.3280,0.0203,-0.0003,1.2172,2.3557,-0.4400
84.804,0.7851,0.3271,0.0181,-0.0003,1.2204,2.3557,-0.4400
84.816,0.7851,0.3262,0.0158,-0.0003,1.2237,2.3557,-0.4400
84.828,0.7851,0.3252,0.0135,-0.0003,1.2269,2.3557,-0.4400
84.840,0.7851,0.3243,0.0112,-0.0003,1.2302,2.3557,-0.4400
84.852,0.7851,0.3234,0.0090,-0.0003,1.2334,2.3557,-0.4400
84.864,0.7851,0.3225,0.0067,-0.0003,1.2367,2.3557,-0.4400
84.876,0.7851,0.3216,0.0044,-0.0003,1.2399,2.3557,-0.4400
84.888,0.7851,0.3206,0.0021,-0.0003,1.2431,2.3557,-0.4400
84.900,0.7851,0.3197,-0.0001,-0.0003,1.2464,2.3557,-0.4400
84.912,0.7851,0.3188,-0.0024,-0.0003,1.2496,2.3557,-0.4400
84.924,0.7851,0.3179,-0.0047,-0.0003,1.2529,2.3557,-0.4400
84.936,0.7851,0.3170,-0.0070,-0.0003,1.2561,2.3557,-0.4400
84.948,0.7851,0.3160,-0.0092,-0.0003,1.2594,2.3557,-0.4400
84.960,0.7851,0.3151,-0.0115,-0.0003,1.2626,2.3557,-0.4400
84.972,0.7851,0.3142,-0.0138,-0.0003,1.2659,2.3557,-0.4400
84.984,0.7851,0.3133,-0.0161,-0.0003,1.2691,2.3557,-0.4400
84.996,0.7851,0.3124,-0.0183,-0.0004,1.2724,2.3557,-0.4400
85.008,0.7851,0.3115,-0.0206,-0.0004,1.2756,2.3557,-0.4400
85.020,0.7851,0.3105,-0.0229,-0.0004,1.2789,2.3557,-0.4400
85.032,0.7851,0.3096,-0.0252,-0.0004,1.2821,2.3557,-0.4400
85.044,0.7851,0.3087,-0.0274,-0.0004,1.2854,2.3557,-0.4400
85.056,0.7851,0.3078,-0.0297,-0.0004,1.2886,2.3557,-0.4400
85.068,0.7850,0.3069,-0.0320,-0.0004,1.2919,2.3557,-0.4400
85.080,0.7850,0.3059,-0.0343,-0.0004,1.2951,2.3557,-0.4400
85.092,0.7850,0.3050,-0.0365,-0.0004,1.2984,2.3557,-0.4400
85.104,0.7850,0.3041,-0.0388,-0.0004,1.3016,2.3557,-0.4400
85.116,0.7850,0.3032,-0.0411,-0.0004,1.3049,2.3557,-0.4400
85.128,0.7850,0.3023,-0.0434,-0.0004,1.3081,2.3557,-0.4400
85.140,0.7850,0.3013,-0.0456,-0.0004,1.3114,2.3557,-0.4400
85.152,0.7850,0.3004,-0.0479,-0.0004,1.3146,2.3557,-0.4400
85.164,0.7850,0.2995,-0.0502,-0.0004,1.3179,2.3557,-0.4400
85.176,0.7850,0.2986,-0.0525,-0.0004,1.3211,2.3557,-0.4400
85.188,0.7850,0.2977,-0.0547,-0.0004,1.3244,2.3557,-0.4400
85.200,0.7850,0.2967,-0.0570,-0.0004,1.3276,2.3557,-0.4400
85.212,0.7850,0.2958,-0.0593,-0.0004,1.3309,2.3557,-0.4400
85.224,0.7850,0.2949,-0.0616,-0.0004,1.3341,2.3557,-0.4400
85.236,0.7850,0.2940,-0.0638,-0.0005,1.3374,2.3557,-0.4400
85.248,0.7850,0.2931,-0.0661,-0.0005,1.3406,2.3557,-0.4400
85.260,0.7850,0.2922,-0.0684,-0.0005,1.3439,2.3557,-0.4400
85.272,0.7850,0.2912,-0.0707,-0.0005,1.3471,2.3557,-0.4400
85.284,0.7850,0.2903,-0.0729,-0.0005,1.3504,2.3557,-0.4400
85.296,0.7850,0.2894,-0.0752,-0.0005,1.3536,2.3557,-0.4400
85.308,0.7850,0.2885,-0.0775,-0.0005,1.3568,2.3557,-0.4400
85.320,0.7850,0.2876,-0.0798,-0.0005,1.3601,2.3557,-0.4400
85.332,0.7850,0.2866,-0.0820,-0.0005,1.3633,2.3557,-0.4400
85.344,0.7850,0.2857,-0.0843,-0.0005,1.3666,2.3557,-0.4400
85.356,0.7849,0.2848,-0.0866,-0.0005,1.3698,2.3557,-0.4400
85.368,0.7849,0.2839,-0.0889,-0.0005,1.3731,2.3557,-0.4400
85.380,0.7849,0.2830,-0.0911,-0.0005,1.3763,2.3557,-0.4400
85.392,0.7849,0.2820,-0.0934,-0.0005,1.3796,2.3557,-0.4400
85.404,0.7849,0.2811,-0.0957,-0.0005,1.3828,2.3557,-0.4400
85.416,0.7849,0.2802,-0.0980,-0.0005,1.3861,2.3557,-0.4400
85.428,0.7849,0.2793,-0.1002,-0.0005,1.3893,2.3557,-0.4400
85.440,0.7849,0.2784,-0.1025,-0.0005,1.3926,2.3557,-0.4400
85.452,0.7849,0.2774,-0.1048,-0.0005,1.3958,2.3557,-0.4400
85.464,0.7849,0.2765,-0.1071,-0.0005,1.3991,2.3557,-0.4400
85.476,0.7849,0.2756,-0.1093,-0.0005,1.4023,2.3557,-0.4400
85.488,0.7849,0.2747,-0.1116,-0.0006,1.4056,2.3557,-0.4400
85.500,0.7849,0.2738,-0.1139,-0.0006,1.4088,2.3557,-0.4400
85.512,0.7849,0.2729,-0.1162,-0.0006,1.4121,2.3557,-0.4400
85.524,0.7849,0.2720,-0.1182,-0.0006,1.4149,2.3557,-0.4400
85.536,0.7849,0.2713,-0.1199,-0.0006,1.4175,2.3557,-0.4400
85.548,0.7849,0.2707,-0.1215,-0.0006,1.4197,2.3557,-0.4400
85.560,0.7849,0.2702,-0.1228,-0.0006,1.4216,2.3557,-0.4400
85.572,0.7849,0.2702,-0.1228,-0.0006,1.4216,2.3557,-0.4400
85.584,0.7840,0.2701,-0.1228,-0.0006,1.4216,2.3558,-0.4400
85.596,0.7824,0.2701,-0.1228,-0.0006,1.4216,2.3558,-0.4400
85.608,0.7801,0.2701,-0.1228,-0.0006,1.4216,2.3559,-0.4400
85.620,0.7772,0.2701,-0.1228,-0.0006,1.4216,2.3561,-0.4400
85.632,0.7738,0.2701,-0.1228,-0.0006,1.4216,2.3562,-0.4400
85.644,0.7699,0.2700,-0.1228,-0.0006,1.4216,2.3564,-0.4400
85.656,0.7656,0.2700,-0.1227,-0.0006,1.4216,2.3565,-0.4400
85.668,0.7610,0.2699,-0.1227,-0.0006,1.4216,2.3567,-0.4400
85.680,0.7560,0.2699,-0.1227,-0.0007,1.4216,2.3570,-0.4400
85.692,0.7508,0.2698,-0.1227,-0.0007,1.4216,2.3572,-0.4400
85.704,0.7453,0.2698,-0.1226,-0.0007,1.4216,2.3574,-0.4400
85.716,0.7397,0.2697,-0.1226,-0.0007,1.4215,2.3576,-0.4400
85.728,0.7338,0.2697,-0.1226,-0.0007,1.4215,2.3579,-0.4400
85.740,0.7278,0.2696,-0.1226,-0.0007,1.4215,2.3581,-0.4400
85.752,0.7216,0.2696,-0.1225,-0.0008,1.4215,2.3584,-0.4400
85.764,0.7153,0.2695,-0.1225,-0.0008,1.4215,2.3587,-0.4400
85.776,0.7089,0.2695,-0.1225,-0.0008,1.4215,2.3589,-0.4400
85.788,0.7024,0.2694,-0.1224,-0.0008,1.4215,2.3592,-0.4400
85.800,0.6958,0.2693,-0.1224,-0.0008,1.4215,2.3595,-0.4400
85.812,0.6891,0.2693,-0.1224,-0.0008,1.4215,2.3598,-0.4400
85.824,0.6823,0.2692,-0.1223,-0.0009,1.4215,2.3601,-0.4400
85.836,0.6755,0.2692,-0.1223,-0.0009,1.4214,2.3603,-0.4400
85.848,0.6687,0.2691,-0.1223,-0.0009,1.4214,2.3606,-0.4400
85.860,0.6618,0.2690,-0.1222,-0.0009,1.4214,2.3609,-0.4400
85.872,0.6548,0.2690,-0.1222,-0.0009,1.4214,2.3612,-0.4400
85.884,0.6479,0.2689,-0.1222,-0.0010,1.4214,2.3615,-0.4400
85.896,0.6409,0.2689,-0.1221,-0.0010,1.4214,2.3618,-0.4400
85.908,0.6338,0.2688,-0.1221,-0.0010,1.4214,2.3621,-0.4400
85.920,0.6268,0.2687,-0.1220,-0.0010,1.4214,2.3624,-0.4400
85.932,0.6197,0.2687,-0.1220,-0.0010,1.4214,2.3627,-0.4400
85.944,0.6126,0.2686,-0.1220,-0.0011,1.4213,2.3630,-0.4400
85.956,0.6055,0.2685,-0.1219,-0.0011,1.4213,2.3633,-0.4400
85.968,0.5983,0.2685,-0.1219,-0.0011,1.4213,2.3636,-0.4400
85.980,0.5912,0.2684,-0.1219,-0.0011,1.4213,2.3639,-0.4400
85.992,0.5840,0.2683,-0.1218,-0.0011,1.4213,2.3642,-0.4400
86.004,0.5769,0.2683,-0.1218,-0.0012,1.4213,2.3645,-0.4400
86.016,0.5697,0.2682,-0.1218,-0.0012,1.4213,2.3648,-0.4400
86.028,0.5625,0.2681,-0.1217,-0.0012,1.4213,2.3651,-0.4400
86.040,0.5553,0.2681,-0.1217,-0.0012,1.4213,2.3654,-0.4400
86.052,0.5481,0.2680,-0.1216,-0.0012,1.4212,2.3657,-0.4400
86.064,0.5409,0.2680,-0.1216,-0.0013,1.4212,2.3660,-0.4400
86.076,0.5337,0.2679,-0.1216,-0.0013,1.4212,2.3663,-0.4400
86.088,0.5265,0.2678,-0.1215,-0.0013,1.4212,2.3666,-0.4400
86.100,0.5193,0.2678,-0.1215,-0.0013,1.4212,2.3669,-0.4400
86.112,0.5121,0.2677,-0.1215,-0.0014,1.4212,2.3672,-0.4400
86.124,0.5049,0.2676,-0.1214,-0.0014,1.4212,2.3676,-0.4400
86.136,0.4977,0.2676,-0.1214,-0.0014,1.4212,2.3679,-0.4400
86.148,0.4904,0.2675,-0.1214,-0.0014,1.4211,2.3682,-0.4400
86.160,0.4832,0.2674,-0.1213,-0.0014,1.4211,2.3685,-0.4400
86.172,0.4760,0.2674,-0.1213,-0.0015,1.4211,2.3688,-0.4400
86.184,0.4688,0.2673,-0.1212,-0.0015,1.4211,2.3691,-0.4400
86.196,0.4615,0.2672,-0.1212,-0.0015,1.4211,2.3694,-0.4400
86.208,0.4543,0.2672,-0.1212,-0.0015,1.4211,2.3697,-0.4400
86.220,0.4471,0.2671,-0.1211,-0.0015,1.4211,2.3700,-0.4400
86.232,0.4398,0.2670,-0.1211,-0.0016,1.4211,2.3703,-0.4400
86.244,0.4326,0.2670,-0.1211,-0.0016,1.4211,2.3706,-0.4400
86.256,0.4254,0.2669,-0.1210,-0.0016,1.4210,2.3709,-0.4400
86.268,0.4182,0.2668,-0.1210,-0.0016,1.4210,2.3712,-0.4400
86.280,0.4109,0.2668,-0.1209,-0.0016,1.4210,2.3715,-0.4400
86.292,0.4037,0.2667,-0.1209,-0.0017,1.4210,2.3718,-0.4400
86.304,0.3965,0.2667,-0.1209,-0.0017,1.4210,2.3721,-0.4400
86.316,0.3892,0.2666,-0.1208,-0.0017,1.4210,2.3724,-0.4400
86.328,0.3820,0.2665,-0.1208,-0.0017,1.4210,2.3727,-0.4400
86.340,0.3747,0.2665,-0.1208,-0.0017,1.4210,2.3730,-0.4400
86.352,0.3675,0.2664,-0.1207,-0.0018,1.4210,2.3734,-0.4400
86.364,0.3603,0.2663,-0.1207,-0.0018,1.4209,2.3737,-0.4400
86.376,0.3530,0.2663,-0.1207,-0.0018,1.4209,2.3740,-0.4400
86.388,0.3458,0.2662,-0.1206,-0.0018,1.4209,2.3743,-0.4400
86.400,0.3386,0.2661,-0.1206,-0.0018,1.4209,2.3746,-0.4400
86.412,0.3313,0.2661,-0.1205,-0.0019,1.4209,2.3749,-0.4400
86.424,0.3241,0.2660,-0.1205,-0.0019,1.4209,2.3752,-0.4400
86.436,0.3169,0.2659,-0.1205,-0.0019,1.4209,2.3755,-0.4400
86.448,0.3096,0.2659,-0.1204,-0.0019,1.4209,2.3758,-0.4400
86.460,0.3024,0.2658,-0.1204,-0.0019,1.4209,2.3761,-0.4400
86.472,0.2951,0.2657,-0.1204,-0.0020,1.4208,2.3764,-0.4400
86.484,0.2879,0.2657,-0.1203,-0.0020,1.4208,2.3767,-0.4400
86.496,0.2807,0.2656,-0.1203,-0.0020,1.4208,2.3770,-0.4400
86.508,0.2734,0.2655,-0.1203,-0.0020,1.4208,2.3773,-0.4400
86.520,0.2662,0.2655,-0.1202,-0.0020,1.4208,2.3776,-0.4400
86.532,0.2590,0.2654,-0.1202,-0.0021,1.4208,2.3779,-0.4400
86.544,0.2517,0.2653,-0.1201,-0.0021,1.4208,2.3782,-0.4400
86.556,0.2445,0.2653,-0.1201,-0.0021,1.4208,2.3785,-0.4400
86.568,0.2372,0.2652,-0.1201,-0.0021,1.4208,2.3788,-0.4400
86.580,0.2300,0.2651,-0.1200,-0.0022,1.4207,2.3792,-0.4400
86.592,0.2228,0.2651,-0.1200,-0.0022,1.4207,2.3795,-0.4400
86.604,0.2155,0.2650,-0.1200,-0.0022,1.4207,2.3798,-0.4400
86.616,0.2083,0.2650,-0.1199,-0.0022,1.4207,2.3801,-0.4400
86.628,0.2011,0.2649,-0.1199,-0.0022,1.4207,2.3804,-0.4400
86.640,0.1938,0.2648,-0.1198,-0.0023,1.4207,2.3807,-0.4400
86.652,0.1866,0.2648,-0.1198,-0.0023,1.4207,2.3810,-0.4400
86.664,0.1794,0.2647,-0.1198,-0.0023,1.4207,2.3813,-0.4400
86.676,0.1721,0.2646,-0.1197,-0.0023,1.4206,2.3816,-0.4400
86.688,0.1649,0.2646,-0.1197,-0.0023,1.4206,2.3819,-0.4400
86.700,0.1576,0.2645,-0.1197,-0.0024,1.4206,2.3822,-0.4400
86.712,0.1504,0.2644,-0.1196,-0.0024,1.4206,2.3825,-0.4400
86.724,0.1432,0.2644,-0.1196,-0.0024,1.4206,2.3828,-0.4400
86.736,0.1359,0.2643,-0.1196,-0.0024,1.4206,2.3831,-0.4400
86.748,0.1287,0.2642,-0.1195,-0.0024,1.4206,2.3834,-0.4400
86.760,0.1215,0.2642,-0.1195,-0.0025,1.4206,2.3837,-0.4400
86.772,0.1142,0.2641,-0.1194,-0.0025,1.4206,2.3840,-0.4400
86.784,0.1070,0.2640,-0.1194,-0.0025,1.4205,2.3843,-0.4400
86.796,0.0997,0.2640,-0.1194,-0.0025,1.4205,2.3847,-0.4400
86.808,0.0925,0.2639,-0.1193,-0.0025,1.4205,2.3850,-0.4400
86.820,0.0853,0.2638,-0.1193,-0.0026,1.4205,2.3853,-0.4400
86.832,0.0780,0.2638,-0.1193,-0.0026,1.4205,2.3856,-0.4400
86.844,0.0708,0.2637,-0.1192,-0.0026,1.4205,2.3859,-0.4400
86.856,0.0636,0.2636,-0.1192,-0.0026,1.4205,2.3862,-0.4400
86.868,0.0563,0.2636,-0.1191,-0.0026,1.4205,2.3865,-0.4400
86.880,0.0491,0.2635,-0.1191,-0.0027,1.4205,2.3868,-0.4400
86.892,0.0418,0.2635,-0.1191,-0.0027,1.4204,2.3871,-0.4400
86.904,0.0346,0.2634,-0.1190,-0.0027,1.4204,2.3874,-0.4400
86.916,0.0274,0.2633,-0.1190,-0.0027,1.4204,2.3877,-0.4400
86.928,0.0201,0.2633,-0.1190,-0.0027,1.4204,2.3880,-0.4400
86.940,0.0129,0.2632,-0.1189,-0.0028,1.4204,2.3883,-0.4400
86.952,0.0057,0.2631,-0.1189,-0.0028,1.4204,2.3886,-0.4400
86.964,-0.0016,0.2631,-0.1189,-0.0028,1.4204,2.3889,-0.4400
86.976,-0.0088,0.2630,-0.1188,-0.0028,1.4204,2.3892,-0.4400
86.988,-0.0161,0.2629,-0.1188,-0.0029,1.4204,2.3895,-0.4400
87.000,-0.0233,0.2629,-0.1187,-0.0029,1.4203,2.3898,-0.4400
87.012,-0.0305,0.2628,-0.1187,-0.0029,1.4203,2.3901,-0.4400
87.024,-0.0378,0.2627,-0.1187,-0.0029,1.4203,2.3905,-0.4400
87.036,-0.0450,0.2627,-0.1186,-0.0029,1.4203,2.3908,-0.4400
87.048,-0.0522,0.2626,-0.1186,-0.0030,1.4203,2.3911,-0.4400
87.060,-0.0595,0.2625,-0.1186,-0.0030,1.4203,2.3914,-0.4400
87.072,-0.0667,0.2625,-0.1185,-0.0030,1.4203,2.3917,-0.4400
87.084,-0.0740,0.2624,-0.1185,-0.0030,1.4203,2.3920,-0.4400
87.096,-0.0812,0.2623,-0.1185,-0.0030,1.4203,2.3923,-0.4400
87.108,-0.0884,0.2623,-0.1184,-0.0031,1.4202,2.3926,-0.4400
87.120,-0.0957,0.2622,-0.1184,-0.0031,1.4202,2.3929,-0.4400
87.132,-0.1029,0.2621,-0.1183,-0.0031,1.4202,2.3932,-0.4400
87.144,-0.1101,0.2621,-0.1183,-0.0031,1.4202,2.3935,-0.4400
87.156,-0.1174,0.2620,-0.1183,-0.0031,1.4202,2.3938,-0.4400
87.168,-0.1246,0.2620,-0.1182,-0.0032,1.4202,2.3941,-0.4400
87.180,-0.1319,0.2619,-0.1182,-0.0032,1.4202,2.3944,-0.4400
87.192,-0.1391,0.2618,-0.1182,-0.0032,1.4202,2.3947,-0.4400
87.204,-0.1463,0.2618,-0.1181,-0.0032,1.4201,2.3950,-0.4400
87.216,-0.1536,0.2617,-0.1181,-0.0032,1.4201,2.3953,-0.4400
87.228,-0.1608,0.2616,-0.1180,-0.0033,1.4201,2.3956,-0.4400
87.240,-0.1680,0.2616,-0.1180,-0.0033,1.4201,2.3960,-0.4400
87.252,-0.1753,0.2615,-0.1180,-0.0033,1.4201,2.3963,-0.4400
87.264,-0.1825,0.2614,-0.1179,-0.0033,1.4201,2.3966,-0.4400
87.276,-0.1898,0.2614,-0.1179,-0.0033,1.4201,2.3969,-0.4400
87.288,-0.1970,0.2613,-0.1179,-0.0034,1.4201,2.3972,-0.4400
87.300,-0.2042,0.2612,-0.1178,-0.0034,1.4201,2.3975,-0.4400
87.312,-0.2115,0.2612,-0.1178,-0.0034,1.4200,2.3978,-0.4400
87.324,-0.2187,0.2611,-0.1178,-0.0034,1.4200,2.3981,-0.4400
87.336,-0.2259,0.2610,-0.1177,-0.0034,1.4200,2.3984,-0.4400
87.348,-0.2332,0.2610,-0.1177,-0.0035,1.4200,2.3987,-0.4400
87.360,-0.2404,0.2609,-0.1176,-0.0035,1.4200,2.3990,-0.4400
87.372,-0.2477,0.2608,-0.1176,-0.0035,1.4200,2.3993,-0.4400
87.384,-0.2549,0.2608,-0.1176,-0.0035,1.4200,2.3996,-0.4400
87.396,-0.2621,0.2607,-0.1175,-0.0036,1.4200,2.3999,-0.4400
87.408,-0.2694,0.2606,-0.1175,-0.0036,1.4200,2.4002,-0.4400
87.420,-0.2766,0.2606,-0.1175,-0.0036,1.4199,2.4005,-0.4400
87.432,-0.2838,0.2605,-0.1174,-0.0036,1.4199,2.4008,-0.4400
87.444,-0.2911,0.2605,-0.1174,-0.0036,1.4199,2.4011,-0.4400
87.456,-0.2983,0.2604,-0.1173,-0.0037,1.4199,2.4015,-0.4400
87.468,-0.3056,0.2603,-0.1173,-0.0037,1.4199,2.4018,-0.4400
87.480,-0.3128,0.2603,-0.1173,-0.0037,1.4199,2.4021,-0.4400
87.492,-0.3200,0.2602,-0.1172,-0.0037,1.4199,2.4024,-0.4400
87.504,-0.3273,0.2601,-0.1172,-0.0037,1.4199,2.4027,-0.4400
87.516,-0.3345,0.2601,-0.1172,-0.0038,1.4199,2.4030,-0.4400
87.528,-0.3417,0.2600,-0.1171,-0.0038,1.4198,2.4033,-0.4400
87.540,-0.3490,0.2599,-0.1171,-0.0038,1.4198,2.4036,-0.4400
87.552,-0.3562,0.2599,-0.1171,-0.0038,1.4198,2.4039,-0.4400
87.564,-0.3635,0.2598,-0.1170,-0.0038,1.4198,2.4042,-0.4400
87.576,-0.3707,0.2597,-0.1170,-0.0039,1.4198,2.4045,-0.4400
87.588,-0.3779,0.2597,-0.1169,-0.0039,1.4198,2.4048,-0.4400
87.600,-0.3852,0.2596,-0.1169,-0.0039,1.4198,2.4051,-0.4400
87.612,-0.3924,0.2595,-0.1169,-0.0039,1.4198,2.4054,-0.4400
87.624,-0.3996,0.2595,-0.1168,-0.0039,1.4197,2.4057,-0.4400
87.636,-0.4069,0.2594,-0.1168,-0.0040,1.4197,2.4060,-0.4400
87.648,-0.4141,0.2593,-0.1168,-0.0040,1.4197,2.4063,-0.4400
87.660,-0.4213,0.2593,-0.1167,-0.0040,1.4197,2.4066,-0.4400
87.672,-0.4286,0.2592,-0.1167,-0.0040,1.4197,2.4069,-0.4400
87.684,-0.4358,0.2591,-0.1167,-0.0040,1.4197,2.4073,-0.4400
87.696,-0.4431,0.2591,-0.1166,-0.0041,1.4197,2.4076,-0.4400
87.708,-0.4503,0.2590,-0.1166,-0.0041,1.4197,2.4079,-0.4400
87.720,-0.4575,0.2590,-0.1165,-0.0041,1.4197,2.4082,-0.4400
87.732,-0.4648,0.2589,-0.1165,-0.0041,1.4196,2.4085,-0.4400
87.744,-0.4720,0.2588,-0.1165,-0.0041,1.4196,2.4088,-0.4400
87.756,-0.4792,0.2588,-0.1164,-0.0042,1.4196,2.4091,-0.4400
87.768,-0.4865,0.2587,-0.1164,-0.0042,1.4196,2.4094,-0.4400
87.780,-0.4937,0.2586,-0.1164,-0.0042,1.4196,2.4097,-0.4400
87.792,-0.5010,0.2586,-0.1163,-0.0042,1.4196,2.4100,-0.4400
87.804,-0.5082,0.2585,-0.1163,-0.0043,1.4196,2.4103,-0.4400
87.816,-0.5154,0.2584,-0.1162,-0.0043,1.4196,2.4106,-0.4400
87.828,-0.5227,0.2584,-0.1162,-0.0043,1.4196,2.4109,-0.4400
87.840,-0.5299,0.2583,-0.1162,-0.0043,1.4195,2.4112,-0.4400
87.852,-0.5371,0.2582,-0.1161,-0.0043,1.4195,2.4115,-0.4400
87.864,-0.5444,0.2582,-0.1161,-0.0044,1.4195,2.4118,-0.4400
87.876,-0.5516,0.2581,-0.1161,-0.0044,1.4195,2.4121,-0.4400
87.888,-0.5589,0.2580,-0.1160,-0.0044,1.4195,2.4124,-0.4400
87.900,-0.5661,0.2580,-0.1160,-0.0044,1.4195,2.4128,-0.4400
87.912,-0.5733,0.2579,-0.1160,-0.0044,1.4195,2.4131,-0.4400
87.924,-0.5806,0.2578,-0.1159,-0.0045,1.4195,2.4134,-0.4400
87.936,-0.5878,0.2578,-0.1159,-0.0045,1.4195,2.4137,-0.4400
87.948,-0.5950,0.2577,-0.1158,-0.0045,1.4194,2.4140,-0.4400
87.960,-0.6023,0.2576,-0.1158,-0.0045,1.4194,2.4143,-0.4400
87.972,-0.6095,0.2576,-0.1158,-0.0045,1.4194,2.4146,-0.4400
87.984,-0.6168,0.2575,-0.1157,-0.0046,1.4194,2.4149,-0.4400
87.996,-0.6240,0.2574,-0.1157,-0.0046,1.4194,2.4152,-0.4400
88.008,-0.6312,0.2574,-0.1157,-0.0046,1.4194,2.4155,-0.4400
88.020,-0.6385,0.2573,-0.1156,-0.0046,1.4194,2.4158,-0.4400
88.032,-0.6457,0.2573,-0.1156,-0.0046,1.4194,2.4161,-0.4400
88.044,-0.6529,0.2572,-0.1155,-0.0047,1.4194,2.4164,-0.4400
88.056,-0.6602,0.2571,-0.1155,-0.0047,1.4193,2.4167,-0.4400
88.068,-0.6674,0.2571,-0.1155,-0.0047,1.4193,2.4170,-0.4400
88.080,-0.6741,0.2570,-0.1154,-0.0047,1.4193,2.4173,-0.4400
88.092,-0.6799,0.2569,-0.1154,-0.0047,1.4193,2.4176,-0.4400
88.104,-0.6851,0.2569,-0.1154,-0.0048,1.4193,2.4178,-0.4400
88.116,-0.6896,0.2569,-0.1154,-0.0048,1.4193,2.4180,-0.4400
88.128,-0.6936,0.2568,-0.1153,-0.0048,1.4193,2.4181,-0.4400
88.140,-0.6971,0.2568,-0.1153,-0.0048,1.4193,2.4183,-0.4400
88.152,-0.7002,0.2568,-0.1153,-0.0048,1.4193,2.4184,-0.4400
88.164,-0.7030,0.2567,-0.1153,-0.0048,1.4193,2.4185,-0.4400
88.176,-0.7053,0.2567,-0.1153,-0.0048,1.4193,2.4186,-0.4400
88.188,-0.7075,0.2567,-0.1153,-0.0048,1.4193,2.4187,-0.4400
88.200,-0.7093,0.2567,-0.1153,-0.0048,1.4193,2.4188,-0.4400
88.212,-0.7093,0.2567,-0.1153,-0.0048,1.4193,2.4188,-0.4400
88.224,-0.7093,0.2568,-0.1150,-0.0048,1.4189,2.4188,-0.4400
88.236,-0.7094,0.2570,-0.1146,-0.0048,1.4183,2.4188,-0.4400
88.248,-0.7094,0.2574,-0.1140,-0.0048,1.4174,2.4187,-0.4400
88.260,-0.7095,0.2578,-0.1132,-0.0048,1.4162,2.4187,-0.4400
88.272,-0.7096,0.2583,-0.1123,-0.0048,1.4149,2.4187,-0.4400
88.284,-0.7097,0.2588,-0.1113,-0.0047,1.4134,2.4186,-0.4400
88.296,-0.7098,0.2594,-0.1102,-0.0047,1.4117,2.4186,-0.4400
88.308,-0.7099,0.2601,-0.1090,-0.0047,1.4098,2.4185,-0.4400
88.320,-0.7101,0.2608,-0.1077,-0.0047,1.4079,2.4185,-0.4400
88.332,-0.7102,0.2615,-0.1063,-0.0046,1.4058,2.4184,-0.4400
88.344,-0.7103,0.2623,-0.1048,-0.0046,1.4037,2.4184,-0.4400
88.356,-0.7105,0.2631,-0.1033,-0.0046,1.4014,2.4183,-0.4400
88.368,-0.7106,0.2639,-0.1018,-0.0045,1.3991,2.4182,-0.4400
88.380,-0.7108,0.2648,-0.1002,-0.0045,1.3968,2.4182,-0.4400
88.392,-0.7110,0.2656,-0.0986,-0.0045,1.3943,2.4181,-0.4400
88.404,-0.7111,0.2665,-0.0969,-0.0045,1.3919,2.4180,-0.4400
88.416,-0.7113,0.2674,-0.0952,-0.0044,1.3893,2.4180,-0.4400
88.428,-0.7115,0.2684,-0.0935,-0.0044,1.3868,2.4179,-0.4400
88.440,-0.7116,0.2693,-0.0918,-0.0043,1.3842,2.4178,-0.4400
88.452,-0.7118,0.2702,-0.0900,-0.0043,1.3815,2.4177,-0.4400
88.464,-0.7120,0.2712,-0.0883,-0.0043,1.3789,2.4177,-0.4400
88.476,-0.7121,0.2722,-0.0865,-0.0042,1.3762,2.4176,-0.4400
88.488,-0.7123,0.2731,-0.0847,-0.0042,1.3735,2.4175,-0.4400
88.500,-0.7125,0.2741,-0.0828,-0.0042,1.3708,2.4174,-0.4400
88.512,-0.7127,0.2751,-0.0810,-0.0041,1.3680,2.4174,-0.4400
88.524,-0.7129,0.2761,-0.0792,-0.0041,1.3653,2.4173,-0.4400
88.536,-0.7131,0.2771,-0.0773,-0.0041,1.3625,2.4172,-0.4400
88.548,-0.7132,0.2781,-0.0755,-0.0040,1.3598,2.4171,-0.4400
88.560,-0.7134,0.2791,-0.0736,-0.0040,1.3570,2.4170,-0.4400
88.572,-0.7136,0.2801,-0.0717,-0.0039,1.3542,2.4170,-0.4400
88.584,-0.7138,0.2811,-0.0699,-0.0039,1.3514,2.4169,-0.4400
88.596,-0.7140,0.2821,-0.0680,-0.0039,1.3486,2.4168,-0.4400
88.608,-0.7142,0.2831,-0.0661,-0.0038,1.3458,2.4167,-0.4400
88.620,-0.7143,0.2841,-0.0642,-0.0038,1.3430,2.4167,-0.4400
88.632,-0.7145,0.2851,-0.0624,-0.0038,1.3402,2.4166,-0.4400
88.644,-0.7147,0.2861,-0.0605,-0.0037,1.3373,2.4165,-0.4400
88.656,-0.7149,0.2871,-0.0586,-0.0037,1.3345,2.4164,-0.4400
88.668,-0.7151,0.2882,-0.0567,-0.0036,1.3317,2.4163,-0.4400
88.680,-0.7153,0.2892,-0.0548,-0.0036,1.3288,2.4163,-0.4400
88.692,-0.7155,0.2902,-0.0529,-0.0036,1.3260,2.4162,-0.4400
88.704,-0.7156,0.2912,-0.0510,-0.0035,1.3232,2.4161,-0.4400
88.716,-0.7158,0.2922,-0.0491,-0.0035,1.3203,2.4160,-0.4400
88.728,-0.7160,0.2933,-0.0472,-0.0034,1.3175,2.4159,-0.4400
88.740,-0.7162,0.2943,-0.0453,-0.0034,1.3147,2.4159,-0.4400
88.752,-0.7164,0.2953,-0.0434,-0.0034,1.3118,2.4158,-0.4400
88.764,-0.7166,0.2963,-0.0415,-0.0033,1.3090,2.4157,-0.4400
88.776,-0.7168,0.2973,-0.0396,-0.0033,1.3061,2.4156,-0.4400
88.788,-0.7170,0.2984,-0.0377,-0.0033,1.3033,2.4155,-0.4400
88.800,-0.7171,0.2994,-0.0358,-0.0032,1.3004,2.4155,-0.4400
88.812,-0.7173,0.3004,-0.0339,-0.0032,1.2976,2.4154,-0.4400
88.824,-0.7175,0.3014,-0.0320,-0.0031,1.2947,2.4153,-0.4400
88.836,-0.7177,0.3025,-0.0301,-0.0031,1.2919,2.4152,-0.4400
88.848,-0.7179,0.3035,-0.0282,-0.0031,1.2890,2.4151,-0.4400
88.860,-0.7181,0.3045,-0.0263,-0.0030,1.2862,2.4151,-0.4400
88.872,-0.7183,0.3055,-0.0244,-0.0030,1.2834,2.4150,-0.4400
88.884,-0.7185,0.3065,-0.0225,-0.0029,1.2805,2.4149,-0.4400
88.896,-0.7186,0.3076,-0.0206,-0.0029,1.2777,2.4148,-0.4400
88.908,-0.7188,0.3086,-0.0186,-0.0029,1.2748,2.4147,-0.4400
88.920,-0.7190,0.3096,-0.0167,-0.0028,1.2720,2.4147,-0.4400
88.932,-0.7192,0.3106,-0.0148,-0.0028,1.2691,2.4146,-0.4400
88.944,-0.7194,0.3117,-0.0129,-0.0027,1.2663,2.4145,-0.4400
88.956,-0.7196,0.3127,-0.0110,-0.0027,1.2634,2.4144,-0.4400
88.968,-0.7198,0.3137,-0.0091,-0.0027,1.2606,2.4143,-0.4400
88.980,-0.7200,0.3147,-0.0072,-0.0026,1.2577,2.4143,-0.4400
88.992,-0.7202,0.3158,-0.0053,-0.0026,1.2549,2.4142,-0.4400
89.004,-0.7203,0.3168,-0.0034,-0.0026,1.2520,2.4141,-0.4400
89.016,-0.7205,0.3178,-0.0015,-0.0025,1.2492,2.4140,-0.4400
89.028,-0.7207,0.3188,0.0004,-0.0025,1.2463,2.4139,-0.4400
89.040,-0.7209,0.3199,0.0023,-0.0024,1.2435,2.4139,-0.4400
89.052,-0.7211,0.3209,0.0042,-0.0024,1.2406,2.4138,-0.4400
89.064,-0.7213,0.3219,0.0061,-0.0024,1.2378,2.4137,-0.4400
89.076,-0.7215,0.3229,0.0080,-0.0023,1.2349,2.4136,-0.4400
89.088,-0.7217,0.3240,0.0099,-0.0023,1.2321,2.4135,-0.4400
89.100,-0.7218,0.3250,0.0119,-0.0022,1.2292,2.4135,-0.4400
89.112,-0.7220,0.3260,0.0138,-0.0022,1.2264,2.4134,-0.4400
89.124,-0.7222,0.3270,0.0157,-0.0022,1.2235,2.4133,-0.4400
89.136,-0.7224,0.3281,0.0176,-0.0021,1.2207,2.4132,-0.4400
89.148,-0.7226,0.3291,0.0195,-0.0021,1.2178,2.4131,-0.4400
89.160,-0.7228,0.3301,0.0214,-0.0021,1.2150,2.4131,-0.4400
89.172,-0.7230,0.3311,0.0233,-0.0020,1.2121,2.4130,-0.4400
89.184,-0.7232,0.3322,0.0252,-0.0020,1.2092,2.4129,-0.4400
89.196,-0.7234,0.3332,0.0271,-0.0019,1.2064,2.4128,-0.4400
89.208,-0.7235,0.3342,0.0290,-0.0019,1.2035,2.4127,-0.4400
89.220,-0.7237,0.3352,0.0309,-0.0019,1.2007,2.4126,-0.4400
89.232,-0.7239,0.3363,0.0328,-0.0018,1.1978,2.4126,-0.4400
89.244,-0.7241,0.3373,0.0347,-0.0018,1.1950,2.4125,-0.4400
89.256,-0.7243,0.3383,0.0366,-0.0017,1.1921,2.4124,-0.4400
89.268,-0.7245,0.3393,0.0385,-0.0017,1.1893,2.4123,-0.4400
89.280,-0.7247,0.3404,0.0404,-0.0017,1.1864,2.4122,-0.4400
89.292,-0.7249,0.3414,0.0424,-0.0016,1.1836,2.4122,-0.4400
89.304,-0.7250,0.3424,0.0443,-0.0016,1.1807,2.4121,-0.4400
89.316,-0.7252,0.3434,0.0462,-0.0016,1.1779,2.4120,-0.4400
89.328,-0.7254,0.3445,0.0481,-0.0015,1.1750,2.4119,-0.4400
89.340,-0.7256,0.3455,0.0500,-0.0015,1.1722,2.4118,-0.4400
89.352,-0.7258,0.3465,0.0519,-0.0014,1.1693,2.4118,-0.4400
89.364,-0.7260,0.3475,0.0538,-0.0014,1.1665,2.4117,-0.4400
89.376,-0.7262,0.3485,0.0557,-0.0014,1.1636,2.4116,-0.4400
89.388,-0.7264,0.3496,0.0576,-0.0013,1.1608,2.4115,-0.4400
89.400,-0.7265,0.3506,0.0595,-0.0013,1.1579,2.4114,-0.4400
89.412,-0.7267,0.3516,0.0614,-0.0012,1.1551,2.4114,-0.4400
89.424,-0.7269,0.3526,0.0633,-0.0012,1.1522,2.4113,-0.4400
89.436,-0.7271,0.3537,0.0652,-0.0012,1.1494,2.4112,-0.4400
89.448,-0.7273,0.3547,0.0671,-0.0011,1.1465,2.4111,-0.4400
89.460,-0.7275,0.3557,0.0690,-0.0011,1.1437,2.4110,-0.4400
89.472,-0.7277,0.3567,0.0710,-0.0011,1.1408,2.4110,-0.4400
89.484,-0.7279,0.3578,0.0729,-0.0010,1.1380,2.4109,-0.4400
89.496,-0.7281,0.3588,0.0748,-0.0010,1.1351,2.4108,-0.4400
89.508,-0.7282,0.3598,0.0767,-0.0009,1.1323,2.4107,-0.4400
89.520,-0.7284,0.3608,0.0786,-0.0009,1.1294,2.4106,-0.4400
89.532,-0.7286,0.3619,0.0805,-0.0009,1.1266,2.4106,-0.4400
89.544,-0.7288,0.3629,0.0824,-0.0008,1.1237,2.4105,-0.4400
89.556,-0.7290,0.3639,0.0843,-0.0008,1.1209,2.4104,-0.4400
89.568,-0.7292,0.3649,0.0862,-0.0007,1.1180,2.4103,-0.4400
89.580,-0.7294,0.3660,0.0881,-0.0007,1.1152,2.4102,-0.4400
89.592,-0.7296,0.3670,0.0900,-0.0007,1.1123,2.4102,-0.4400
89.604,-0.7297,0.3680,0.0919,-0.0006,1.1095,2.4101,-0.4400
89.616,-0.7299,0.3690,0.0938,-0.0006,1.1066,2.4100,-0.4400
89.628,-0.7301,0.3701,0.0957,-0.0005,1.1038,2.4099,-0.4400
89.640,-0.7303,0.3711,0.0976,-0.0005,1.1009,2.4098,-0.4400
89.652,-0.7305,0.3721,0.0996,-0.0005,1.0981,2.4098,-0.4400
89.664,-0.7307,0.3731,0.1015,-0.0004,1.0952,2.4097,-0.4400
89.676,-0.7309,0.3742,0.1034,-0.0004,1.0924,2.4096,-0.4400
89.688,-0.7311,0.3752,0.1053,-0.0004,1.0895,2.4095,-0.4400
89.700,-0.7312,0.3762,0.1072,-0.0003,1.0867,2.4094,-0.4400
89.712,-0.7314,0.3772,0.1091,-0.0003,1.0838,2.4094,-0.4400
89.724,-0.7316,0.3781,0.1108,-0.0002,1.0813,2.4093,-0.4400
89.736,-0.7317,0.3789,0.1122,-0.0002,1.0791,2.4092,-0.4400
89.748,-0.7319,0.3796,0.1135,-0.0002,1.0772,2.4092,-0.4400
89.760,-0.7320,0.3802,0.1147,-0.0002,1.0754,2.4091,-0.4400
89.772,-0.7321,0.3808,0.1157,-0.0001,1.0739,2.4091,-0.4400
89.784,-0.7322,0.3813,0.1166,-0.0001,1.0726,2.4090,-0.4395
89.796,-0.7323,0.3817,0.1174,-0.0001,1.0715,2.4090,-0.4385
89.808,-0.7323,0.3820,0.1180,-0.0001,1.0704,2.4090,-0.4371
89.820,-0.7324,0.3824,0.1186,-0.0001,1.0695,2.4090,-0.4353
89.832,-0.7324,0.3827,0.1192,-0.0001,1.0687,2.4089,-0.4332
89.844,-0.7325,0.3829,0.1196,-0.0001,1.0680,2.4089,-0.4309
89.856,-0.7325,0.3831,0.1201,-0.0001,1.0674,2.4089,-0.4283
89.868,-0.7326,0.3833,0.1204,-0.0000,1.0669,2.4089,-0.4255
89.880,-0.7326,0.3835,0.1207,-0.0000,1.0664,2.4089,-0.4225
89.892,-0.7326,0.3836,0.1210,-0.0000,1.0660,2.4089,-0.4193
89.904,-0.7326,0.3838,0.1213,-0.0000,1.0656,2.4088,-0.4160
89.916,-0.7327,0.3839,0.1215,-0.0000,1.0653,2.4088,-0.4125
89.928,-0.7327,0.3840,0.1217,-0.0000,1.0650,2.4088,-0.4089
89.940,-0.7327,0.3841,0.1218,-0.0000,1.0648,2.4088,-0.4053
89.952,-0.7327,0.3842,0.1220,-0.0000,1.0645,2.4088,-0.4015
89.964,-0.7327,0.3842,0.1221,-0.0000,1.0643,2.4088,-0.3977
89.976,-0.7327,0.3843,0.1222,-0.0000,1.0642,2.4088,-0.3938
89.988,-0.7327,0.3844,0.1223,-0.0000,1.0640,2.4088,-0.3898
90.000,-0.7328,0.3844,0.1224,-0.0000,1.0639,2.4088,-0.3858
90.012,-0.7328,0.3844,0.1225,-0.0000,1.0638,2.4088,-0.3818
90.024,-0.7328,0.3845,0.1226,-0.0000,1.0637,2.4088,-0.3777
90.036,-0.7328,0.3845,0.1226,-0.0000,1.0636,2.4088,-0.3735
90.048,-0.7328,0.3845,0.1227,-0.0000,1.0635,2.4088,-0.3694
90.060,-0.7328,0.3846,0.1227,-0.0000,1.0634,2.4088,-0.3652
90.072,-0.7328,0.3846,0.1228,-0.0000,1.0634,2.4088,-0.3609
90.084,-0.7328,0.3846,0.1228,-0.0000,1.0633,2.4088,-0.3567
90.096,-0.7328,0.3846,0.1228,0.0000,1.0633,2.4088,-0.3524
90.108,-0.7328,0.3846,0.1229,0.0000,1.0632,2.4088,-0.3482
90.120,-0.7328,0.3847,0.1229,0.0000,1.0632,2.4088,-0.3439
90.132,-0.7328,0.3847,0.1229,0.0000,1.0631,2.4088,-0.3396
90.144,-0.7328,0.3847,0.1229,0.0000,1.0631,2.4088,-0.3353
90.156,-0.7328,0.3847,0.1229,0.0000,1.0631,2.4088,-0.3309
90.168,-0.7328,0.3847,0.1230,0.0000,1.0631,2.4088,-0.3266
90.180,-0.7328,0.3847,0.1230,0.0000,1.0631,2.4088,-0.3222
90.192,-0.7328,0.3847,0.1230,0.0000,1.0630,2.4088,-0.3179
90.204,-0.7328,0.3847,0.1230,0.0000,1.0630,2.4088,-0.3135
90.216,-0.7328,0.3847,0.1230,0.0000,1.0630,2.4088,-0.3092
90.228,-0.7328,0.3847,0.1230,0.0000,1.0630,2.4088,-0.3048
90.240,-0.7328,0.3847,0.1230,0.0000,1.0630,2.4088,-0.3004
90.252,-0.7328,0.3847,0.1230,0.0000,1.0630,2.4088,-0.2961
90.264,-0.7328,0.3847,0.1230,0.0000,1.0630,2.4088,-0.2917
90.276,-0.7328,0.3847,0.1230,0.0000,1.0630,2.4088,-0.2873
90.288,-0.7328,0.3847,0.1230,0.0000,1.0630,2.4088,-0.2829
90.300,-0.7328,0.3847,0.1230,0.0000,1.0629,2.4088,-0.2786
90.312,-0.7328,0.3847,0.1230,0.0000,1.0629,2.4088,-0.2742
90.324,-0.7328,0.3847,0.1231,0.0000,1.0629,2.4088,-0.2698
90.336,-0.7328,0.3847,0.1231,0.0000,1.0629,2.4088,-0.2654
90.348,-0.7328,0.3847,0.1231,0.0000,1.0629,2.4088,-0.2610
90.360,-0.7328,0.3847,0.1231,0.0000,1.0629,2.4088,-0.2566
90.372,-0.7328,0.3847,0.1231,0.0000,1.0629,2.4088,-0.2522
90.384,-0.7328,0.3847,0.1231,0.0000,1.0629,2.4088,-0.2478
90.396,-0.7328,0.3847,0.1231,0.0000,1.0629,2.4088,-0.2434
90.408,-0.7328,0.3847,0.1231,0.0000,1.0629,2.4088,-0.2390
90.420,-0.7328,0.3847,0.1231,0.0000,1.0629,2.4088,-0.2346
90.432,-0.7328,0.3847,0.1231,0.0000,1.0629,2.4088,-0.2302
90.444,-0.7328,0.3847,0.1231,0.0000,1.0629,2.4088,-0.2258
90.456,-0.7328,0.3847,0.1231,0.0000,1.0629,2.4088,-0.2214
90.468,-0.7328,0.3847,0.1231,0.0000,1.0629,2.4088,-0.2170
90.480,-0.7328,0.3847,0.1231,0.0000,1.0629,2.4088,-0.2126
90.492,-0.7328,0.3847,0.1231,0.0000,1.0629,2.4088,-0.2083
90.504,-0.7328,0.3847,0.1231,0.0000,1.0629,2.4088,-0.2039
90.516,-0.7328,0.3847,0.1231,0.0000,1.0629,2.4088,-0.1995
90.528,-0.7328,0.3847,0.1231,0.0000,1.0629,2.4088,-0.1951
90.540,-0.7328,0.3847,0.1231,0.0000,1.0629,2.4088,-0.1907
90.552,-0.7328,0.3847,0.1231,0.0000,1.0629,2.4088,-0.1863
90.564,-0.7328,0.3847,0.1231,0.0000,1.0629,2.4088,-0.1819
90.576,-0.7328,0.3847,0.1231,0.0000,1.0629,2.4088,-0.1775
90.588,-0.7328,0.3847,0.1231,0.0000,1.0629,2.4088,-0.1731
90.600,-0.7328,0.3847,0.1231,0.0000,1.0629,2.4088,-0.1687
90.612,-0.7328,0.3847,0.1231,0.0000,1.0629,2.4088,-0.1643
90.624,-0.7328,0.3847,0.1231,0.0000,1.0629,2.4088,-0.1599
90.636,-0.7328,0.3847,0.1231,0.0000,1.0629,2.4088,-0.1555
90.648,-0.7328,0.3848,0.1231,0.0000,1.0629,2.4088,-0.1511
90.660,-0.7328,0.3848,0.1231,0.0000,1.0629,2.4088,-0.1467
90.672,-0.7328,0.3848,0.1231,0.0000,1.0629,2.4088,-0.1423
90.684,-0.7328,0.3848,0.1231,0.0000,1.0629,2.4088,-0.1379
90.696,-0.7328,0.3848,0.1231,0.0000,1.0629,2.4088,-0.1335
90.708,-0.7328,0.3848,0.1231,0.0000,1.0629,2.4088,-0.1291
90.720,-0.7328,0.3848,0.1231,0.0000,1.0629,2.4088,-0.1247
90.732,-0.7328,0.3848,0.1231,0.0000,1.0629,2.4088,-0.1203
90.744,-0.7328,0.3848,0.1231,0.0000,1.0629,2.4088,-0.1159
90.756,-0.7328,0.3848,0.1231,0.0000,1.0629,2.4088,-0.1115
90.768,-0.7328,0.3848,0.1231,0.0000,1.0629,2.4088,-0.1071
90.780,-0.7328,0.3848,0.1231,0.0000,1.0629,2.4088,-0.1027
90.792,-0.7328,0.3848,0.1231,0.0000,1.0629,2.4088,-0.0983
90.804,-0.7328,0.3848,0.1231,0.0000,1.0629,2.4088,-0.0939
90.816,-0.7328,0.3848,0.1231,0.0000,1.0629,2.4088,-0.0895
90.828,-0.7328,0.3848,0.1231,0.0000,1.0629,2.4088,-0.0851
90.840,-0.7328,0.3848,0.1231,0.0000,1.0629,2.4088,-0.0807
90.852,-0.7328,0.3848,0.1231,0.0000,1.0629,2.4088,-0.0763
90.864,-0.7328,0.3848,0.1231,0.0000,1.0629,2.4088,-0.0719
90.876,-0.7328,0.3848,0.1231,0.0000,1.0629,2.4088,-0.0675
90.888,-0.7328,0.3848,0.1231,0.0000,1.0629,2.4088,-0.0631
90.900,-0.7328,0.3848,0.1231,0.0000,1.0629,2.4088,-0.0587
90.912,-0.7328,0.3848,0.1231,0.0000,1.0629,2.4088,-0.0543
90.924,-0.7328,0.3848,0.1231,0.0000,1.0629,2.4088,-0.0499
90.936,-0.7328,0.3848,0.1231,0.0000,1.0629,2.4088,-0.0455
90.948,-0.7328,0.3848,0.1231,0.0000,1.0629,2.4088,-0.0411
90.960,-0.7328,0.3848,0.1231,0.0000,1.0629,2.4088,-0.0367
90.972,-0.7328,0.3848,0.1231,0.0000,1.0629,2.4088,-0.0323
90.984,-0.7328,0.3848,0.1231,0.0000,1.0629,2.4088,-0.0284
90.996,-0.7328,0.3848,0.1231,0.0000,1.0629,2.4088,-0.0250
91.008,-0.7328,0.3848,0.1231,0.0000,1.0629,2.4088,-0.0220
91.020,-0.7328,0.3848,0.1231,0.0000,1.0629,2.4088,-0.0194
91.032,-0.7328,0.3846,0.1228,0.0000,1.0632,2.4088,-0.0170
91.044,-0.7328,0.3844,0.1224,-0.0000,1.0639,2.4088,-0.0150
91.056,-0.7328,0.3841,0.1218,-0.0000,1.0648,2.4088,-0.0132
91.068,-0.7327,0.3837,0.1210,-0.0000,1.0659,2.4089,-0.0116
91.080,-0.7327,0.3832,0.1201,-0.0001,1.0673,2.4089,-0.0102
91.092,-0.7327,0.3826,0.1191,-0.0001,1.0688,2.4089,-0.0090
91.104,-0.7326,0.3820,0.1180,-0.0001,1.0705,2.4090,-0.0079
91.116,-0.7326,0.3814,0.1168,-0.0001,1.0723,2.4091,-0.0070
91.128,-0.7325,0.3807,0.1155,-0.0002,1.0743,2.4091,-0.0061
91.140,-0.7324,0.3799,0.1141,-0.0002,1.0763,2.4092,-0.0054
91.152,-0.7324,0.3791,0.1127,-0.0002,1.0785,2.4092,-0.0047
91.164,-0.7323,0.3783,0.1112,-0.0002,1.0807,2.4093,-0.0042
91.176,-0.7323,0.3775,0.1096,-0.0003,1.0830,2.4094,-0.0037
91.188,-0.7322,0.3767,0.1080,-0.0003,1.0854,2.4094,-0.0032
91.200,-0.7321,0.3758,0.1064,-0.0003,1.0878,2.4095,-0.0028
91.212,-0.7321,0.3749,0.1047,-0.0004,1.0903,2.4096,-0.0025
91.224,-0.7320,0.3740,0.1031,-0.0004,1.0928,2.4097,-0.0022
91.236,-0.7319,0.3731,0.1013,-0.0004,1.0954,2.4097,-0.0019
91.248,-0.7318,0.3721,0.0996,-0.0005,1.0980,2.4098,-0.0017
91.260,-0.7318,0.3712,0.0978,-0.0005,1.1006,2.4099,-0.0015
91.272,-0.7317,0.3702,0.0961,-0.0005,1.1033,2.4100,-0.0013
91.284,-0.7316,0.3693,0.0943,-0.0006,1.1060,2.4101,-0.0012
91.296,-0.7315,0.3683,0.0925,-0.0006,1.1087,2.4101,-0.0010
91.308,-0.7315,0.3673,0.0907,-0.0007,1.1114,2.4102,-0.0009
91.320,-0.7314,0.3663,0.0888,-0.0007,1.1141,2.4103,-0.0008
91.332,-0.7313,0.3653,0.0870,-0.0007,1.1169,2.4104,-0.0007
91.344,-0.7312,0.3643,0.0851,-0.0008,1.1196,2.4105,-0.0006
91.356,-0.7312,0.3633,0.0833,-0.0008,1.1224,2.4105,-0.0005
91.368,-0.7311,0.3623,0.0814,-0.0008,1.1252,2.4106,-0.0005
91.380,-0.7310,0.3613,0.0796,-0.0009,1.1280,2.4107,-0.0004
91.392,-0.7309,0.3603,0.0777,-0.0009,1.1308,2.4108,-0.0004
91.404,-0.7309,0.3593,0.0758,-0.0010,1.1336,2.4109,-0.0003
91.416,-0.7308,0.3583,0.0739,-0.0010,1.1364,2.4110,-0.0003
91.428,-0.7307,0.3573,0.0721,-0.0010,1.1392,2.4110,-0.0003
91.440,-0.7306,0.3563,0.0702,-0.0011,1.1420,2.4111,-0.0002
91.452,-0.7305,0.3553,0.0683,-0.0011,1.1448,2.4112,-0.0002
91.464,-0.7305,0.3543,0.0664,-0.0012,1.1477,2.4113,-0.0002
91.476,-0.7304,0.3532,0.0645,-0.0012,1.1505,2.4114,-0.0002
91.488,-0.7303,0.3522,0.0626,-0.0012,1.1533,2.4115,-0.0001
91.500,-0.7302,0.3512,0.0607,-0.0013,1.1562,2.4115,-0.0001
91.512,-0.7301,0.3502,0.0588,-0.0013,1.1590,2.4116,-0.0001
91.524,-0.7301,0.3492,0.0569,-0.0013,1.1618,2.4117,-0.0001
91.536,-0.7300,0.3481,0.0550,-0.0014,1.1647,2.4118,-0.0001
91.548,-0.7299,0.3471,0.0531,-0.0014,1.1675,2.4119,-0.0001
91.560,-0.7298,0.3461,0.0512,-0.0015,1.1703,2.4120,-0.0001
91.572,-0.7297,0.3451,0.0493,-0.0015,1.1732,2.4121,-0.0001
91.584,-0.7297,0.3441,0.0474,-0.0015,1.1760,2.4121,-0.0000
91.596,-0.7296,0.3430,0.0455,-0.0016,1.1789,2.4122,-0.0000
91.608,-0.7295,0.3420,0.0436,-0.0016,1.1817,2.4123,-0.0000
91.620,-0.7294,0.3410,0.0417,-0.0017,1.1846,2.4124,-0.0000
91.632,-0.7294,0.3400,0.0398,-0.0017,1.1874,2.4125,-0.0000
91.644,-0.7293,0.3389,0.0379,-0.0017,1.1903,2.4126,-0.0000
91.656,-0.7292,0.3379,0.0360,-0.0018,1.1931,2.4126,-0.0000
91.668,-0.7291,0.3369,0.0341,-0.0018,1.1960,2.4127,-0.0000
91.680,-0.7290,0.3359,0.0322,-0.0019,1.1988,2.4128,-0.0000
91.692,-0.7290,0.3348,0.0303,-0.0019,1.2017,2.4129,-0.0000
91.704,-0.7289,0.3338,0.0284,-0.0019,1.2045,2.4130,-0.0000
91.716,-0.7288,0.3328,0.0265,-0.0020,1.2074,2.4131,-0.0000
91.728,-0.7287,0.3318,0.0246,-0.0020,1.2102,2.4132,-0.0000
91.740,-0.7286,0.3307,0.0227,-0.0020,1.2131,2.4132,-0.0000
91.752,-0.7286,0.3297,0.0208,-0.0021,1.2159,2.4133,-0.0000
91.764,-0.7285,0.3287,0.0189,-0.0021,1.2188,2.4134,-0.0000
91.776,-0.7284,0.3277,0.0170,-0.0022,1.2216,2.4135,-0.0000
91.788,-0.7283,0.3266,0.0151,-0.0022,1.2245,2.4136,-0.0000
91.800,-0.7282,0.3256,0.0131,-0.0022,1.2273,2.4137,-0.0000
91.812,-0.7282,0.3246,0.0112,-0.0023,1.2302,2.4137,-0.0000
91.824,-0.7281,0.3236,0.0093,-0.0023,1.2330,2.4138,-0.0000
91.836,-0.7280,0.3225,0.0074,-0.0024,1.2359,2.4139,-0.0000
91.848,-0.7279,0.3215,0.0055,-0.0024,1.2387,2.4140,-0.0000
91.860,-0.7278,0.3205,0.0036,-0.0024,1.2416,2.4141,-0.0000
91.872,-0.7278,0.3195,0.0017,-0.0025,1.2444,2.4142,-0.0000
91.884,-0.7277,0.3184,-0.0002,-0.0025,1.2473,2.4143,-0.0000
91.896,-0.7276,0.3174,-0.0021,-0.0026,1.2501,2.4143,-0.0000
91.908,-0.7275,0.3164,-0.0040,-0.0026,1.2530,2.4144,-0.0000
91.920,-0.7275,0.3154,-0.0059,-0.0026,1.2558,2.4145,-0.0000
91.932,-0.7274,0.3143,-0.0078,-0.0027,1.2587,2.4146,-0.0000
91.944,-0.7273,0.3133,-0.0097,-0.0027,1.2615,2.4147,-0.0000
91.956,-0.7272,0.3123,-0.0116,-0.0027,1.2644,2.4148,-0.0000
91.968,-0.7271,0.3113,-0.0135,-0.0028,1.2672,2.4149,-0.0000
91.980,-0.7271,0.3102,-0.0154,-0.0028,1.2701,2.4149,-0.0000
91.992,-0.7270,0.3092,-0.0173,-0.0029,1.2729,2.4150,-0.0000
92.004,-0.7269,0.3082,-0.0193,-0.0029,1.2758,2.4151,-0.0000
92.016,-0.7268,0.3072,-0.0212,-0.0029,1.2786,2.4152,-0.0000
92.028,-0.7267,0.3061,-0.0231,-0.0030,1.2815,2.4153,-0.0000
92.040,-0.7267,0.3051,-0.0250,-0.0030,1.2843,2.4154,-0.0000
92.052,-0.7266,0.3041,-0.0269,-0.0031,1.2872,2.4154,-0.0000
92.064,-0.7265,0.3030,-0.0288,-0.0031,1.2900,2.4155,-0.0000
92.076,-0.7264,0.3020,-0.0307,-0.0031,1.2929,2.4156,-0.0000
92.088,-0.7263,0.3010,-0.0326,-0.0032,1.2957,2.4157,-0.0000
92.100,-0.7263,0.3000,-0.0345,-0.0032,1.2986,2.4158,-0.0000
92.112,-0.7262,0.2989,-0.0364,-0.0033,1.3014,2.4159,-0.0000
92.124,-0.7261,0.2979,-0.0383,-0.0033,1.3043,2.4160,-0.0000
92.136,-0.7260,0.2969,-0.0402,-0.0033,1.3071,2.4160,-0.0000
92.148,-0.7259,0.2959,-0.0421,-0.0034,1.3100,2.4161,-0.0000
92.160,-0.7259,0.2948,-0.0440,-0.0034,1.3128,2.4162,-0.0000
92.172,-0.7258,0.2938,-0.0459,-0.0034,1.3157,2.4163,-0.0000
92.184,-0.7257,0.2928,-0.0478,-0.0035,1.3185,2.4164,-0.0000
92.196,-0.7256,0.2918,-0.0498,-0.0035,1.3214,2.4165,-0.0000
92.208,-0.7255,0.2907,-0.0517,-0.0036,1.3242,2.4165,-0.0000
92.220,-0.7255,0.2897,-0.0536,-0.0036,1.3271,2.4166,-0.0000
92.232,-0.7254,0.2887,-0.0555,-0.0036,1.3299,2.4167,-0.0000
92.244,-0.7253,0.2877,-0.0574,-0.0037,1.3328,2.4168,-0.0000
92.256,-0.7252,0.2866,-0.0593,-0.0037,1.3356,2.4169,-0.0000
92.268,-0.7252,0.2856,-0.0612,-0.0038,1.3385,2.4170,-0.0000
92.280,-0.7251,0.2846,-0.0631,-0.0038,1.3413,2.4171,-0.0000
92.292,-0.7250,0.2836,-0.0650,-0.0038,1.3442,2.4171,-0.0000
92.304,-0.7249,0.2825,-0.0669,-0.0039,1.3470,2.4172,-0.0000
92.316,-0.7248,0.2815,-0.0688,-0.0039,1.3499,2.4173,-0.0000
92.328,-0.7248,0.2805,-0.0707,-0.0040,1.3527,2.4174,-0.0000
92.340,-0.7247,0.2795,-0.0726,-0.0040,1.3556,2.4175,-0.0000
92.352,-0.7246,0.2784,-0.0745,-0.0040,1.3584,2.4176,-0.0000
92.364,-0.7245,0.2774,-0.0764,-0.0041,1.3613,2.4176,-0.0000
92.376,-0.7244,0.2764,-0.0783,-0.0041,1.3641,2.4177,-0.0000
92.388,-0.7244,0.2754,-0.0802,-0.0041,1.3670,2.4178,-0.0000
92.400,-0.7243,0.2743,-0.0822,-0.0042,1.3698,2.4179,-0.0000
92.412,-0.7242,0.2733,-0.0841,-0.0042,1.3727,2.4180,-0.0000
92.424,-0.7241,0.2723,-0.0860,-0.0043,1.3755,2.4181,-0.0000
92.436,-0.7240,0.2713,-0.0879,-0.0043,1.3784,2.4182,-0.0000
92.448,-0.7240,0.2702,-0.0898,-0.0043,1.3812,2.4182,-0.0000
92.460,-0.7239,0.2692,-0.0917,-0.0044,1.3841,2.4183,-0.0000
92.472,-0.7238,0.2682,-0.0936,-0.0044,1.3869,2.4184,-0.0000
92.484,-0.7237,0.2672,-0.0955,-0.0045,1.3898,2.4185,-0.0000
92.496,-0.7236,0.2661,-0.0974,-0.0045,1.3926,2.4186,-0.0000
92.508,-0.7236,0.2651,-0.0993,-0.0045,1.3955,2.4187,-0.0000
92.520,-0.7235,0.2641,-0.1012,-0.0046,1.3983,2.4188,-0.0000
92.532,-0.7234,0.2632,-0.1029,-0.0046,1.4008,2.4188,-0.0000
92.544,-0.7234,0.2624,-0.1044,-0.0046,1.4031,2.4189,-0.0000
92.556,-0.7233,0.2617,-0.1057,-0.0047,1.4050,2.4189,-0.0000
92.568,-0.7233,0.2611,-0.1068,-0.0047,1.4067,2.4190,-0.0000
92.580,-0.7232,0.2605,-0.1078,-0.0047,1.4082,2.4190,-0.0000
92.592,-0.7232,0.2605,-0.1078,-0.0047,1.4082,2.4190,-0.0000
92.604,-0.7228,0.2604,-0.1078,-0.0047,1.4074,2.4177,-0.0000
92.616,-0.7220,0.2601,-0.1076,-0.0047,1.4059,2.4150,-0.0000
92.628,-0.7209,0.2597,-0.1075,-0.0047,1.4037,2.4113,-0.0000
92.640,-0.7195,0.2592,-0.1073,-0.0047,1.4010,2.4067,-0.0000
92.652,-0.7179,0.2586,-0.1070,-0.0047,1.3978,2.4012,-0.0000
92.664,-0.7160,0.2579,-0.1067,-0.0047,1.3942,2.3950,-0.0000
92.676,-0.7140,0.2572,-0.1064,-0.0046,1.3902,2.3881,-0.0000
92.688,-0.7117,0.2564,-0.1061,-0.0046,1.3859,2.3807,-0.0000
92.700,-0.7094,0.2555,-0.1058,-0.0046,1.3813,2.3727,-0.0000
92.712,-0.7069,0.2546,-0.1054,-0.0046,1.3764,2.3644,-0.0000
92.724,-0.7042,0.2537,-0.1050,-0.0046,1.3713,2.3556,-0.0000
92.736,-0.7015,0.2527,-0.1046,-0.0046,1.3660,2.3465,-0.0000
92.748,-0.6987,0.2517,-0.1042,-0.0046,1.3605,2.3371,-0.0000
92.760,-0.6958,0.2507,-0.1037,-0.0045,1.3549,2.3274,-0.0000
92.772,-0.6929,0.2496,-0.1033,-0.0045,1.3491,2.3175,-0.0000
92.784,-0.6898,0.2485,-0.1028,-0.0045,1.3432,2.3074,-0.0000
92.796,-0.6868,0.2474,-0.1024,-0.0045,1.3372,2.2971,-0.0000
92.808,-0.6836,0.2463,-0.1019,-0.0045,1.3311,2.2867,-0.0000
92.820,-0.6805,0.2451,-0.1014,-0.0044,1.3250,2.2761,-0.0000
92.832,-0.6773,0.2440,-0.1010,-0.0044,1.3187,2.2654,-0.0000
92.844,-0.6740,0.2428,-0.1005,-0.0044,1.3124,2.2545,-0.0000
92.856,-0.6708,0.2416,-0.1000,-0.0044,1.3061,2.2436,-0.0000
92.868,-0.6675,0.2404,-0.0995,-0.0043,1.2997,2.2326,-0.0000
92.880,-0.6642,0.2393,-0.0990,-0.0043,1.2932,2.2216,-0.0000
92.892,-0.6608,0.2381,-0.0985,-0.0043,1.2868,2.2104,-0.0000
92.904,-0.6575,0.2369,-0.0980,-0.0043,1.2802,2.1992,-0.0000
92.916,-0.6541,0.2356,-0.0975,-0.0043,1.2737,2.1880,-0.0000
92.928,-0.6508,0.2344,-0.0970,-0.0042,1.2671,2.1767,-0.0000
92.940,-0.6474,0.2332,-0.0965,-0.0042,1.2605,2.1654,-0.0000
92.952,-0.6440,0.2320,-0.0960,-0.0042,1.2539,2.1540,-0.0000
92.964,-0.6406,0.2308,-0.0955,-0.0042,1.2473,2.1426,-0.0000
92.976,-0.6372,0.2295,-0.0950,-0.0041,1.2406,2.1312,-0.0000
92.988,-0.6337,0.2283,-0.0945,-0.0041,1.2340,2.1198,-0.0000
93.000,-0.6303,0.2271,-0.0940,-0.0041,1.2273,2.1083,-0.0000
93.012,-0.6269,0.2258,-0.0935,-0.0041,1.2206,2.0968,-0.0000
93.024,-0.6234,0.2246,-0.0929,-0.0041,1.2139,2.0853,-0.0000
93.036,-0.6200,0.2233,-0.0924,-0.0040,1.2072,2.0738,-0.0000
93.048,-0.6166,0.2221,-0.0919,-0.0040,1.2005,2.0623,-0.0000
93.060,-0.6131,0.2209,-0.0914,-0.0040,1.1938,2.0508,-0.0000
93.072,-0.6097,0.2196,-0.0909,-0.0040,1.1871,2.0392,-0.0000
93.084,-0.6062,0.2184,-0.0904,-0.0039,1.1804,2.0277,-0.0000
93.096,-0.6028,0.2171,-0.0899,-0.0039,1.1737,2.0161,-0.0000
93.108,-0.5993,0.2159,-0.0893,-0.0039,1.1669,2.0046,-0.0000
93.120,-0.5958,0.2146,-0.0888,-0.0039,1.1602,1.9930,-0.0000
93.132,-0.5924,0.2134,-0.0883,-0.0039,1.1534,1.9814,-0.0000
93.144,-0.5889,0.2121,-0.0878,-0.0038,1.1467,1.9698,-0.0000
93.156,-0.5855,0.2109,-0.0873,-0.0038,1.1400,1.9582,-0.0000
93.168,-0.5820,0.2097,-0.0868,-0.0038,1.1332,1.9467,-0.0000
93.180,-0.5785,0.2084,-0.0862,-0.0038,1.1265,1.9351,-0.0000
93.192,-0.5751,0.2072,-0.0857,-0.0037,1.1197,1.9235,-0.0000
93.204,-0.5716,0.2059,-0.0852,-0.0037,1.1130,1.9119,-0.0000
93.216,-0.5681,0.2047,-0.0847,-0.0037,1.1062,1.9003,-0.0000
93.228,-0.5647,0.2034,-0.0842,-0.0037,1.0995,1.8887,-0.0000
93.240,-0.5612,0.2022,-0.0837,-0.0037,1.0927,1.8771,-0.0000
93.252,-0.5577,0.2009,-0.0831,-0.0036,1.0860,1.8655,-0.0000
93.264,-0.5543,0.1997,-0.0826,-0.0036,1.0792,1.8539,-0.0000
93.276,-0.5508,0.1984,-0.0821,-0.0036,1.0725,1.8423,-0.0000
93.288,-0.5473,0.1972,-0.0816,-0.0036,1.0657,1.8307,-0.0000
93.300,-0.5438,0.1959,-0.0811,-0.0035,1.0589,1.8191,-0.0000
93.312,-0.5404,0.1947,-0.0806,-0.0035,1.0522,1.8075,-0.0000
93.324,-0.5369,0.1934,-0.0800,-0.0035,1.0454,1.7959,-0.0000
93.336,-0.5334,0.1922,-0.0795,-0.0035,1.0387,1.7843,-0.0000
93.348,-0.5300,0.1909,-0.0790,-0.0035,1.0319,1.7726,-0.0000
93.360,-0.5265,0.1897,-0.0785,-0.0034,1.0252,1.7610,-0.0000
93.372,-0.5230,0.1884,-0.0780,-0.0034,1.0184,1.7494,-0.0000
93.384,-0.5196,0.1872,-0.0775,-0.0034,1.0116,1.7378,-0.0000
93.396,-0.5161,0.1859,-0.0769,-0.0034,1.0049,1.7262,-0.0000
93.408,-0.5126,0.1847,-0.0764,-0.0033,0.9981,1.7146,-0.0000
93.420,-0.5091,0.1834,-0.0759,-0.0033,0.9914,1.7030,-0.0000
93.432,-0.5057,0.1822,-0.0754,-0.0033,0.9846,1.6914,-0.0000
93.444,-0.5022,0.1809,-0.0749,-0.0033,0.9779,1.6798,-0.0000
93.456,-0.4987,0.1797,-0.0744,-0.0032,0.9711,1.6682,-0.0000
93.468,-0.4953,0.1784,-0.0738,-0.0032,0.9643,1.6566,-0.0000
93.480,-0.4918,0.1772,-0.0733,-0.0032,0.9576,1.6449,-0.0000
93.492,-0.4883,0.1759,-0.0728,-0.0032,0.9508,1.6333,-0.0000
93.504,-0.4848,0.1747,-0.0723,-0.0032,0.9441,1.6217,-0.0000
93.516,-0.4814,0.1734,-0.0718,-0.0031,0.9373,1.6101,-0.0000
93.528,-0.4779,0.1722,-0.0712,-0.0031,0.9305,1.5985,-0.0000
93.540,-0.4744,0.1709,-0.0707,-0.0031,0.9238,1.5869,-0.0000
93.552,-0.4710,0.1697,-0.0702,-0.0031,0.9170,1.5753,-0.0000
93.564,-0.4675,0.1684,-0.0697,-0.0030,0.9103,1.5637,-0.0000
93.576,-0.4640,0.1672,-0.0692,-0.0030,0.9035,1.5521,-0.0000
93.588,-0.4605,0.1659,-0.0687,-0.0030,0.8967,1.5404,-0.0000
93.600,-0.4571,0.1647,-0.0681,-0.0030,0.8900,1.5288,-0.0000
93.612,-0.4536,0.1634,-0.0676,-0.0030,0.8832,1.5172,-0.0000
93.624,-0.4501,0.1622,-0.0671,-0.0029,0.8765,1.5056,-0.0000
93.636,-0.4467,0.1609,-0.0666,-0.0029,0.8697,1.4940,-0.0000
93.648,-0.4432,0.1597,-0.0661,-0.0029,0.8629,1.4824,-0.0000
93.660,-0.4397,0.1584,-0.0656,-0.0029,0.8562,1.4708,-0.0000
93.672,-0.4362,0.1571,-0.0650,-0.0028,0.8494,1.4592,-0.0000
93.684,-0.4328,0.1559,-0.0645,-0.0028,0.8427,1.4476,-0.0000
93.696,-0.4293,0.1546,-0.0640,-0.0028,0.8359,1.4359,-0.0000
93.708,-0.4258,0.1534,-0.0635,-0.0028,0.8292,1.4243,-0.0000
93.720,-0.4224,0.1521,-0.0630,-0.0028,0.8224,1.4127,-0.0000
93.732,-0.4189,0.1509,-0.0624,-0.0027,0.8156,1.4011,-0.0000
93.744,-0.4154,0.1496,-0.0619,-0.0027,0.8089,1.3895,-0.0000
93.756,-0.4119,0.1484,-0.0614,-0.0027,0.8021,1.3779,-0.0000
93.768,-0.4085,0.1471,-0.0609,-0.0027,0.7954,1.3663,-0.0000
93.780,-0.4050,0.1459,-0.0604,-0.0026,0.7886,1.3547,-0.0000
93.792,-0.4015,0.1446,-0.0599,-0.0026,0.7818,1.3431,-0.0000
93.804,-0.3981,0.1434,-0.0593,-0.0026,0.7751,1.3314,-0.0000
93.816,-0.3946,0.1421,-0.0588,-0.0026,0.7683,1.3198,-0.0000
93.828,-0.3911,0.1409,-0.0583,-0.0025,0.7616,1.3082,-0.0000
93.840,-0.3876,0.1396,-0.0578,-0.0025,0.7548,1.2966,-0.0000
93.852,-0.3842,0.1384,-0.0573,-0.0025,0.7480,1.2850,-0.0000
93.864,-0.3807,0.1371,-0.0568,-0.0025,0.7413,1.2734,-0.0000
93.876,-0.3772,0.1359,-0.0562,-0.0025,0.7345,1.2618,-0.0000
93.888,-0.3738,0.1346,-0.0557,-0.0024,0.7278,1.2502,-0.0000
93.900,-0.3703,0.1334,-0.0552,-0.0024,0.7210,1.2386,-0.0000
93.912,-0.3668,0.1321,-0.0547,-0.0024,0.7142,1.2269,-0.0000
93.924,-0.3633,0.1309,-0.0542,-0.0024,0.7075,1.2153,-0.0000
93.936,-0.3599,0.1296,-0.0536,-0.0023,0.7007,1.2037,-0.0000
93.948,-0.3564,0.1284,-0.0531,-0.0023,0.6940,1.1921,-0.0000
93.960,-0.3529,0.1271,-0.0526,-0.0023,0.6872,1.1805,-0.0000
93.972,-0.3495,0.1259,-0.0521,-0.0023,0.6804,1.1689,-0.0000
93.984,-0.3460,0.1246,-0.0516,-0.0023,0.6737,1.1573,-0.0000
93.996,-0.3425,0.1234,-0.0511,-0.0022,0.6669,1.1457,-0.0000
94.008,-0.3390,0.1221,-0.0505,-0.0022,0.6602,1.1340,-0.0000
94.020,-0.3356,0.1209,-0.0500,-0.0022,0.6534,1.1224,-0.0000
94.032,-0.3321,0.1196,-0.0495,-0.0022,0.6466,1.1108,-0.0000
94.044,-0.3286,0.1184,-0.0490,-0.0021,0.6399,1.0992,-0.0000
94.056,-0.3252,0.1171,-0.0485,-0.0021,0.6331,1.0876,-0.0000
94.068,-0.3217,0.1159,-0.0480,-0.0021,0.6264,1.0760,-0.0000
94.080,-0.3182,0.1146,-0.0474,-0.0021,0.6196,1.0644,-0.0000
94.092,-0.3147,0.1134,-0.0469,-0.0020,0.6129,1.0528,-0.0000
94.104,-0.3113,0.1121,-0.0464,-0.0020,0.6061,1.0412,-0.0000
94.116,-0.3078,0.1109,-0.0459,-0.0020,0.5993,1.0295,-0.0000
94.128,-0.3043,0.1096,-0.0454,-0.0020,0.5926,1.0179,-0.0000
94.140,-0.3009,0.1084,-0.0449,-0.0020,0.5858,1.0063,-0.0000
94.152,-0.2974,0.1071,-0.0443,-0.0019,0.5791,0.9947,-0.0000
94.164,-0.2939,0.1059,-0.0438,-0.0019,0.5723,0.9831,-0.0000
94.176,-0.2904,0.1046,-0.0433,-0.0019,0.5655,0.9715,-0.0000
94.188,-0.2870,0.1034,-0.0428,-0.0019,0.5588,0.9599,-0.0000
94.200,-0.2835,0.1021,-0.0423,-0.0018,0.5520,0.9483,-0.0000
94.212,-0.2800,0.1009,-0.0417,-0.0018,0.5453,0.9367,-0.0000
94.224,-0.2766,0.0996,-0.0412,-0.0018,0.5385,0.9250,-0.0000
94.236,-0.2731,0.0984,-0.0407,-0.0018,0.5317,0.9134,-0.0000
94.248,-0.2696,0.0971,-0.0402,-0.0018,0.5250,0.9018,-0.0000
94.260,-0.2661,0.0959,-0.0397,-0.0017,0.5182,0.8902,-0.0000
94.272,-0.2627,0.0946,-0.0392,-0.0017,0.5115,0.8786,-0.0000
94.284,-0.2592,0.0934,-0.0386,-0.0017,0.5047,0.8670,-0.0000
94.296,-0.2557,0.0921,-0.0381,-0.0017,0.4979,0.8554,-0.0000
94.308,-0.2523,0.0909,-0.0376,-0.0016,0.4912,0.8438,-0.0000
94.320,-0.2488,0.0896,-0.0371,-0.0016,0.4844,0.8322,-0.0000
94.332,-0.2453,0.0884,-0.0366,-0.0016,0.4777,0.8205,-0.0000
94.344,-0.2418,0.0871,-0.0361,-0.0016,0.4709,0.8089,-0.0000
94.356,-0.2384,0.0859,-0.0355,-0.0016,0.4641,0.7973,-0.0000
94.368,-0.2349,0.0846,-0.0350,-0.0015,0.4574,0.7857,-0.0000
94.380,-0.2314,0.0834,-0.0345,-0.0015,0.4506,0.7741,-0.0000
94.392,-0.2280,0.0821,-0.0340,-0.0015,0.4439,0.7625,-0.0000
94.404,-0.2245,0.0809,-0.0335,-0.0015,0.4371,0.7509,-0.0000
94.416,-0.2210,0.0796,-0.0329,-0.0014,0.4303,0.7393,-0.0000
94.428,-0.2175,0.0784,-0.0324,-0.0014,0.4236,0.7276,-0.0000
94.440,-0.2141,0.0771,-0.0319,-0.0014,0.4168,0.7160,-0.0000
94.452,-0.2106,0.0759,-0.0314,-0.0014,0.4101,0.7044,-0.0000
94.464,-0.2071,0.0746,-0.0309,-0.0013,0.4033,0.6928,-0.0000
94.476,-0.2037,0.0734,-0.0304,-0.0013,0.3966,0.6812,-0.0000
94.488,-0.2002,0.0721,-0.0298,-0.0013,0.3898,0.6696,-0.0000
94.500,-0.1967,0.0709,-0.0293,-0.0013,0.3830,0.6580,-0.0000
94.512,-0.1932,0.0696,-0.0288,-0.0013,0.3763,0.6464,-0.0000
94.524,-0.1898,0.0684,-0.0283,-0.0012,0.3695,0.6348,-0.0000
94.536,-0.1863,0.0671,-0.0278,-0.0012,0.3628,0.6231,-0.0000
94.548,-0.1828,0.0659,-0.0273,-0.0012,0.3560,0.6115,-0.0000
94.560,-0.1794,0.0646,-0.0267,-0.0012,0.3492,0.5999,-0.0000
94.572,-0.1759,0.0634,-0.0262,-0.0011,0.3425,0.5883,-0.0000
94.584,-0.1724,0.0621,-0.0257,-0.0011,0.3357,0.5767,-0.0000
94.596,-0.1689,0.0609,-0.0252,-0.0011,0.3290,0.5651,-0.0000
94.608,-0.1655,0.0596,-0.0247,-0.0011,0.3222,0.5535,-0.0000
94.620,-0.1620,0.0584,-0.0242,-0.0011,0.3154,0.5419,-0.0000
94.632,-0.1585,0.0571,-0.0236,-0.0010,0.3087,0.5303,-0.0000
94.644,-0.1551,0.0559,-0.0231,-0.0010,0.3019,0.5186,-0.0000
94.656,-0.1516,0.0546,-0.0226,-0.0010,0.2952,0.5070,-0.0000
94.668,-0.1481,0.0534,-0.0221,-0.0010,0.2884,0.4954,-0.0000
94.680,-0.1446,0.0521,-0.0216,-0.0009,0.2816,0.4838,-0.0000
94.692,-0.1412,0.0509,-0.0210,-0.0009,0.2749,0.4722,-0.0000
94.704,-0.1377,0.0496,-0.0205,-0.0009,0.2681,0.4606,-0.0000
94.716,-0.1342,0.0484,-0.0200,-0.0009,0.2614,0.4490,-0.0000
94.728,-0.1308,0.0471,-0.0195,-0.0009,0.2546,0.4374,-0.0000
94.740,-0.1273,0.0459,-0.0190,-0.0008,0.2478,0.4258,-0.0000
94.752,-0.1238,0.0446,-0.0185,-0.0008,0.2411,0.4141,-0.0000
94.764,-0.1203,0.0434,-0.0179,-0.0008,0.2343,0.4025,-0.0000
94.776,-0.1169,0.0421,-0.0174,-0.0008,0.2276,0.3909,-0.0000
94.788,-0.1134,0.0409,-0.0169,-0.0007,0.2208,0.3793,-0.0000
94.800,-0.1099,0.0396,-0.0164,-0.0007,0.2140,0.3677,-0.0000
94.812,-0.1065,0.0383,-0.0159,-0.0007,0.2073,0.3561,-0.0000
94.824,-0.1030,0.0371,-0.0154,-0.0007,0.2005,0.3445,-0.0000
94.836,-0.0995,0.0358,-0.0148,-0.0006,0.1938,0.3329,-0.0000
94.848,-0.0960,0.0346,-0.0143,-0.0006,0.1870,0.3212,-0.0000
94.860,-0.0926,0.0333,-0.0138,-0.0006,0.1803,0.3096,-0.0000
94.872,-0.0891,0.0321,-0.0133,-0.0006,0.1735,0.2980,-0.0000
94.884,-0.0856,0.0308,-0.0128,-0.0006,0.1667,0.2864,-0.0000
94.896,-0.0822,0.0296,-0.0122,-0.0005,0.1600,0.2748,-0.0000
94.908,-0.0787,0.0283,-0.0117,-0.0005,0.1532,0.2632,-0.0000
94.920,-0.0752,0.0271,-0.0112,-0.0005,0.1465,0.2516,-0.0000
94.932,-0.0717,0.0258,-0.0107,-0.0005,0.1397,0.2400,-0.0000
94.944,-0.0683,0.0246,-0.0102,-0.0004,0.1329,0.2284,-0.0000
94.956,-0.0648,0.0233,-0.0097,-0.0004,0.1262,0.2167,-0.0000
94.968,-0.0613,0.0221,-0.0091,-0.0004,0.1194,0.2051,-0.0000
94.980,-0.0579,0.0208,-0.0086,-0.0004,0.1127,0.1935,-0.0000
94.992,-0.0544,0.0196,-0.0081,-0.0004,0.1059,0.1819,-0.0000
95.004,-0.0509,0.0183,-0.0076,-0.0003,0.0991,0.1703,-0.0000
95.016,-0.0474,0.0171,-0.0071,-0.0003,0.0924,0.1587,-0.0000
95.028,-0.0440,0.0158,-0.0066,-0.0003,0.0856,0.1471,-0.0000
95.040,-0.0405,0.0146,-0.0060,-0.0003,0.0789,0.1355,-0.0000
95.052,-0.0370,0.0133,-0.0055,-0.0002,0.0721,0.1239,-0.0000
95.064,-0.0336,0.0121,-0.0050,-0.0002,0.0653,0.1122,-0.0000
95.076,-0.0301,0.0108,-0.0045,-0.0002,0.0586,0.1006,-0.0000
95.088,-0.0266,0.0096,-0.0040,-0.0002,0.0518,0.0890,-0.0000
95.100,-0.0234,0.0084,-0.0035,-0.0002,0.0456,0.0783,-0.0000
95.112,-0.0206,0.0074,-0.0031,-0.0001,0.0401,0.0689,-0.0000
95.124,-0.0181,0.0065,-0.0027,-0.0001,0.0353,0.0607,-0.0000
95.136,-0.0160,0.0057,-0.0024,-0.0001,0.0311,0.0534,-0.0000
95.148,-0.0140,0.0051,-0.0021,-0.0001,0.0273,0.0470,-0.0000
95.160,-0.0124,0.0045,-0.0018,-0.0001,0.0241,0.0413,-0.0000
95.172,-0.0109,0.0039,-0.0016,-0.0001,0.0212,0.0364,-0.0000
95.184,-0.0096,0.0034,-0.0014,-0.0001,0.0186,0.0320,-0.0000
95.196,-0.0084,0.0030,-0.0013,-0.0001,0.0164,0.0282,-0.0000
95.208,-0.0074,0.0027,-0.0011,-0.0000,0.0144,0.0248,-0.0000
95.220,-0.0065,0.0023,-0.0010,-0.0000,0.0127,0.0218,-0.0000
95.232,-0.0057,0.0021,-0.0009,-0.0000,0.0112,0.0192,-0.0000
95.244,-0.0051,0.0018,-0.0008,-0.0000,0.0098,0.0169,-0.0000
95.256,-0.0044,0.0016,-0.0007,-0.0000,0.0087,0.0149,-0.0000
95.268,-0.0039,0.0014,-0.0006,-0.0000,0.0076,0.0131,-0.0000
95.280,-0.0034,0.0012,-0.0005,-0.0000,0.0067,0.0115,-0.0000
95.292,-0.0030,0.0011,-0.0005,-0.0000,0.0059,0.0101,-0.0000
95.304,-0.0027,0.0010,-0.0004,-0.0000,0.0052,0.0089,-0.0000
95.316,-0.0023,0.0008,-0.0003,-0.0000,0.0046,0.0078,-0.0000
95.328,-0.0021,0.0007,-0.0003,-0.0000,0.0040,0.0069,-0.0000
95.340,-0.0018,0.0007,-0.0003,-0.0000,0.0035,0.0061,-0.0000
95.352,-0.0016,0.0006,-0.0002,-0.0000,0.0031,0.0053,-0.0000
95.364,-0.0014,0.0005,-0.0002,-0.0000,0.0027,0.0047,-0.0000
95.376,-0.0012,0.0004,-0.0002,-0.0000,0.0024,0.0041,-0.0000
95.388,-0.0011,0.0004,-0.0002,-0.0000,0.0021,0.0036,-0.0000
95.400,-0.0010,0.0003,-0.0001,-0.0000,0.0019,0.0032,-0.0000
95.412,-0.0008,0.0003,-0.0001,-0.0000,0.0016,0.0028,-0.0000
95.424,-0.0007,0.0003,-0.0001,-0.0000,0.0014,0.0025,-0.0000
95.436,-0.0007,0.0002,-0.0001,-0.0000,0.0013,0.0022,-0.0000
95.448,-0.0006,0.0002,-0.0001,-0.0000,0.0011,0.0019,0.0000
95.460,-0.0005,0.0002,-0.0001,-0.0000,0.0010,0.0017,0.0000
95.472,-0.0004,0.0002,-0.0001,-0.0000,0.0009,0.0015,0.0000
95.484,-0.0004,0.0001,-0.0001,-0.0000,0.0008,0.0013,0.0000
95.496,-0.0003,0.0001,-0.0001,-0.0000,0.0007,0.0012,0.0000
95.508,-0.0003,0.0001,-0.0000,-0.0000,0.0006,0.0010,0.0000
95.520,-0.0003,0.0001,-0.0000,-0.0000,0.0005,0.0009,0.0000
95.532,-0.0002,0.0001,-0.0000,-0.0000,0.0005,0.0008,0.0000
95.544,-0.0002,0.0001,-0.0000,-0.0000,0.0004,0.0007,0.0000
95.556,-0.0002,0.0001,-0.0000,-0.0000,0.0004,0.0006,0.0000
95.568,-0.0002,0.0001,-0.0000,-0.0000,0.0003,0.0005,0.0000
95.580,-0.0001,0.0001,-0.0000,-0.0000,0.0003,0.0005,0.0000
95.592,-0.0001,0.0000,-0.0000,-0.0000,0.0002,0.0004,0.0000
95.604,-0.0001,0.0000,-0.0000,-0.0000,0.0002,0.0004,0.0000
95.616,-0.0001,0.0000,-0.0000,-0.0000,0.0002,0.0003,0.0000
95.628,-0.0001,0.0000,-0.0000,-0.0000,0.0002,0.0003,0.0000
95.640,-0.0001,0.0000,-0.0000,-0.0000,0.0001,0.0002,0.0000
95.652,-0.0001,0.0000,-0.0000,-0.0000,0.0001,0.0002,0.0000
95.664,-0.0001,0.0000,-0.0000,-0.0000,0.0001,0.0002,0.0000
95.676,-0.0001,0.0000,-0.0000,-0.0000,0.0001,0.0002,0.0000
95.688,-0.0000,0.0000,-0.0000,-0.0000,0.0001,0.0001,0.0000
95.700,-0.0000,0.0000,-0.0000,-0.0000,0.0001,0.0001,0.0000
95.712,-0.0000,0.0000,-0.0000,-0.0000,0.0001,0.0001,0.0000
95.724,-0.0000,0.0000,-0.0000,-0.0000,0.0001,0.0001,0.0000
95.736,-0.0000,0.0000,-0.0000,-0.0000,0.0001,0.0001,0.0000
95.748,-0.0000,0.0000,-0.0000,-0.0000,0.0000,0.0001,0.0000
95.760,-0.0000,0.0000,-0.0000,-0.0000,0.0000,0.0001,0.0000
95.772,-0.0000,0.0000,-0.0000,-0.0000,0.0000,0.0001,0.0000
95.784,-0.0000,0.0000,-0.0000,-0.0000,0.0000,0.0001,0.0000
95.796,-0.0000,0.0000,-0.0000,-0.0000,0.0000,0.0000,0.0000
95.808,-0.0000,0.0000,-0.0000,-0.0000,0.0000,0.0000,0.0000
95.820,-0.0000,0.0000,-0.0000,-0.0000,0.0000,0.0000,0.0000
95.832,-0.0000,0.0000,-0.0000,-0.0000,0.0000,0.0000,0.0000
95.844,-0.0000,0.0000,-0.0000,-0.0000,0.0000,0.0000,0.0000
95.856,-0.0000,0.0000,-0.0000,-0.0000,0.0000,0.0000,0.0000
95.868,-0.0000,0.0000,-0.0000,-0.0000,0.0000,0.0000,0.0000
95.880,-0.0000,0.0000,-0.0000,-0.0000,0.0000,0.0000,0.0000
95.892,-0.0000,0.0000,-0.0000,-0.0000,0.0000,0.0000,0.0000
95.904,-0.0000,0.0000,-0.0000,-0.0000,0.0000,0.0000,0.0000
95.916,-0.0000,0.0000,-0.0000,-0.0000,0.0000,0.0000,0.0000
95.928,-0.0000,0.0000,-0.0000,-0.0000,0.0000,0.0000,0.0000
95.940,-0.0000,0.0000,-0.0000,-0.0000,0.0000,0.0000,0.0000
95.952,-0.0000,0.0000,-0.0000,-0.0000,0.0000,0.0000,0.0000
95.964,-0.0000,0.0000,-0.0000,-0.0000,0.0000,0.0000,0.0000
95.976,-0.0000,0.0000,-0.0000,-0.0000,0.0000,0.0000,0.0000
95.988,-0.0000,0.0000,-0.0000,-0.0000,0.0000,0.0000,0.0000
96.000,-0.0000,0.0000,-0.0000,-0.0000,0.0000,0.0000,0.0000
96.012,-0.0000,0.0000,-0.0000,-0.0000,0.0000,0.0000,0.0000
96.024,-0.0000,0.0000,-0.0000,-0.0000,0.0000,0.0000,0.0000
96.036,-0.0000,0.0000,-0.0000,-0.0000,0.0000,0.0000,0.0000
96.048,-0.0000,0.0000,-0.0000,-0.0000,0.0000,0.0000,0.0000
96.060,-0.0000,0.0000,-0.0000,-0.0000,0.0000,0.0000,0.0000
96.072,-0.0000,0.0000,-0.0000,-0.0000,0.0000,0.0000,0.0000
96.084,-0.0000,0.0000,-0.0000,-0.0000,0.0000,0.0000,0.0000
96.096,-0.0000,0.0000,-0.0000,-0.0000,0.0000,0.0000,0.0000
96.108,-0.0000,0.0000,-0.0000,-0.0000,0.0000,0.0000,0.0000
96.120,-0.0000,0.0000,-0.0000,-0.0000,0.0000,0.0000,0.0000
96.132,-0.0000,0.0000,-0.0000,-0.0000,0.0000,0.0000,0.0000
96.144,-0.0000,0.0000,-0.0000,-0.0000,0.0000,0.0000,0.0000
96.156,-0.0000,0.0000,-0.0000,-0.0000,0.0000,0.0000,0.0000
96.168,-0.0000,0.0000,-0.0000,-0.0000,0.0000,0.0000,0.0000
96.180,-0.0000,0.0000,-0.0000,-0.0000,0.0000,0.0000,0.0000
96.192,-0.0000,0.0000,-0.0000,-0.0000,0.0000,0.0000,0.0000
96.204,-0.0000,0.0000,-0.0000,-0.0000,0.0000,0.0000,0.0000
96.216,-0.0000,0.0000,-0.0000,-0.0000,0.0000,0.0000,0.0000
96.228,-0.0000,0.0000,-0.0000,-0.0000,0.0000,0.0000,0.0000
96.240,-0.0000,0.0000,-0.0000,-0.0000,0.0000,0.0000,0.0000
96.252,-0.0000,0.0000,-0.0000,-0.0000,0.0000,0.0000,0.0000
96.264,-0.0000,0.0000,-0.0000,-0.0000,0.0000,0.0000,0.0000
96.276,-0.0000,0.0000,-0.0000,-0.0000,0.0000,0.0000,0.0000
96.288,-0.0000,0.0000,-0.0000,-0.0000,0.0000,0.0000,0.0000
96.300,-0.0000,0.0000,-0.0000,-0.0000,0.0000,0.0000,0.0000
96.312,-0.0000,0.0000,-0.0000,-0.0000,0.0000,0.0000,0.0000
96.324,-0.0000,0.0000,-0.0000,-0.0000,0.0000,0.0000,0.0000
96.336,-0.0000,0.0000,-0.0000,-0.0000,0.0000,0.0000,0.0000
96.348,-0.0000,0.0000,-0.0000,-0.0000,0.0000,0.0000,0.0000
96.360,-0.0000,0.0000,-0.0000,-0.0000,0.0000,0.0000,0.0000
96.372,-0.0000,0.0000,-0.0000,-0.0000,0.0000,0.0000,0.0000
96.384,-0.0000,0.0000,-0.0000,-0.0000,0.0000,0.0000,0.0000
96.396,-0.0000,0.0000,-0.0000,-0.0000,0.0000,0.0000,0.0000
96.408,-0.0000,0.0000,-0.0000,-0.0000,0.0000,0.0000,0.0000
96.420,-0.0000,0.0000,-0.0000,-0.0000,0.0000,0.0000,0.0000
96.432,-0.0000,0.0000,-0.0000,-0.0000,0.0000,0.0000,0.0000
96.444,-0.0000,0.0000,-0.0000,-0.0000,0.0000,0.0000,0.0000
96.456,-0.0000,0.0000,-0.0000,-0.0000,0.0000,0.0000,0.0000
96.468,-0.0000,0.0000,-0.0000,-0.0000,0.0000,0.0000,0.0000
96.480,-0.0000,0.0000,-0.0000,-0.0000,0.0000,0.0000,0.0000
96.492,-0.0000,0.0000,-0.0000,-0.0000,0.0000,0.0000,0.0000
96.504,-0.0000,0.0000,-0.0000,-0.0000,0.0000,0.0000,0.0000
96.516,-0.0000,0.0000,-0.0000,-0.0000,0.0000,0.0000,0.0000
96.528,-0.0000,0.0000,-0.0000,-0.0000,0.0000,0.0000,0.0000
96.540,-0.0000,0.0000,-0.0000,-0.0000,0.0000,0.0000,0.0000
96.552,-0.0000,0.0000,-0.0000,-0.0000,0.0000,0.0000,0.0000
96.564,-0.0000,0.0000,-0.0000,-0.0000,0.0000,0.0000,0.0000
96.576,-0.0000,0.0000,-0.0000,-0.0000,0.0000,0.0000,0.0000
96.588,-0.0000,0.0000,-0.0000,-0.0000,0.0000,0.0000,0.0000
96.600,-0.0000,0.0000,-0.0000,-0.0000,0.0000,0.0000,0.0000
96.612,-0.0000,0.0000,-0.0000,-0.0000,0.0000,0.0000,0.0000
96.624,-0.0000,0.0000,-0.0000,-0.0000,0.0000,0.0000,0.0000
96.636,-0.0000,0.0000,-0.0000,-0.0000,0.0000,0.0000,0.0000
96.648,-0.0000,0.0000,-0.0000,-0.0000,0.0000,0.0000,0.0000
96.660,-0.0000,0.0000,-0.0000,-0.0000,0.0000,0.0000,0.0000
96.672,-0.0000,0.0000,-0.0000,-0.0000,0.0000,0.0000,0.0000
96.684,-0.0000,0.0000,-0.0000,-0.0000,0.0000,0.0000,0.0000
96.696,-0.0000,0.0000,-0.0000,-0.0000,0.0000,0.0000,0.0000
96.708,-0.0000,0.0000,-0.0000,-0.0000,0.0000,0.0000,0.0000
96.720,-0.0000,0.0000,-0.0000,-0.0000,0.0000,0.0000,0.0000
96.732,-0.0000,0.0000,-0.0000,-0.0000,0.0000,0.0000,0.0000
96.744,-0.0000,0.0000,-0.0000,-0.0000,0.0000,0.0000,0.0000
96.756,-0.0000,0.0000,-0.0000,-0.0000,0.0000,0.0000,0.0000
96.768,-0.0000,0.0000,-0.0000,-0.0000,0.0000,0.0000,0.0000
96.780,-0.0000,0.0000,-0.0000,-0.0000,0.0000,0.0000,0.0000
96.792,-0.0000,0.0000,-0.0000,-0.0000,0.0000,0.0000,0.0000
96.804,-0.0000,0.0000,-0.0000,-0.0000,0.0000,0.0000,0.0000
96.816,-0.0000,0.0000,-0.0000,-0.0000,0.0000,0.0000,0.0000
96.828,-0.0000,0.0000,-0.0000,-0.0000,0.0000,0.0000,0.0000
96.840,-0.0000,0.0000,-0.0000,-0.0000,0.0000,0.0000,0.0000
96.852,-0.0000,0.0000,-0.0000,-0.0000,0.0000,0.0000,0.0000
96.864,-0.0000,0.0000,-0.0000,-0.0000,0.0000,0.0000,0.0000
96.876,-0.0000,0.0000,-0.0000,-0.0000,0.0000,0.0000,0.0000
96.888,-0.0000,0.0000,-0.0000,-0.0000,0.0000,0.0000,0.0000
96.900,-0.0000,0.0000,-0.0000,-0.0000,0.0000,0.0000,0.0000
96.912,-0.0000,0.0000,-0.0000,-0.0000,0.0000,0.0000,0.0000
96.924,-0.0000,0.0000,-0.0000,-0.0000,0.0000,0.0000,0.0000
96.936,-0.0000,0.0000,-0.0000,-0.0000,0.0000,0.0000,0.0000
96.948,-0.0000,0.0000,-0.0000,-0.0000,0.0000,0.0000,0.0000
96.960,-0.0000,0.0000,-0.0000,-0.0000,0.0000,0.0000,0.0000
96.972,-0.0000,0.0000,-0.0000,-0.0000,0.0000,0.0000,0.0000
96.984,-0.0000,0.0000,-0.0000,-0.0000,0.0000,0.0000,0.0000
96.996,-0.0000,0.0000,-0.0000,-0.0000,0.0000,0.0000,0.0000
97.008,-0.0000,0.0000,-0.0000,-0.0000,0.0000,0.0000,0.0000
97.020,-0.0000,0.0000,-0.0000,-0.0000,0.0000,0.0000,0.0000
97.032,-0.0000,0.0000,-0.0000,-0.0000,0.0000,0.0000,0.0000
97.044,-0.0000,0.0000,-0.0000,-0.0000,0.0000,0.0000,0.0000
97.056,-0.0000,0.0000,-0.0000,-0.0000,0.0000,0.0000,0.0000
97.068,-0.0000,0.0000,-0.0000,-0.0000,0.0000,0.0000,0.0000
97.080,-0.0000,0.0000,-0.0000,-0.0000,0.0000,0.0000,0.0000
97.092,-0.0000,0.0000,-0.0000,-0.0000,0.0000,0.0000,0.0000
97.104,-0.0000,0.0000,-0.0000,-0.0000,0.0000,0.0000,0.0000
97.116,-0.0000,0.0000,-0.0000,-0.0000,0.0000,0.0000,0.0000
97.128,-0.0000,0.0000,-0.0000,-0.0000,0.0000,0.0000,0.0000
97.140,-0.0000,0.0000,-0.0000,-0.0000,0.0000,0.0000,0.0000
97.152,-0.0000,0.0000,-0.0000,-0.0000,0.0000,0.0000,0.0000
97.164,-0.0000,0.0000,-0.0000,-0.0000,0.0000,0.0000,0.0000
97.176,-0.0000,0.0000,-0.0000,-0.0000,0.0000,0.0000,0.0000
97.188,-0.0000,0.0000,-0.0000,-0.0000,0.0000,0.0000,0.0000
97.200,-0.0000,0.0000,-0.0000,-0.0000,0.0000,0.0000,0.0000
97.212,-0.0000,0.0000,-0.0000,-0.0000,0.0000,0.0000,0.0000
97.224,-0.0000,0.0000,-0.0000,-0.0000,0.0000,0.0000,0.0000
97.236,-0.0000,0.0000,-0.0000,-0.0000,0.0000,0.0000,0.0000
97.248,-0.0000,0.0000,-0.0000,-0.0000,0.0000,0.0000,0.0000
97.260,-0.0000,0.0000,-0.0000,-0.0000,0.0000,0.0000,0.0000
97.272,-0.0000,0.0000,-0.0000,-0.0000,0.0000,0.0000,0.0000
97.284,-0.0000,0.0000,-0.0000,-0.0000,0.0000,0.0000,0.0000
97.296,-0.0000,0.0000,-0.0000,-0.0000,0.0000,0.0000,0.0000
97.308,-0.0000,0.0000,-0.0000,-0.0000,0.0000,0.0000,0.0000
97.320,-0.0000,0.0000,-0.0000,-0.0000,0.0000,0.0000,0.0000
97.332,-0.0000,0.0000,-0.0000,-0.0000,0.0000,0.0000,0.0000
97.344,-0.0000,0.0000,-0.0000,-0.0000,0.0000,0.0000,0.0000
97.356,-0.0000,0.0000,-0.0000,-0.0000,0.0000,0.0000,0.0000
97.368,-0.0000,0.0000,-0.0000,-0.0000,0.0000,0.0000,0.0000
97.380,-0.0000,0.0000,-0.0000,-0.0000,0.0000,0.0000,0.0000
97.392,-0.0000,0.0000,-0.0000,-0.0000,0.0000,0.0000,0.0000
97.404,-0.0000,0.0000,-0.0000,-0.0000,0.0000,0.0000,0.0000
97.416,-0.0000,0.0000,-0.0000,-0.0000,0.0000,0.0000,0.0000
97.428,-0.0000,0.0000,-0.0000,-0.0000,0.0000,0.0000,0.0000
97.440,-0.0000,0.0000,-0.0000,-0.0000,0.0000,0.0000,0.0000
97.452,-0.0000,0.0000,-0.0000,-0.0000,0.0000,0.0000,0.0000
97.464,-0.0000,0.0000,-0.0000,-0.0000,0.0000,0.0000,0.0000
97.476,-0.0000,0.0000,-0.0000,-0.0000,0.0000,0.0000,0.0000
97.488,-0.0000,0.0000,-0.0000,-0.0000,0.0000,0.0000,0.0000
97.500,-0.0000,0.0000,-0.0000,-0.0000,0.0000,0.0000,0.0000
97.512,-0.0000,0.0000,-0.0000,-0.0000,0.0000,0.0000,0.0000
97.524,-0.0000,0.0000,-0.0000,-0.0000,0.0000,0.0000,0.0000
97.536,-0.0000,0.0000,-0.0000,-0.0000,0.0000,0.0000,0.0000
97.548,-0.0000,0.0000,-0.0000,-0.0000,0.0000,0.0000,0.0000
97.560,-0.0000,0.0000,-0.0000,-0.0000,0.0000,0.0000,0.0000
97.572,-0.0000,0.0000,-0.0000,-0.0000,0.0000,0.0000,0.0000
97.584,-0.0000,0.0000,-0.0000,-0.0000,0.0000,0.0000,0.0000
97.596,-0.0000,0.0000,-0.0000,-0.0000,0.0000,0.0000,0.0000
97.608,-0.0000,0.0000,-0.0000,-0.0000,0.0000,0.0000,0.0000
97.620,-0.0000,0.0000,-0.0000,-0.0000,0.0000,0.0000,0.0000
97.632,-0.0000,0.0000,-0.0000,-0.0000,0.0000,0.0000,0.0000
97.644,-0.0000,0.0000,-0.0000,-0.0000,0.0000,0.0000,0.0000
97.656,-0.0000,0.0000,-0.0000,-0.0000,0.0000,0.0000,0.0000
97.668,-0.0000,0.0000,-0.0000,-0.0000,0.0000,0.0000,0.0000
97.680,-0.0000,0.0000,-0.0000,-0.0000,0.0000,0.0000,0.0000
97.692,-0.0000,0.0000,-0.0000,-0.0000,0.0000,0.0000,0.0000
97.704,-0.0000,0.0000,-0.0000,-0.0000,0.0000,0.0000,0.0000
97.716,-0.0000,0.0000,-0.0000,-0.0000,0.0000,0.0000,0.0000
97.728,-0.0000,0.0000,-0.0000,-0.0000,0.0000,0.0000,0.0000
97.740,-0.0000,0.0000,-0.0000,-0.0000,0.0000,0.0000,0.0000
97.752,-0.0000,0.0000,-0.0000,-0.0000,0.0000,0.0000,0.0000
97.764,-0.0000,0.0000,-0.0000,-0.0000,0.0000,0.0000,0.0000
97.776,-0.0000,0.0000,-0.0000,-0.0000,0.0000,0.0000,0.0000
97.788,-0.0000,0.0000,-0.0000,-0.0000,0.0000,0.0000,0.0000
97.800,-0.0000,0.0000,-0.0000,-0.0000,0.0000,0.0000,0.0000
97.812,-0.0000,0.0000,-0.0000,-0.0000,0.0000,0.0000,0.0000
97.824,-0.0000,0.0000,-0.0000,-0.0000,0.0000,0.0000,0.0000
97.836,-0.0000,0.0000,-0.0000,-0.0000,0.0000,0.0000,0.0000
97.848,-0.0000,0.0000,-0.0000,-0.0000,0.0000,0.0000,0.0000
97.860,-0.0000,0.0000,-0.0000,-0.0000,0.0000,0.0000,0.0000
97.872,-0.0000,0.0000,-0.0000,-0.0000,0.0000,0.0000,0.0000
97.884,-0.0000,0.0000,-0.0000,-0.0000,0.0000,0.0000,0.0000
97.896,-0.0000,0.0000,-0.0000,-0.0000,0.0000,0.0000,0.0000
97.908,-0.0000,0.0000,-0.0000,-0.0000,0.0000,0.0000,0.0000
97.920,-0.0000,0.0000,-0.0000,-0.0000,0.0000,0.0000,0.0000
97.932,-0.0000,0.0000,-0.0000,-0.0000,0.0000,0.0000,0.0000
97.944,-0.0000,0.0000,-0.0000,-0.0000,0.0000,0.0000,0.0000
97.956,-0.0000,0.0000,-0.0000,-0.0000,0.0000,0.0000,0.0000
97.968,-0.0000,0.0000,-0.0000,-0.0000,0.0000,0.0000,0.0000
97.980,-0.0000,0.0000,-0.0000,-0.0000,0.0000,0.0000,0.0000
97.992,-0.0000,0.0000,-0.0000,-0.0000,0.0000,0.0000,0.0000
98.004,-0.0000,0.0000,-0.0000,-0.0000,0.0000,0.0000,0.0000
98.016,-0.0000,0.0000,-0.0000,-0.0000,0.0000,0.0000,0.0000
98.028,-0.0000,0.0000,-0.0000,-0.0000,0.0000,0.0000,0.0000
98.040,-0.0000,0.0000,-0.0000,-0.0000,0.0000,0.0000,0.0000
98.052,-0.0000,0.0000,-0.0000,-0.0000,0.0000,0.0000,0.0000
98.064,-0.0000,0.0000,-0.0000,-0.0000,0.0000,0.0000,0.0000
98.076,-0.0000,0.0000,-0.0000,-0.0000,0.0000,0.0000,0.0000
98.088,-0.0000,0.0000,-0.0000,-0.0000,0.0000,0.0000,0.0000
98.100,-0.0000,0.0000,-0.0000,-0.0000,0.0000,0.0000,0.0000
98.112,-0.0000,0.0000,-0.0000,-0.0000,0.0000,0.0000,0.0000
98.124,-0.0000,0.0000,-0.0000,-0.0000,0.0000,0.0000,0.0000
98.136,-0.0000,0.0000,-0.0000,-0.0000,0.0000,0.0000,0.0000
98.148,-0.0000,0.0000,-0.0000,-0.0000,0.0000,0.0000,0.0000
98.160,-0.0000,0.0000,-0.0000,-0.0000,0.0000,0.0000,0.0000
98.172,-0.0000,0.0000,-0.0000,-0.0000,0.0000,0.0000,0.0000
98.184,-0.0000,0.0000,-0.0000,-0.0000,0.0000,0.0000,0.0000
98.196,-0.0000,0.0000,-0.0000,-0.0000,0.0000,0.0000,0.0000
98.208,-0.0000,0.0000,-0.0000,-0.0000,0.0000,0.0000,0.0000
98.220,-0.0000,0.0000,-0.0000,-0.0000,0.0000,0.0000,0.0000
98.232,-0.0000,0.0000,-0.0000,-0.0000,0.0000,0.0000,0.0000
98.244,-0.0000,0.0000,-0.0000,-0.0000,0.0000,0.0000,0.0000
98.256,-0.0000,0.0000,-0.0000,-0.0000,0.0000,0.0000,0.0000
98.268,-0.0000,0.0000,-0.0000,-0.0000,0.0000,0.0000,0.0000
98.280,-0.0000,0.0000,-0.0000,-0.0000,0.0000,0.0000,0.0000
98.292,-0.0000,0.0000,-0.0000,-0.0000,0.0000,0.0000,0.0000
98.304,-0.0000,0.0000,-0.0000,-0.0000,0.0000,0.0000,0.0000
98.316,-0.0000,0.0000,-0.0000,-0.0000,0.0000,0.0000,0.0000
98.328,-0.0000,0.0000,-0.0000,-0.0000,0.0000,0.0000,0.0000
98.340,-0.0000,0.0000,-0.0000,-0.0000,0.0000,0.0000,0.0000
98.352,-0.0000,0.0000,-0.0000,-0.0000,0.0000,0.0000,0.0000
98.364,-0.0000,0.0000,-0.0000,-0.0000,0.0000,0.0000,0.0000
98.376,-0.0000,0.0000,-0.0000,-0.0000,0.0000,0.0000,0.0000
98.388,-0.0000,0.0000,-0.0000,-0.0000,0.0000,0.0000,0.0000
98.400,-0.0000,0.0000,-0.0000,-0.0000,0.0000,0.0000,0.0000
98.412,-0.0000,0.0000,-0.0000,-0.0000,0.0000,0.0000,0.0000
98.424,-0.0000,0.0000,-0.0000,-0.0000,0.0000,0.0000,0.0000
98.436,-0.0000,0.0000,-0.0000,-0.0000,0.0000,0.0000,0.0000
98.448,-0.0000,0.0000,-0.0000,-0.0000,0.0000,0.0000,0.0000
98.460,-0.0000,0.0000,-0.0000,-0.0000,0.0000,0.0000,0.0000
98.472,-0.0000,0.0000,-0.0000,-0.0000,0.0000,0.0000,0.0000
98.484,-0.0000,0.0000,-0.0000,-0.0000,0.0000,0.0000,0.0000
98.496,-0.0000,0.0000,-0.0000,-0.0000,0.0000,0.0000,0.0000
98.508,-0.0000,0.0000,-0.0000,-0.0000,0.0000,0.0000,0.0000
98.520,-0.0000,0.0000,-0.0000,-0.0000,0.0000,0.0000,0.0000
98.532,-0.0000,0.0000,-0.0000,-0.0000,0.0000,0.0000,0.0000
98.544,-0.0000,0.0000,-0.0000,-0.0000,0.0000,0.0000,0.0000
98.556,-0.0000,0.0000,-0.0000,-0.0000,0.0000,0.0000,0.0000
98.568,-0.0000,0.0000,-0.0000,-0.0000,0.0000,0.0000,0.0000
98.580,-0.0000,0.0000,-0.0000,-0.0000,0.0000,0.0000,0.0000
98.592,-0.0000,0.0000,-0.0000,-0.0000,0.0000,0.0000,0.0000
98.604,-0.0000,0.0000,-0.0000,-0.0000,0.0000,0.0000,0.0000
98.616,-0.0000,0.0000,-0.0000,-0.0000,0.0000,0.0000,0.0000
98.628,-0.0000,0.0000,-0.0000,-0.0000,0.0000,0.0000,0.0000
98.640,-0.0000,0.0000,-0.0000,-0.0000,0.0000,0.0000,0.0000
98.652,-0.0000,0.0000,-0.0000,-0.0000,0.0000,0.0000,0.0000
98.664,-0.0000,0.0000,-0.0000,-0.0000,0.0000,0.0000,0.0000
98.676,-0.0000,0.0000,-0.0000,-0.0000,0.0000,0.0000,0.0000
98.688,-0.0000,0.0000,-0.0000,-0.0000,0.0000,0.0000,0.0000
98.700,-0.0000,0.0000,-0.0000,-0.0000,0.0000,0.0000,0.0000
98.712,-0.0000,0.0000,-0.0000,-0.0000,0.0000,0.0000,0.0000
98.724,-0.0000,0.0000,-0.0000,-0.0000,0.0000,0.0000,0.0000
98.736,-0.0000,0.0000,-0.0000,-0.0000,0.0000,0.0000,0.0000
98.748,-0.0000,0.0000,-0.0000,-0.0000,0.0000,0.0000,0.0000
98.760,-0.0000,0.0000,-0.0000,-0.0000,0.0000,0.0000,0.0000
98.772,-0.0000,0.0000,-0.0000,-0.0000,0.0000,0.0000,0.0000
98.784,-0.0000,0.0000,-0.0000,-0.0000,0.0000,0.0000,0.0000
98.796,-0.0000,0.0000,-0.0000,-0.0000,0.0000,0.0000,0.0000
98.808,-0.0000,0.0000,-0.0000,-0.0000,0.0000,0.0000,0.0000
98.820,-0.0000,0.0000,-0.0000,-0.0000,0.0000,0.0000,0.0000
98.832,-0.0000,0.0000,-0.0000,-0.0000,0.0000,0.0000,0.0000
98.844,-0.0000,0.0000,-0.0000,-0.0000,0.0000,0.0000,0.0000
98.856,-0.0000,0.0000,-0.0000,-0.0000,0.0000,0.0000,0.0000
98.868,-0.0000,0.0000,-0.0000,-0.0000,0.0000,0.0000,0.0000
98.880,-0.0000,0.0000,-0.0000,-0.0000,0.0000,0.0000,0.0000
98.892,-0.0000,0.0000,-0.0000,-0.0000,0.0000,0.0000,0.0000
98.904,-0.0000,0.0000,-0.0000,-0.0000,0.0000,0.0000,0.0000
98.916,-0.0000,0.0000,0.0000,-0.0000,0.0000,0.0000,0.0000
98.928,-0.0000,0.0000,0.0000,-0.0000,0.0000,0.0000,0.0000
98.940,-0.0000,0.0000,0.0000,-0.0000,0.0000,0.0000,0.0000
98.952,-0.0000,0.0000,0.0000,-0.0000,0.0000,0.0000,0.0000
98.964,-0.0000,0.0000,0.0000,-0.0000,0.0000,0.0000,0.0000
98.976,-0.0000,0.0000,0.0000,-0.0000,0.0000,0.0000,0.0000
98.988,-0.0000,0.0000,0.0000,-0.0000,0.0000,0.0000,0.0000
99.000,-0.0000,0.0000,0.0000,-0.0000,0.0000,0.0000,0.0000
99.012,-0.0000,0.0000,0.0000,-0.0000,0.0000,0.0000,0.0000
99.024,-0.0000,0.0000,0.0000,-0.0000,0.0000,0.0000,0.0000
99.036,-0.0000,0.0000,0.0000,-0.0000,0.0000,0.0000,0.0000
99.048,-0.0000,0.0000,0.0000,-0.0000,0.0000,0.0000,0.0000
99.060,-0.0000,0.0000,0.0000,-0.0000,0.0000,0.0000,0.0000
99.072,-0.0000,0.0000,0.0000,-0.0000,0.0000,0.0000,0.0000
99.084,-0.0000,0.0000,0.0000,-0.0000,0.0000,0.0000,0.0000
99.096,-0.0000,0.0000,0.0000,-0.0000,0.0000,0.0000,0.0000
99.108,-0.0000,0.0000,0.0000,-0.0000,0.0000,0.0000,0.0000
99.120,-0.0000,0.0000,0.0000,-0.0000,0.0000,0.0000,0.0000
99.132,-0.0000,0.0000,0.0000,-0.0000,0.0000,0.0000,0.0000
99.144,-0.0000,0.0000,0.0000,-0.0000,0.0000,0.0000,0.0000
99.156,-0.0000,0.0000,0.0000,-0.0000,0.0000,0.0000,0.0000
99.168,-0.0000,0.0000,0.0000,-0.0000,0.0000,0.0000,0.0000
99.180,-0.0000,0.0000,0.0000,-0.0000,0.0000,0.0000,0.0000
99.192,-0.0000,0.0000,0.0000,-0.0000,0.0000,0.0000,0.0000
99.204,-0.0000,0.0000,0.0000,-0.0000,0.0000,0.0000,0.0000
99.216,-0.0000,0.0000,0.0000,-0.0000,0.0000,0.0000,0.0000
99.228,-0.0000,0.0000,0.0000,-0.0000,0.0000,0.0000,0.0000
99.240,-0.0000,0.0000,0.0000,-0.0000,0.0000,0.0000,0.0000
99.252,-0.0000,0.0000,0.0000,-0.0000,0.0000,0.0000,0.0000
99.264,-0.0000,0.0000,0.0000,-0.0000,0.0000,0.0000,0.0000
99.276,-0.0000,0.0000,0.0000,-0.0000,0.0000,0.0000,0.0000
99.288,-0.0000,0.0000,0.0000,-0.0000,0.0000,0.0000,0.0000
99.300,-0.0000,0.0000,0.0000,-0.0000,0.0000,0.0000,0.0000
99.312,-0.0000,0.0000,0.0000,-0.0000,0.0000,0.0000,0.0000
99.324,-0.0000,0.0000,0.0000,-0.0000,0.0000,0.0000,0.0000
99.336,-0.0000,0.0000,0.0000,-0.0000,0.0000,0.0000,0.0000
99.348,-0.0000,0.0000,0.0000,-0.0000,0.0000,0.0000,0.0000
99.360,-0.0000,0.0000,0.0000,-0.0000,0.0000,0.0000,0.0000
99.372,-0.0000,0.0000,0.0000,-0.0000,0.0000,0.0000,0.0000
99.384,-0.0000,0.0000,0.0000,-0.0000,0.0000,0.0000,0.0000
99.396,-0.0000,0.0000,0.0000,-0.0000,0.0000,0.0000,0.0000
99.408,-0.0000,0.0000,0.0000,-0.0000,0.0000,0.0000,0.0000
99.420,-0.0000,0.0000,0.0000,-0.0000,0.0000,0.0000,0.0000
99.432,-0.0000,0.0000,0.0000,-0.0000,0.0000,0.0000,0.0000
99.444,-0.0000,0.0000,0.0000,-0.0000,0.0000,0.0000,0.0000
99.456,-0.0000,0.0000,0.0000,-0.0000,0.0000,0.0000,0.0000
99.468,-0.0000,0.0000,0.0000,-0.0000,0.0000,0.0000,0.0000
99.480,-0.0000,0.0000,0.0000,-0.0000,0.0000,0.0000,0.0000
99.492,-0.0000,0.0000,0.0000,-0.0000,0.0000,0.0000,0.0000
99.504,-0.0000,0.0000,0.0000,-0.0000,0.0000,0.0000,0.0000
99.516,-0.0000,0.0000,0.0000,-0.0000,0.0000,0.0000,0.0000
99.528,-0.0000,0.0000,0.0000,-0.0000,0.0000,0.0000,0.0000
99.540,-0.0000,0.0000,0.0000,-0.0000,0.0000,0.0000,0.0000
99.552,-0.0000,0.0000,0.0000,-0.0000,0.0000,0.0000,0.0000
99.564,-0.0000,0.0000,0.0000,-0.0000,0.0000,0.0000,0.0000
99.576,-0.0000,0.0000,0.0000,-0.0000,0.0000,0.0000,0.0000
99.588,-0.0000,0.0000,0.0000,-0.0000,0.0000,0.0000,0.0000
99.600,-0.0000,0.0000,0.0000,-0.0000,0.0000,0.0000,0.0000
99.612,-0.0000,0.0000,0.0000,-0.0000,0.0000,0.0000,0.0000
99.624,-0.0000,0.0000,0.0000,-0.0000,0.0000,0.0000,0.0000
99.636,-0.0000,0.0000,0.0000,-0.0000,0.0000,0.0000,0.0000
99.648,-0.0000,0.0000,0.0000,-0.0000,0.0000,0.0000,0.0000
99.660,-0.0000,0.0000,0.0000,-0.0000,0.0000,0.0000,0.0000
99.672,-0.0000,0.0000,0.0000,-0.0000,0.0000,0.0000,0.0000
99.684,-0.0000,0.0000,0.0000,-0.0000,0.0000,0.0000,0.0000
99.696,-0.0000,0.0000,0.0000,-0.0000,0.0000,0.0000,0.0000
99.708,-0.0000,0.0000,0.0000,-0.0000,0.0000,0.0000,0.0000
99.720,-0.0000,0.0000,0.0000,-0.0000,0.0000,0.0000,0.0000
99.732,-0.0000,0.0000,0.0000,-0.0000,0.0000,0.0000,0.0000
99.744,0.0005,0.0002,-0.0001,-0.0000,0.0008,0.0014,0.0000
99.756,0.0013,0.0004,-0.0002,-0.0000,0.0024,0.0039,-0.0000
99.768,0.0025,0.0008,-0.0004,-0.0000,0.0046,0.0075,-0.0000
99.780,0.0040,0.0014,-0.0007,-0.0000,0.0073,0.0120,-0.0000
99.792,0.0058,0.0020,-0.0010,-0.0000,0.0106,0.0174,-0.0000
99.804,0.0078,0.0026,-0.0013,-0.0000,0.0143,0.0234,-0.0000
99.816,0.0100,0.0034,-0.0017,-0.0000,0.0184,0.0301,-0.0000
99.828,0.0124,0.0042,-0.0021,-0.0000,0.0228,0.0374,-0.0000
99.840,0.0150,0.0051,-0.0025,-0.0000,0.0275,0.0451,-0.0000
99.852,0.0177,0.0060,-0.0030,-0.0000,0.0325,0.0532,-0.0000
99.864,0.0206,0.0070,-0.0035,-0.0000,0.0377,0.0618,-0.0000
99.876,0.0235,0.0080,-0.0040,-0.0000,0.0431,0.0707,-0.0000
99.888,0.0266,0.0090,-0.0045,-0.0000,0.0486,0.0798,-0.0000
99.900,0.0297,0.0101,-0.0050,-0.0000,0.0544,0.0892,-0.0000
99.912,0.0329,0.0112,-0.0056,-0.0000,0.0603,0.0989,-0.0000
99.924,0.0362,0.0123,-0.0061,-0.0000,0.0663,0.1087,-0.0000
99.936,0.0396,0.0134,-0.0067,-0.0000,0.0724,0.1187,-0.0000
99.948,0.0430,0.0146,-0.0073,-0.0000,0.0786,0.1289,-0.0000
99.960,0.0464,0.0157,-0.0079,-0.0000,0.0849,0.1392,-0.0000
99.972,0.0499,0.0169,-0.0084,-0.0000,0.0912,0.1497,-0.0000
99.984,0.0534,0.0181,-0.0090,-0.0000,0.0976,0.1602,-0.0000
99.996,0.0569,0.0193,-0.0096,-0.0000,0.1041,0.1708,-0.0000
100.008,0.0605,0.0205,-0.0102,-0.0000,0.1107,0.1815,-0.0000
100.020,0.0641,0.0217,-0.0108,-0.0000,0.1172,0.1923,-0.0000
100.032,0.0677,0.0229,-0.0115,-0.0001,0.1238,0.2032,-0.0000
100.044,0.0713,0.0242,-0.0121,-0.0001,0.1305,0.2141,-0.0000
100.056,0.0750,0.0254,-0.0127,-0.0001,0.1372,0.2250,-0.0000
100.068,0.0786,0.0267,-0.0133,-0.0001,0.1439,0.2360,-0.0000
100.080,0.0823,0.0279,-0.0139,-0.0001,0.1506,0.2470,-0.0000
100.092,0.0860,0.0292,-0.0146,-0.0001,0.1573,0.2581,-0.0000
100.104,0.0897,0.0304,-0.0152,-0.0001,0.1641,0.2692,-0.0000
100.116,0.0934,0.0317,-0.0158,-0.0001,0.1709,0.2803,-0.0000
100.128,0.0971,0.0329,-0.0164,-0.0001,0.1776,0.2914,-0.0000
100.140,0.1008,0.0342,-0.0171,-0.0001,0.1844,0.3026,-0.0000
100.152,0.1045,0.0354,-0.0177,-0.0001,0.1913,0.3138,-0.0000
100.164,0.1083,0.0367,-0.0183,-0.0001,0.1981,0.3250,-0.0000
100.176,0.1120,0.0380,-0.0190,-0.0001,0.2049,0.3362,-0.0000
100.188,0.1157,0.0392,-0.0196,-0.0001,0.2118,0.3474,-0.0000
100.200,0.1195,0.0405,-0.0202,-0.0001,0.2186,0.3586,-0.0000
100.212,0.1232,0.0418,-0.0209,-0.0001,0.2255,0.3699,-0.0000
100.224,0.1270,0.0431,-0.0215,-0.0001,0.2323,0.3811,-0.0000
100.236,0.1307,0.0443,-0.0221,-0.0001,0.2392,0.3924,-0.0000
100.248,0.1345,0.0456,-0.0228,-0.0001,0.2460,0.4036,-0.0000
100.260,0.1382,0.0469,-0.0234,-0.0001,0.2529,0.4149,-0.0000
100.272,0.1420,0.0481,-0.0240,-0.0001,0.2598,0.4262,-0.0000
100.284,0.1457,0.0494,-0.0247,-0.0001,0.2666,0.4375,-0.0000
100.296,0.1495,0.0507,-0.0253,-0.0001,0.2735,0.4487,-0.0000
100.308,0.1533,0.0520,-0.0259,-0.0001,0.2804,0.4600,-0.0000
100.320,0.1570,0.0532,-0.0266,-0.0001,0.2873,0.4713,-0.0000
100.332,0.1608,0.0545,-0.0272,-0.0001,0.2942,0.4826,-0.0000
100.344,0.1645,0.0558,-0.0279,-0.0001,0.3010,0.4939,-0.0000
100.356,0.1683,0.0571,-0.0285,-0.0001,0.3079,0.5052,-0.0000
100.368,0.1721,0.0583,-0.0291,-0.0001,0.3148,0.5165,-0.0000
100.380,0.1758,0.0596,-0.0298,-0.0001,0.3217,0.5278,-0.0000
100.392,0.1796,0.0609,-0.0304,-0.0001,0.3286,0.5391,-0.0000
100.404,0.1834,0.0622,-0.0310,-0.0001,0.3355,0.5504,-0.0000
100.416,0.1871,0.0634,-0.0317,-0.0001,0.3424,0.5617,-0.0000
100.428,0.1909,0.0647,-0.0323,-0.0001,0.3492,0.5730,-0.0000
100.440,0.1947,0.0660,-0.0329,-0.0001,0.3561,0.5843,-0.0000
100.452,0.1984,0.0673,-0.0336,-0.0002,0.3630,0.5956,-0.0000
100.464,0.2022,0.0686,-0.0342,-0.0002,0.3699,0.6069,-0.0000
100.476,0.2060,0.0698,-0.0349,-0.0002,0.3768,0.6182,-0.0000
100.488,0.2097,0.0711,-0.0355,-0.0002,0.3837,0.6295,-0.0000
100.500,0.2135,0.0724,-0.0361,-0.0002,0.3906,0.6408,-0.0000
100.512,0.2173,0.0737,-0.0368,-0.0002,0.3975,0.6521,-0.0000
100.524,0.2210,0.0749,-0.0374,-0.0002,0.4044,0.6634,-0.0000
100.536,0.2248,0.0762,-0.0380,-0.0002,0.4113,0.6747,-0.0000
100.548,0.2286,0.0775,-0.0387,-0.0002,0.4181,0.6860,-0.0000
100.560,0.2323,0.0788,-0.0393,-0.0002,0.4250,0.6973,-0.0000
100.572,0.2361,0.0800,-0.0400,-0.0002,0.4319,0.7086,-0.0000
100.584,0.2399,0.0813,-0.0406,-0.0002,0.4388,0.7199,-0.0000
100.596,0.2436,0.0826,-0.0412,-0.0002,0.4457,0.7312,-0.0000
100.608,0.2474,0.0839,-0.0419,-0.0002,0.4526,0.7425,-0.0000
100.620,0.2512,0.0852,-0.0425,-0.0002,0.4595,0.7538,-0.0000
100.632,0.2549,0.0864,-0.0432,-0.0002,0.4664,0.7651,-0.0000
100.644,0.2587,0.0877,-0.0438,-0.0002,0.4733,0.7765,-0.0000
100.656,0.2625,0.0890,-0.0444,-0.0002,0.4802,0.7878,-0.0000
100.668,0.2662,0.0903,-0.0451,-0.0002,0.4871,0.7991,-0.0000
100.680,0.2700,0.0915,-0.0457,-0.0002,0.4940,0.8104,-0.0000
100.692,0.2738,0.0928,-0.0463,-0.0002,0.5008,0.8217,-0.0000
100.704,0.2775,0.0941,-0.0470,-0.0002,0.5077,0.8330,-0.0000
100.716,0.2813,0.0954,-0.0476,-0.0002,0.5146,0.8443,-0.0000
100.728,0.2851,0.0967,-0.0483,-0.0002,0.5215,0.8556,-0.0000
100.740,0.2888,0.0979,-0.0489,-0.0002,0.5284,0.8669,-0.0000
100.752,0.2926,0.0992,-0.0495,-0.0002,0.5353,0.8782,-0.0000
100.764,0.2964,0.1005,-0.0502,-0.0002,0.5422,0.8895,-0.0000
100.776,0.3001,0.1018,-0.0508,-0.0002,0.5491,0.9008,-0.0000
100.788,0.3039,0.1030,-0.0514,-0.0002,0.5560,0.9121,-0.0000
100.800,0.3077,0.1043,-0.0521,-0.0002,0.5629,0.9234,-0.0000
100.812,0.3114,0.1056,-0.0527,-0.0002,0.5698,0.9348,-0.0000
100.824,0.3152,0.1069,-0.0534,-0.0002,0.5767,0.9461,-0.0000
100.836,0.3190,0.1081,-0.0540,-0.0002,0.5836,0.9574,-0.0000
100.848,0.3227,0.1094,-0.0546,-0.0002,0.5904,0.9687,-0.0000
100.860,0.3265,0.1107,-0.0553,-0.0002,0.5973,0.9800,-0.0000
100.872,0.3303,0.1120,-0.0559,-0.0003,0.6042,0.9913,-0.0000
100.884,0.3340,0.1133,-0.0565,-0.0003,0.6111,1.0026,-0.0000
100.896,0.3378,0.1145,-0.0572,-0.0003,0.6180,1.0139,-0.0000
100.908,0.3416,0.1158,-0.0578,-0.0003,0.6249,1.0252,-0.0000
100.920,0.3453,0.1171,-0.0585,-0.0003,0.6318,1.0365,-0.0000
100.932,0.3491,0.1184,-0.0591,-0.0003,0.6387,1.0478,-0.0000
100.944,0.3529,0.1196,-0.0597,-0.0003,0.6456,1.0591,-0.0000
100.956,0.3566,0.1209,-0.0604,-0.0003,0.6525,1.0704,-0.0000
100.968,0.3604,0.1222,-0.0610,-0.0003,0.6594,1.0818,-0.0000
100.980,0.3642,0.1235,-0.0616,-0.0003,0.6663,1.0931,-0.0000
100.992,0.3679,0.1248,-0.0623,-0.0003,0.6731,1.1044,-0.0000
101.004,0.3717,0.1260,-0.0629,-0.0003,0.6800,1.1157,-0.0000
101.016,0.3755,0.1273,-0.0636,-0.0003,0.6869,1.1270,-0.0000
101.028,0.3792,0.1286,-0.0642,-0.0003,0.6938,1.1383,-0.0000
101.040,0.3830,0.1299,-0.0648,-0.0003,0.7007,1.1496,-0.0000
101.052,0.3868,0.1311,-0.0655,-0.0003,0.7076,1.1609,-0.0000
101.064,0.3905,0.1324,-0.0661,-0.0003,0.7145,1.1722,-0.0000
101.076,0.3943,0.1337,-0.0667,-0.0003,0.7214,1.1835,-0.0000
101.088,0.3981,0.1350,-0.0674,-0.0003,0.7283,1.1948,-0.0000
101.100,0.4018,0.1362,-0.0680,-0.0003,0.7352,1.2061,-0.0000
101.112,0.4056,0.1375,-0.0687,-0.0003,0.7421,1.2174,-0.0000
101.124,0.4094,0.1388,-0.0693,-0.0003,0.7490,1.2288,-0.0000
101.136,0.4131,0.1401,-0.0699,-0.0003,0.7559,1.2401,-0.0000
101.148,0.4169,0.1414,-0.0706,-0.0003,0.7628,1.2514,-0.0000
101.160,0.4207,0.1426,-0.0712,-0.0003,0.7696,1.2627,-0.0000
101.172,0.4245,0.1439,-0.0718,-0.0003,0.7765,1.2740,-0.0000
101.184,0.4282,0.1452,-0.0725,-0.0003,0.7834,1.2853,-0.0000
101.196,0.4320,0.1465,-0.0731,-0.0003,0.7903,1.2966,-0.0000
101.208,0.4358,0.1477,-0.0738,-0.0003,0.7972,1.3079,-0.0000
101.220,0.4395,0.1490,-0.0744,-0.0003,0.8041,1.3192,-0.0000
101.232,0.4433,0.1503,-0.0750,-0.0003,0.8110,1.3305,-0.0000
101.244,0.4471,0.1516,-0.0757,-0.0003,0.8179,1.3418,-0.0000
101.256,0.4508,0.1529,-0.0763,-0.0003,0.8248,1.3531,-0.0000
101.268,0.4546,0.1541,-0.0769,-0.0003,0.8317,1.3644,-0.0000
101.280,0.4584,0.1554,-0.0776,-0.0003,0.8386,1.3757,-0.0000
101.292,0.4621,0.1567,-0.0782,-0.0004,0.8455,1.3871,-0.0000
101.304,0.4659,0.1580,-0.0789,-0.0004,0.8524,1.3984,-0.0000
101.316,0.4697,0.1592,-0.0795,-0.0004,0.8592,1.4097,-0.0000
101.328,0.4734,0.1605,-0.0801,-0.0004,0.8661,1.4210,-0.0000
101.340,0.4772,0.1618,-0.0808,-0.0004,0.8730,1.4323,-0.0000
101.352,0.4810,0.1631,-0.0814,-0.0004,0.8799,1.4436,-0.0000
101.364,0.4847,0.1643,-0.0820,-0.0004,0.8868,1.4549,-0.0000
101.376,0.4885,0.1656,-0.0827,-0.0004,0.8937,1.4662,-0.0000
101.388,0.4923,0.1669,-0.0833,-0.0004,0.9006,1.4775,-0.0000
101.400,0.4960,0.1682,-0.0840,-0.0004,0.9075,1.4888,-0.0000
101.412,0.4998,0.1695,-0.0846,-0.0004,0.9144,1.5001,-0.0000
101.424,0.5036,0.1707,-0.0852,-0.0004,0.9213,1.5114,-0.0000
101.436,0.5073,0.1720,-0.0859,-0.0004,0.9282,1.5227,-0.0000
101.448,0.5111,0.1733,-0.0865,-0.0004,0.9351,1.5341,-0.0000
101.460,0.5149,0.1746,-0.0872,-0.0004,0.9420,1.5454,-0.0000
101.472,0.5186,0.1758,-0.0878,-0.0004,0.9488,1.5567,-0.0000
101.484,0.5224,0.1771,-0.0884,-0.0004,0.9557,1.5680,-0.0000
101.496,0.5262,0.1784,-0.0891,-0.0004,0.9626,1.5793,-0.0000
101.508,0.5299,0.1797,-0.0897,-0.0004,0.9695,1.5906,-0.0000
101.520,0.5337,0.1810,-0.0903,-0.0004,0.9764,1.6019,-0.0000
101.532,0.5375,0.1822,-0.0910,-0.0004,0.9833,1.6132,-0.0000
101.544,0.5412,0.1835,-0.0916,-0.0004,0.9902,1.6245,-0.0000
101.556,0.5450,0.1848,-0.0923,-0.0004,0.9971,1.6358,-0.0000
101.568,0.5488,0.1861,-0.0929,-0.0004,1.0040,1.6471,-0.0000
101.580,0.5525,0.1873,-0.0935,-0.0004,1.0109,1.6584,-0.0000
101.592,0.5563,0.1886,-0.0942,-0.0004,1.0178,1.6697,-0.0000
101.604,0.5601,0.1899,-0.0948,-0.0004,1.0247,1.6811,-0.0000
101.616,0.5638,0.1912,-0.0954,-0.0004,1.0316,1.6924,-0.0000
101.628,0.5676,0.1925,-0.0961,-0.0004,1.0384,1.7037,-0.0000
101.640,0.5714,0.1937,-0.0967,-0.0004,1.0453,1.7150,-0.0000
101.652,0.5751,0.1950,-0.0974,-0.0004,1.0522,1.7263,-0.0000
101.664,0.5789,0.1963,-0.0980,-0.0004,1.0591,1.7376,-0.0000
101.676,0.5827,0.1976,-0.0986,-0.0004,1.0660,1.7489,-0.0000
101.688,0.5864,0.1988,-0.0993,-0.0004,1.0729,1.7602,-0.0000
101.700,0.5902,0.2001,-0.0999,-0.0004,1.0798,1.7715,-0.0000
101.712,0.5940,0.2014,-0.1005,-0.0005,1.0867,1.7828,-0.0000
101.724,0.5977,0.2027,-0.1012,-0.0005,1.0936,1.7941,-0.0000
101.736,0.6015,0.2039,-0.1018,-0.0005,1.1005,1.8054,-0.0000
101.748,0.6053,0.2052,-0.1025,-0.0005,1.1074,1.8167,-0.0000
101.760,0.6091,0.2065,-0.1031,-0.0005,1.1143,1.8281,-0.0000
101.772,0.6128,0.2078,-0.1037,-0.0005,1.1212,1.8394,-0.0000
101.784,0.6166,0.2091,-0.1044,-0.0005,1.1280,1.8507,-0.0000
101.796,0.6204,0.2103,-0.1050,-0.0005,1.1349,1.8620,-0.0000
101.808,0.6241,0.2116,-0.1056,-0.0005,1.1418,1.8733,-0.0000
101.820,0.6279,0.2129,-0.1063,-0.0005,1.1487,1.8846,-0.0000
101.832,0.6317,0.2142,-0.1069,-0.0005,1.1556,1.8959,-0.0000
101.844,0.6354,0.2154,-0.1076,-0.0005,1.1625,1.9072,-0.0000
101.856,0.6392,0.2167,-0.1082,-0.0005,1.1694,1.9185,-0.0000
101.868,0.6430,0.2180,-0.1088,-0.0005,1.1763,1.9298,-0.0000
101.880,0.6467,0.2193,-0.1095,-0.0005,1.1832,1.9411,-0.0000
101.892,0.6505,0.2206,-0.1101,-0.0005,1.1901,1.9524,-0.0000
101.904,0.6543,0.2218,-0.1107,-0.0005,1.1970,1.9637,-0.0000
101.916,0.6580,0.2231,-0.1114,-0.0005,1.2039,1.9750,-0.0000
101.928,0.6618,0.2244,-0.1120,-0.0005,1.2108,1.9864,-0.0000
101.940,0.6656,0.2257,-0.1127,-0.0005,1.2176,1.9977,-0.0000
101.952,0.6693,0.2269,-0.1133,-0.0005,1.2245,2.0090,-0.0000
101.964,0.6731,0.2282,-0.1139,-0.0005,1.2314,2.0203,-0.0000
101.976,0.6769,0.2295,-0.1146,-0.0005,1.2383,2.0316,-0.0000
101.988,0.6806,0.2308,-0.1152,-0.0005,1.2452,2.0429,-0.0000
102.000,0.6844,0.2320,-0.1158,-0.0005,1.2521,2.0542,-0.0000
102.012,0.6882,0.2333,-0.1165,-0.0005,1.2590,2.0655,-0.0000
102.024,0.6919,0.2346,-0.1171,-0.0005,1.2659,2.0768,-0.0000
102.036,0.6957,0.2359,-0.1178,-0.0005,1.2728,2.0881,-0.0000
102.048,0.6995,0.2372,-0.1184,-0.0005,1.2797,2.0994,-0.0000
102.060,0.7032,0.2384,-0.1190,-0.0005,1.2866,2.1107,-0.0000
102.072,0.7070,0.2397,-0.1197,-0.0005,1.2935,2.1220,-0.0000
102.084,0.7108,0.2410,-0.1203,-0.0005,1.3004,2.1334,-0.0000
102.096,0.7145,0.2423,-0.1209,-0.0005,1.3072,2.1447,-0.0000
102.108,0.7183,0.2435,-0.1216,-0.0005,1.3141,2.1560,-0.0000
102.120,0.7221,0.2448,-0.1222,-0.0005,1.3210,2.1673,-0.0000
102.132,0.7258,0.2461,-0.1229,-0.0006,1.3279,2.1786,-0.0000
102.144,0.7296,0.2474,-0.1235,-0.0006,1.3348,2.1899,-0.0000
102.156,0.7334,0.2487,-0.1241,-0.0006,1.3417,2.2012,-0.0000
102.168,0.7371,0.2499,-0.1248,-0.0006,1.3486,2.2125,-0.0000
102.180,0.7409,0.2512,-0.1254,-0.0006,1.3555,2.2238,-0.0000
102.192,0.7447,0.2525,-0.1260,-0.0006,1.3624,2.2351,-0.0000
102.204,0.7484,0.2538,-0.1267,-0.0006,1.3693,2.2464,-0.0000
102.216,0.7522,0.2550,-0.1273,-0.0006,1.3762,2.2577,-0.0000
102.228,0.7560,0.2563,-0.1280,-0.0006,1.3831,2.2690,-0.0000
102.240,0.7594,0.2575,-0.1285,-0.0006,1.3894,2.2794,-0.0000
102.252,0.7625,0.2585,-0.1291,-0.0006,1.3950,2.2886,-0.0000
102.264,0.7652,0.2594,-0.1295,-0.0006,1.3999,2.2967,-0.0000
102.276,0.7675,0.2602,-0.1299,-0.0006,1.4042,2.3037,-0.0000
102.288,0.7696,0.2609,-0.1303,-0.0006,1.4080,2.3100,-0.0000
102.300,0.7714,0.2616,-0.1306,-0.0006,1.4114,2.3155,-0.0000
102.312,0.7731,0.2621,-0.1309,-0.0006,1.4143,2.3203,-0.0000
102.324,0.7745,0.2626,-0.1311,-0.0006,1.4169,2.3246,-0.0000
102.336,0.7757,0.2630,-0.1313,-0.0006,1.4192,2.3283,-0.0000
102.348,0.7768,0.2634,-0.1315,-0.0006,1.4212,2.3316,-0.0000
102.360,0.7778,0.2637,-0.1317,-0.0006,1.4229,2.3345,-0.0000
102.372,0.7786,0.2640,-0.1318,-0.0006,1.4245,2.3370,-0.0000
102.384,0.7794,0.2643,-0.1319,-0.0006,1.4259,2.3393,-0.0000
102.396,0.7800,0.2645,-0.1320,-0.0006,1.4271,2.3413,-0.0000
102.408,0.7806,0.2647,-0.1321,-0.0006,1.4281,2.3430,-0.0000
102.420,0.7811,0.2648,-0.1322,-0.0006,1.4291,2.3445,-0.0000
102.432,0.7811,0.2648,-0.1322,-0.0006,1.4291,2.3445,-0.0000
102.444,0.7811,0.2650,-0.1319,-0.0006,1.4287,2.3445,-0.0000
102.456,0.7811,0.2652,-0.1314,-0.0006,1.4279,2.3446,-0.0000
102.468,0.7811,0.2656,-0.1307,-0.0006,1.4268,2.3446,-0.0000
102.480,0.7812,0.2661,-0.1298,-0.0006,1.4255,2.3446,-0.0000
102.492,0.7812,0.2666,-0.1287,-0.0006,1.4239,2.3447,-0.0000
102.504,0.7812,0.2672,-0.1275,-0.0006,1.4221,2.3447,-0.0000
102.516,0.7812,0.2679,-0.1262,-0.0006,1.4201,2.3448,-0.0000
102.528,0.7812,0.2686,-0.1247,-0.0006,1.4180,2.3448,-0.0000
102.540,0.7813,0.2694,-0.1232,-0.0006,1.4157,2.3449,-0.0000
102.552,0.7813,0.2703,-0.1215,-0.0006,1.4133,2.3449,-0.0000
102.564,0.7813,0.2711,-0.1198,-0.0006,1.4108,2.3450,-0.0000
102.576,0.7813,0.2720,-0.1180,-0.0006,1.4081,2.3451,-0.0000
102.588,0.7814,0.2730,-0.1162,-0.0006,1.4054,2.3452,-0.0000
102.600,0.7814,0.2739,-0.1143,-0.0006,1.4026,2.3452,-0.0000
102.612,0.7814,0.2749,-0.1124,-0.0006,1.3998,2.3453,-0.0000
102.624,0.7815,0.2759,-0.1104,-0.0005,1.3969,2.3454,-0.0000
102.636,0.7815,0.2769,-0.1084,-0.0005,1.3939,2.3455,-0.0000
102.648,0.7815,0.2780,-0.1063,-0.0005,1.3909,2.3455,-0.0000
102.660,0.7815,0.2790,-0.1043,-0.0005,1.3878,2.3456,-0.0000
102.672,0.7816,0.2801,-0.1022,-0.0005,1.3847,2.3457,-0.0000
102.684,0.7816,0.2812,-0.1001,-0.0005,1.3816,2.3458,-0.0000
102.696,0.7816,0.2822,-0.0979,-0.0005,1.3785,2.3459,-0.0000
102.708,0.7817,0.2833,-0.0958,-0.0005,1.3753,2.3460,-0.0000
102.720,0.7817,0.2844,-0.0936,-0.0005,1.3721,2.3460,-0.0000
102.732,0.7817,0.2855,-0.0914,-0.0005,1.3689,2.3461,-0.0000
102.744,0.7818,0.2866,-0.0892,-0.0005,1.3657,2.3462,-0.0000
102.756,0.7818,0.2878,-0.0870,-0.0005,1.3624,2.3463,-0.0000
102.768,0.7818,0.2889,-0.0848,-0.0005,1.3592,2.3464,-0.0000
102.780,0.7819,0.2900,-0.0826,-0.0005,1.3559,2.3465,-0.0000
102.792,0.7819,0.2911,-0.0804,-0.0005,1.3526,2.3466,-0.0000
102.804,0.7819,0.2923,-0.0782,-0.0005,1.3494,2.3467,-0.0000
102.816,0.7820,0.2934,-0.0759,-0.0005,1.3461,2.3467,-0.0000
102.828,0.7820,0.2945,-0.0737,-0.0005,1.3428,2.3468,-0.0000
102.840,0.7820,0.2957,-0.0715,-0.0005,1.3395,2.3469,-0.0000
102.852,0.7821,0.2968,-0.0692,-0.0005,1.3362,2.3470,-0.0000
102.864,0.7821,0.2979,-0.0670,-0.0005,1.3328,2.3471,-0.0000
102.876,0.7821,0.2991,-0.0647,-0.0005,1.3295,2.3472,-0.0000
102.888,0.7822,0.3002,-0.0625,-0.0004,1.3262,2.3473,-0.0000
102.900,0.7822,0.3014,-0.0602,-0.0004,1.3229,2.3474,-0.0000
102.912,0.7822,0.3025,-0.0580,-0.0004,1.3195,2.3475,-0.0000
102.924,0.7823,0.3036,-0.0557,-0.0004,1.3162,2.3475,-0.0000
102.936,0.7823,0.3048,-0.0534,-0.0004,1.3129,2.3476,-0.0000
102.948,0.7823,0.3059,-0.0512,-0.0004,1.3095,2.3477,-0.0000
102.960,0.7824,0.3071,-0.0489,-0.0004,1.3062,2.3478,-0.0000
102.972,0.7824,0.3082,-0.0467,-0.0004,1.3029,2.3479,-0.0000
102.984,0.7824,0.3094,-0.0444,-0.0004,1.2995,2.3480,-0.0000
102.996,0.7825,0.3105,-0.0421,-0.0004,1.2962,2.3481,-0.0000
103.008,0.7825,0.3117,-0.0399,-0.0004,1.2928,2.3482,-0.0000
103.020,0.7825,0.3128,-0.0376,-0.0004,1.2895,2.3483,-0.0000
103.032,0.7826,0.3140,-0.0353,-0.0004,1.2862,2.3484,-0.0000
103.044,0.7826,0.3151,-0.0331,-0.0004,1.2828,2.3484,-0.0000
103.056,0.7827,0.3163,-0.0308,-0.0004,1.2795,2.3485,-0.0000
103.068,0.7827,0.3174,-0.0285,-0.0004,1.2761,2.3486,-0.0000
103.080,0.7827,0.3186,-0.0263,-0.0004,1.2728,2.3487,-0.0000
103.092,0.7828,0.3197,-0.0240,-0.0004,1.2694,2.3488,-0.0000
103.104,0.7828,0.3209,-0.0217,-0.0004,1.2661,2.3489,-0.0000
103.116,0.7828,0.3220,-0.0195,-0.0004,1.2628,2.3490,-0.0000
103.128,0.7829,0.3232,-0.0172,-0.0004,1.2594,2.3491,-0.0000
103.140,0.7829,0.3243,-0.0149,-0.0003,1.2561,2.3492,-0.0000
103.152,0.7829,0.3255,-0.0127,-0.0003,1.2527,2.3492,-0.0000
103.164,0.7830,0.3266,-0.0104,-0.0003,1.2494,2.3493,-0.0000
103.176,0.7830,0.3278,-0.0081,-0.0003,1.2460,2.3494,-0.0000
103.188,0.7830,0.3289,-0.0058,-0.0003,1.2427,2.3495,-0.0000
103.200,0.7831,0.3301,-0.0036,-0.0003,1.2393,2.3496,-0.0000
103.212,0.7831,0.3312,-0.0013,-0.0003,1.2360,2.3497,-0.0000
103.224,0.7831,0.3324,0.0010,-0.0003,1.2326,2.3498,-0.0000
103.236,0.7832,0.3335,0.0032,-0.0003,1.2293,2.3499,-0.0000
103.248,0.7832,0.3347,0.0055,-0.0003,1.2259,2.3500,-0.0000
103.260,0.7832,0.3358,0.0078,-0.0003,1.2226,2.3501,-0.0000
103.272,0.7833,0.3370,0.0100,-0.0003,1.2192,2.3501,-0.0000
103.284,0.7833,0.3381,0.0123,-0.0003,1.2159,2.3502,-0.0000
103.296,0.7833,0.3393,0.0146,-0.0003,1.2125,2.3503,-0.0000
103.308,0.7834,0.3404,0.0169,-0.0003,1.2092,2.3504,-0.0000
103.320,0.7834,0.3416,0.0191,-0.0003,1.2058,2.3505,-0.0000
103.332,0.7834,0.3427,0.0214,-0.0003,1.2025,2.3506,-0.0000
103.344,0.7835,0.3439,0.0237,-0.0003,1.1992,2.3507,-0.0000
103.356,0.7835,0.3450,0.0259,-0.0003,1.1958,2.3508,-0.0000
103.368,0.7835,0.3462,0.0282,-0.0003,1.1925,2.3509,-0.0000
103.380,0.7836,0.3473,0.0305,-0.0003,1.1891,2.3510,-0.0000
103.392,0.7836,0.3485,0.0327,-0.0002,1.1858,2.3510,-0.0000
103.404,0.7836,0.3497,0.0350,-0.0002,1.1824,2.3511,-0.0000
103.416,0.7837,0.3508,0.0373,-0.0002,1.1791,2.3512,-0.0000
103.428,0.7837,0.3520,0.0396,-0.0002,1.1757,2.3513,-0.0000
103.440,0.7837,0.3531,0.0418,-0.0002,1.1724,2.3514,-0.0000
103.452,0.7838,0.3543,0.0441,-0.0002,1.1690,2.3515,-0.0000
103.464,0.7838,0.3554,0.0464,-0.0002,1.1657,2.3516,-0.0000
103.476,0.7838,0.3566,0.0486,-0.0002,1.1623,2.3517,-0.0000
103.488,0.7839,0.3577,0.0509,-0.0002,1.1590,2.3518,-0.0000
103.500,0.7839,0.3589,0.0532,-0.0002,1.1556,2.3518,-0.0000
103.512,0.7839,0.3600,0.0554,-0.0002,1.1523,2.3519,-0.0000
103.524,0.7840,0.3612,0.0577,-0.0002,1.1489,2.3520,-0.0000
103.536,0.7840,0.3623,0.0600,-0.0002,1.1456,2.3521,-0.0000
103.548,0.7841,0.3635,0.0623,-0.0002,1.1422,2.3522,-0.0000
103.560,0.7841,0.3646,0.0645,-0.0002,1.1389,2.3523,-0.0000
103.572,0.7841,0.3658,0.0668,-0.0002,1.1355,2.3524,-0.0000
103.584,0.7842,0.3669,0.0691,-0.0002,1.1322,2.3525,-0.0000
103.596,0.7842,0.3681,0.0713,-0.0002,1.1288,2.3526,-0.0000
103.608,0.7842,0.3692,0.0736,-0.0002,1.1255,2.3527,-0.0000
103.620,0.7843,0.3704,0.0759,-0.0002,1.1221,2.3527,-0.0000
103.632,0.7843,0.3715,0.0781,-0.0001,1.1188,2.3528,-0.0000
103.644,0.7843,0.3727,0.0804,-0.0001,1.1154,2.3529,-0.0000
103.656,0.7844,0.3738,0.0827,-0.0001,1.1121,2.3530,-0.0000
103.668,0.7844,0.3750,0.0850,-0.0001,1.1087,2.3531,-0.0000
103.680,0.7844,0.3761,0.0872,-0.0001,1.1054,2.3532,-0.0000
103.692,0.7845,0.3773,0.0895,-0.0001,1.1021,2.3533,-0.0000
103.704,0.7845,0.3784,0.0918,-0.0001,1.0987,2.3534,-0.0000
103.716,0.7845,0.3796,0.0940,-0.0001,1.0954,2.3535,-0.0000
103.728,0.7846,0.3807,0.0963,-0.0001,1.0920,2.3536,-0.0000
103.740,0.7846,0.3819,0.0986,-0.0001,1.0887,2.3536,-0.0000
103.752,0.7846,0.3830,0.1008,-0.0001,1.0853,2.3537,-0.0000
103.764,0.7847,0.3842,0.1031,-0.0001,1.0820,2.3538,-0.0000
103.776,0.7847,0.3853,0.1054,-0.0001,1.0786,2.3539,-0.0000
103.788,0.7847,0.3865,0.1077,-0.0001,1.0753,2.3540,-0.0000
103.800,0.7848,0.3876,0.1099,-0.0001,1.0719,2.3541,-0.0000
103.812,0.7848,0.3888,0.1122,-0.0001,1.0686,2.3542,-0.0000
103.824,0.7848,0.3899,0.1145,-0.0001,1.0652,2.3543,-0.0000
103.836,0.7849,0.3911,0.1167,-0.0001,1.0619,2.3544,-0.0000
103.848,0.7849,0.3922,0.1190,-0.0001,1.0585,2.3544,-0.0000
103.860,0.7849,0.3934,0.1213,-0.0001,1.0552,2.3545,-0.0000
103.872,0.7850,0.3945,0.1235,-0.0001,1.0518,2.3546,-0.0000
103.884,0.7850,0.3957,0.1258,-0.0000,1.0485,2.3547,-0.0000
103.896,0.7850,0.3969,0.1281,-0.0000,1.0451,2.3548,-0.0000
103.908,0.7851,0.3980,0.1304,-0.0000,1.0418,2.3549,-0.0000
103.920,0.7851,0.3992,0.1326,-0.0000,1.0384,2.3550,-0.0000
103.932,0.7851,0.4003,0.1349,-0.0000,1.0351,2.3551,-0.0000
103.944,0.7852,0.4013,0.1369,-0.0000,1.0321,2.3552,-0.0000
103.956,0.7852,0.4022,0.1387,-0.0000,1.0295,2.3552,-0.0000
103.968,0.7852,0.4030,0.1402,-0.0000,1.0273,2.3553,-0.0000
103.980,0.7852,0.4037,0.1416,-0.0000,1.0253,2.3553,-0.0000
103.992,0.7853,0.4043,0.1428,-0.0000,1.0235,2.3554,-0.0000
104.004,0.7853,0.4048,0.1438,-0.0000,1.0219,2.3554,-0.0000
104.016,0.7853,0.4053,0.1447,-0.0000,1.0206,2.3555,-0.0000
104.028,0.7853,0.4057,0.1456,-0.0000,1.0194,2.3555,-0.0005
104.040,0.7853,0.4061,0.1463,-0.0000,1.0183,2.3555,-0.0015
104.052,0.7853,0.4064,0.1469,-0.0000,1.0174,2.3556,-0.0029
104.064,0.7853,0.4067,0.1475,-0.0000,1.0166,2.3556,-0.0047
104.076,0.7853,0.4069,0.1480,-0.0000,1.0158,2.3556,-0.0068
104.088,0.7853,0.4071,0.1484,-0.0000,1.0152,2.3556,-0.0091
104.100,0.7854,0.4073,0.1488,-0.0000,1.0146,2.3556,-0.0117
104.112,0.7854,0.4075,0.1491,-0.0000,1.0141,2.3556,-0.0145
104.124,0.7854,0.4077,0.1494,0.0000,1.0137,2.3556,-0.0175
104.136,0.7854,0.4078,0.1497,0.0000,1.0133,2.3557,-0.0207
104.148,0.7854,0.4079,0.1499,0.0000,1.0130,2.3557,-0.0240
104.160,0.7854,0.4080,0.1501,0.0000,1.0127,2.3557,-0.0275
104.172,0.7854,0.4081,0.1503,0.0000,1.0124,2.3557,-0.0311
104.184,0.7854,0.4082,0.1504,0.0000,1.0122,2.3557,-0.0347
104.196,0.7854,0.4082,0.1505,0.0000,1.0120,2.3557,-0.0385
104.208,0.7854,0.4083,0.1507,0.0000,1.0118,2.3557,-0.0423
104.220,0.7854,0.4084,0.1508,0.0000,1.0117,2.3557,-0.0462
104.232,0.7854,0.4084,0.1509,0.0000,1.0115,2.3557,-0.0502
104.244,0.7854,0.4084,0.1509,0.0000,1.0114,2.3557,-0.0542
104.256,0.7854,0.4085,0.1510,0.0000,1.0113,2.3557,-0.0582
104.268,0.7854,0.4085,0.1511,0.0000,1.0112,2.3557,-0.0623
104.280,0.7854,0.4085,0.1511,0.0000,1.0111,2.3557,-0.0665
104.292,0.7854,0.4086,0.1512,0.0000,1.0111,2.3557,-0.0706
104.304,0.7854,0.4086,0.1512,0.0000,1.0110,2.3557,-0.0748
104.316,0.7854,0.4086,0.1513,0.0000,1.0109,2.3557,-0.0791
104.328,0.7854,0.4086,0.1513,0.0000,1.0109,2.3557,-0.0833
104.340,0.7854,0.4086,0.1513,0.0000,1.0109,2.3557,-0.0876
104.352,0.7854,0.4087,0.1514,0.0000,1.0108,2.3557,-0.0918
104.364,0.7854,0.4087,0.1514,0.0000,1.0108,2.3557,-0.0961
104.376,0.7854,0.4087,0.1514,0.0000,1.0107,2.3557,-0.1004
104.388,0.7854,0.4087,0.1514,0.0000,1.0107,2.3557,-0.1047
104.400,0.7854,0.4087,0.1514,0.0000,1.0107,2.3557,-0.1091
104.412,0.7854,0.4087,0.1514,0.0000,1.0107,2.3557,-0.1134
104.424,0.7854,0.4087,0.1515,0.0000,1.0107,2.3557,-0.1178
104.436,0.7854,0.4087,0.1515,0.0000,1.0106,2.3557,-0.1221
104.448,0.7854,0.4087,0.1515,0.0000,1.0106,2.3557,-0.1265
104.460,0.7854,0.4087,0.1515,0.0000,1.0106,2.3557,-0.1308
104.472,0.7854,0.4087,0.1515,0.0000,1.0106,2.3557,-0.1352
104.484,0.7854,0.4087,0.1515,0.0000,1.0106,2.3557,-0.1396
104.496,0.7854,0.4087,0.1515,0.0000,1.0106,2.3557,-0.1439
104.508,0.7854,0.4087,0.1515,0.0000,1.0106,2.3557,-0.1483
104.520,0.7854,0.4087,0.1515,0.0000,1.0106,2.3557,-0.1527
104.532,0.7854,0.4087,0.1515,0.0000,1.0106,2.3557,-0.1571
104.544,0.7854,0.4087,0.1515,0.0000,1.0106,2.3557,-0.1614
104.556,0.7854,0.4087,0.1515,0.0000,1.0106,2.3557,-0.1658
104.568,0.7854,0.4087,0.1515,0.0000,1.0106,2.3557,-0.1702
104.580,0.7854,0.4087,0.1515,0.0000,1.0106,2.3557,-0.1746
104.592,0.7854,0.4087,0.1515,0.0000,1.0106,2.3557,-0.1790
104.604,0.7854,0.4087,0.1515,0.0000,1.0106,2.3557,-0.1834
104.616,0.7854,0.4087,0.1515,0.0000,1.0105,2.3557,-0.1878
104.628,0.7854,0.4087,0.1515,0.0000,1.0105,2.3557,-0.1922
104.640,0.7854,0.4087,0.1515,0.0000,1.0105,2.3557,-0.1966
104.652,0.7854,0.4087,0.1515,0.0000,1.0105,2.3557,-0.2010
104.664,0.7854,0.4087,0.1515,0.0000,1.0105,2.3557,-0.2054
104.676,0.7854,0.4087,0.1515,0.0000,1.0105,2.3557,-0.2098
104.688,0.7854,0.4087,0.1515,0.0000,1.0105,2.3557,-0.2142
104.700,0.7854,0.4087,0.1515,0.0000,1.0105,2.3557,-0.2186
104.712,0.7854,0.4085,0.1515,0.0000,1.0105,2.3557,-0.2230
104.724,0.7854,0.4080,0.1515,0.0000,1.0108,2.3557,-0.2274
104.736,0.7854,0.4074,0.1515,0.0000,1.0112,2.3557,-0.2317
104.748,0.7854,0.4068,0.1515,0.0000,1.0116,2.3557,-0.2361
104.760,0.7854,0.4062,0.1515,0.0000,1.0120,2.3557,-0.2405
104.772,0.7854,0.4056,0.1515,0.0000,1.0125,2.3557,-0.2449
104.784,0.7854,0.4049,0.1515,0.0000,1.0129,2.3557,-0.2493
104.796,0.7854,0.4042,0.1515,0.0000,1.0134,2.3557,-0.2537
104.808,0.7854,0.4036,0.1515,0.0000,1.0139,2.3557,-0.2581
104.820,0.7854,0.4029,0.1515,0.0000,1.0144,2.3557,-0.2625
104.832,0.7854,0.4023,0.1515,0.0000,1.0149,2.3557,-0.2669
104.844,0.7854,0.4016,0.1515,0.0000,1.0154,2.3557,-0.2713
104.856,0.7854,0.4009,0.1515,0.0000,1.0159,2.3557,-0.2757
104.868,0.7854,0.4003,0.1515,0.0000,1.0163,2.3557,-0.2801
104.880,0.7854,0.3996,0.1515,0.0000,1.0168,2.3557,-0.2845
104.892,0.7854,0.3990,0.1515,0.0000,1.0173,2.3557,-0.2889
104.904,0.7854,0.3983,0.1515,0.0000,1.0178,2.3557,-0.2933
104.916,0.7854,0.3977,0.1515,0.0000,1.0183,2.3557,-0.2977
104.928,0.7854,0.3970,0.1515,0.0000,1.0187,2.3557,-0.3021
104.940,0.7854,0.3964,0.1515,0.0000,1.0192,2.3557,-0.3065
104.952,0.7854,0.3957,0.1515,0.0000,1.0197,2.3557,-0.3109
104.964,0.7854,0.3951,0.1515,0.0000,1.0202,2.3557,-0.3153
104.976,0.7854,0.3944,0.1515,0.0000,1.0206,2.3557,-0.3197
104.988,0.7854,0.3938,0.1515,0.0000,1.0211,2.3557,-0.3241
105.000,0.7854,0.3932,0.1515,0.0000,1.0215,2.3557,-0.3285
105.012,0.7854,0.3925,0.1515,0.0000,1.0220,2.3557,-0.3329
105.024,0.7854,0.3919,0.1515,0.0000,1.0224,2.3557,-0.3373
105.036,0.7854,0.3913,0.1515,0.0000,1.0229,2.3557,-0.3417
105.048,0.7854,0.3906,0.1515,0.0000,1.0233,2.3557,-0.3461
105.060,0.7854,0.3900,0.1515,0.0000,1.0238,2.3557,-0.3505
105.072,0.7854,0.3894,0.1515,0.0000,1.0242,2.3557,-0.3549
105.084,0.7854,0.3887,0.1515,0.0000,1.0246,2.3557,-0.3593
105.096,0.7854,0.3881,0.1515,0.0000,1.0251,2.3557,-0.3637
105.108,0.7854,0.3875,0.1515,0.0000,1.0255,2.3557,-0.3681
105.120,0.7854,0.3869,0.1515,0.0000,1.0259,2.3557,-0.3725
105.132,0.7854,0.3863,0.1515,0.0000,1.0263,2.3557,-0.3769
105.144,0.7854,0.3857,0.1515,0.0000,1.0267,2.3557,-0.3813
105.156,0.7854,0.3851,0.1515,0.0000,1.0271,2.3557,-0.3857
105.168,0.7854,0.3845,0.1515,0.0000,1.0275,2.3557,-0.3901
105.180,0.7854,0.3839,0.1515,0.0000,1.0279,2.3557,-0.3945
105.192,0.7854,0.3833,0.1515,0.0000,1.0283,2.3557,-0.3989
105.204,0.7854,0.3827,0.1515,0.0000,1.0287,2.3557,-0.4033
105.216,0.7854,0.3821,0.1515,0.0000,1.0291,2.3557,-0.4077
105.228,0.7854,0.3815,0.1515,0.0000,1.0295,2.3557,-0.4116
105.240,0.7854,0.3810,0.1515,0.0000,1.0298,2.3557,-0.4150
105.252,0.7854,0.3806,0.1515,0.0000,1.0301,2.3557,-0.4180
105.264,0.7854,0.3804,0.1513,0.0000,1.0306,2.3557,-0.4206
105.276,0.7854,0.3802,0.1508,0.0000,1.0313,2.3557,-0.4230
105.288,0.7854,0.3800,0.1500,0.0000,1.0323,2.3557,-0.4250
105.300,0.7854,0.3797,0.1491,0.0000,1.0336,2.3557,-0.4268
105.312,0.7854,0.3793,0.1480,-0.0000,1.0351,2.3557,-0.4284
105.324,0.7854,0.3788,0.1468,-0.0000,1.0368,2.3557,-0.4298
105.336,0.7854,0.3783,0.1455,-0.0000,1.0387,2.3557,-0.4310
105.348,0.7854,0.3778,0.1440,-0.0000,1.0407,2.3557,-0.4321
105.360,0.7854,0.3772,0.1425,-0.0000,1.0429,2.3557,-0.4330
105.372,0.7854,0.3765,0.1408,-0.0000,1.0452,2.3557,-0.4339
105.384,0.7854,0.3758,0.1391,-0.0000,1.0477,2.3557,-0.4346
105.396,0.7854,0.3751,0.1373,-0.0000,1.0502,2.3557,-0.4353
105.408,0.7854,0.3744,0.1355,-0.0000,1.0528,2.3557,-0.4358
105.420,0.7854,0.3737,0.1336,-0.0000,1.0555,2.3557,-0.4363
105.432,0.7854,0.3729,0.1316,-0.0000,1.0583,2.3557,-0.4368
105.444,0.7854,0.3721,0.1297,-0.0000,1.0611,2.3557,-0.4372
105.456,0.7854,0.3713,0.1277,-0.0000,1.0640,2.3557,-0.4375
105.468,0.7853,0.3705,0.1256,-0.0000,1.0669,2.3557,-0.4378
105.480,0.7853,0.3696,0.1235,-0.0001,1.0699,2.3557,-0.4381
105.492,0.7853,0.3688,0.1214,-0.0001,1.0729,2.3557,-0.4383
105.504,0.7853,0.3679,0.1193,-0.0001,1.0759,2.3557,-0.4385
105.516,0.7853,0.3671,0.1172,-0.0001,1.0789,2.3557,-0.4387
105.528,0.7853,0.3662,0.1150,-0.0001,1.0820,2.3557,-0.4388
105.540,0.7853,0.3653,0.1128,-0.0001,1.0851,2.3557,-0.4390
105.552,0.7853,0.3645,0.1107,-0.0001,1.0882,2.3557,-0.4391
105.564,0.7853,0.3636,0.1085,-0.0001,1.0913,2.3557,-0.4392
105.576,0.7853,0.3627,0.1063,-0.0001,1.0945,2.3557,-0.4393
105.588,0.7853,0.3618,0.1041,-0.0001,1.0976,2.3557,-0.4394
105.600,0.7853,0.3609,0.1018,-0.0001,1.1008,2.3557,-0.4395
105.612,0.7853,0.3600,0.0996,-0.0001,1.1040,2.3557,-0.4395
105.624,0.7853,0.3591,0.0974,-0.0001,1.1072,2.3557,-0.4396
105.636,0.7853,0.3582,0.0951,-0.0001,1.1104,2.3557,-0.4396
105.648,0.7853,0.3573,0.0929,-0.0001,1.1136,2.3557,-0.4397
105.660,0.7853,0.3564,0.0907,-0.0001,1.1168,2.3557,-0.4397
105.672,0.7853,0.3555,0.0884,-0.0001,1.1200,2.3557,-0.4397
105.684,0.7853,0.3546,0.0862,-0.0001,1.1232,2.3557,-0.4398
105.696,0.7853,0.3537,0.0839,-0.0001,1.1264,2.3557,-0.4398
105.708,0.7853,0.3528,0.0816,-0.0001,1.1296,2.3557,-0.4398
105.720,0.7853,0.3518,0.0794,-0.0001,1.1329,2.3557,-0.4398
105.732,0.7853,0.3509,0.0771,-0.0002,1.1361,2.3557,-0.4399
105.744,0.7853,0.3500,0.0749,-0.0002,1.1393,2.3557,-0.4399
105.756,0.7852,0.3491,0.0726,-0.0002,1.1426,2.3557,-0.4399
105.768,0.7852,0.3482,0.0703,-0.0002,1.1458,2.3557,-0.4399
105.780,0.7852,0.3473,0.0681,-0.0002,1.1490,2.3557,-0.4399
105.792,0.7852,0.3464,0.0658,-0.0002,1.1523,2.3557,-0.4399
105.804,0.7852,0.3454,0.0635,-0.0002,1.1555,2.3557,-0.4399
105.816,0.7852,0.3445,0.0613,-0.0002,1.1587,2.3557,-0.4399
105.828,0.7852,0.3436,0.0590,-0.0002,1.1620,2.3557,-0.4400
105.840,0.7852,0.3427,0.0567,-0.0002,1.1652,2.3557,-0.4400
105.852,0.7852,0.3418,0.0544,-0.0002,1.1685,2.3557,-0.4400
105.864,0.7852,0.3409,0.0522,-0.0002,1.1717,2.3557,-0.4400
105.876,0.7852,0.3399,0.0499,-0.0002,1.1750,2.3557,-0.4400
105.888,0.7852,0.3390,0.0476,-0.0002,1.1782,2.3557,-0.4400
105.900,0.7852,0.3381,0.0454,-0.0002,1.1814,2.3557,-0.4400
105.912,0.7852,0.3372,0.0431,-0.0002,1.1847,2.3557,-0.4400
105.924,0.7852,0.3363,0.0408,-0.0002,1.1879,2.3557,-0.4400
105.936,0.7852,0.3353,0.0385,-0.0002,1.1912,2.3557,-0.4400
105.948,0.7852,0.3344,0.0363,-0.0002,1.1944,2.3557,-0.4400
105.960,0.7852,0.3335,0.0340,-0.0002,1.1977,2.3557,-0.4400
105.972,0.7852,0.3326,0.0317,-0.0002,1.2009,2.3557,-0.4400
105.984,0.7852,0.3317,0.0294,-0.0003,1.2042,2.3557,-0.4400
105.996,0.7852,0.3308,0.0272,-0.0003,1.2074,2.3557,-0.4400
106.008,0.7852,0.3298,0.0249,-0.0003,1.2107,2.3557,-0.4400
106.020,0.7852,0.3289,0.0226,-0.0003,1.2139,2.3557,-0.4400
106.032,0.7851,0.3280,0.0203,-0.0003,1.2172,2.3557,-0.4400
106.044,0.7851,0.3271,0.0181,-0.0003,1.2204,2.3557,-0.4400
106.056,0.7851,0.3262,0.0158,-0.0003,1.2237,2.3557,-0.4400
106.068,0.7851,0.3252,0.0135,-0.0003,1.2269,2.3557,-0.4400
106.080,0.7851,0.3243,0.0112,-0.0003,1.2302,2.3557,-0.4400
106.092,0.7851,0.3234,0.0090,-0.0003,1.2334,2.3557,-0.4400
106.104,0.7851,0.3225,0.0067,-0.0003,1.2367,2.3557,-0.4400
106.116,0.7851,0.3216,0.0044,-0.0003,1.2399,2.3557,-0.4400
106.128,0.7851,0.3206,0.0021,-0.0003,1.2431,2.3557,-0.4400
106.140,0.7851,0.3197,-0.0001,-0.0003,1.2464,2.3557,-0.4400
106.152,0.7851,0.3188,-0.0024,-0.0003,1.2496,2.3557,-0.4400
106.164,0.7851,0.3179,-0.0047,-0.0003,1.2529,2.3557,-0.4400
106.176,0.7851,0.3170,-0.0070,-0.0003,1.2561,2.3557,-0.4400
106.188,0.7851,0.3161,-0.0092,-0.0003,1.2594,2.3557,-0.4400
106.200,0.7851,0.3151,-0.0115,-0.0003,1.2626,2.3557,-0.4400
106.212,0.7851,0.3142,-0.0138,-0.0003,1.2659,2.3557,-0.4400
106.224,0.7851,0.3133,-0.0161,-0.0003,1.2691,2.3557,-0.4400
106.236,0.7851,0.3124,-0.0183,-0.0004,1.2724,2.3557,-0.4400
106.248,0.7851,0.3115,-0.0206,-0.0004,1.2756,2.3557,-0.4400
106.260,0.7851,0.3105,-0.0229,-0.0004,1.2789,2.3557,-0.4400
106.272,0.7851,0.3096,-0.0252,-0.0004,1.2821,2.3557,-0.4400
106.284,0.7851,0.3087,-0.0274,-0.0004,1.2854,2.3557,-0.4400
106.296,0.7851,0.3078,-0.0297,-0.0004,1.2886,2.3557,-0.4400
106.308,0.7850,0.3069,-0.0320,-0.0004,1.2919,2.3557,-0.4400
106.320,0.7850,0.3059,-0.0343,-0.0004,1.2951,2.3557,-0.4400
106.332,0.7850,0.3050,-0.0365,-0.0004,1.2984,2.3557,-0.4400
106.344,0.7850,0.3041,-0.0388,-0.0004,1.3016,2.3557,-0.4400
106.356,0.7850,0.3032,-0.0411,-0.0004,1.3049,2.3557,-0.4400
106.368,0.7850,0.3023,-0.0434,-0.0004,1.3081,2.3557,-0.4400
106.380,0.7850,0.3013,-0.0456,-0.0004,1.3114,2.3557,-0.4400
106.392,0.7850,0.3004,-0.0479,-0.0004,1.3146,2.3557,-0.4400
106.404,0.7850,0.2995,-0.0502,-0.0004,1.3179,2.3557,-0.4400
106.416,0.7850,0.2986,-0.0525,-0.0004,1.3211,2.3557,-0.4400
106.428,0.7850,0.2977,-0.0547,-0.0004,1.3244,2.3557,-0.4400
106.440,0.7850,0.2967,-0.0570,-0.0004,1.3276,2.3557,-0.4400
106.452,0.7850,0.2958,-0.0593,-0.0004,1.3309,2.3557,-0.4400
106.464,0.7850,0.2949,-0.0616,-0.0004,1.3341,2.3557,-0.4400
106.476,0.7850,0.2940,-0.0638,-0.0005,1.3374,2.3557,-0.4400
106.488,0.7850,0.2931,-0.0661,-0.0005,1.3406,2.3557,-0.4400
106.500,0.7850,0.2922,-0.0684,-0.0005,1.3439,2.3557,-0.4400
106.512,0.7850,0.2912,-0.0707,-0.0005,1.3471,2.3557,-0.4400
106.524,0.7850,0.2903,-0.0729,-0.0005,1.3504,2.3557,-0.4400
106.536,0.7850,0.2894,-0.0752,-0.0005,1.3536,2.3557,-0.4400
106.548,0.7850,0.2885,-0.0775,-0.0005,1.3568,2.3557,-0.4400
106.560,0.7850,0.2876,-0.0798,-0.0005,1.3601,2.3557,-0.4400
106.572,0.7850,0.2866,-0.0820,-0.0005,1.3633,2.3557,-0.4400
106.584,0.7850,0.2857,-0.0843,-0.0005,1.3666,2.3557,-0.4400
106.596,0.7849,0.2848,-0.0866,-0.0005,1.3698,2.3557,-0.4400
106.608,0.7849,0.2839,-0.0889,-0.0005,1.3731,2.3557,-0.4400
106.620,0.7849,0.2830,-0.0911,-0.0005,1.3763,2.3557,-0.4400
106.632,0.7849,0.2820,-0.0934,-0.0005,1.3796,2.3557,-0.4400
106.644,0.7849,0.2811,-0.0957,-0.0005,1.3828,2.3557,-0.4400
106.656,0.7849,0.2802,-0.0980,-0.0005,1.3861,2.3557,-0.4400
106.668,0.7849,0.2793,-0.1002,-0.0005,1.3893,2.3557,-0.4400
106.680,0.7849,0.2784,-0.1025,-0.0005,1.3926,2.3557,-0.4400
106.692,0.7849,0.2774,-0.1048,-0.0005,1.3958,2.3557,-0.4400
106.704,0.7849,0.2765,-0.1071,-0.0005,1.3991,2.3557,-0.4400
106.716,0.7849,0.2756,-0.1093,-0.0005,1.4023,2.3557,-0.4400
106.728,0.7849,0.2747,-0.1116,-0.0006,1.4056,2.3557,-0.4400
106.740,0.7849,0.2738,-0.1139,-0.0006,1.4088,2.3557,-0.4400
106.752,0.7849,0.2729,-0.1162,-0.0006,1.4121,2.3557,-0.4400
106.764,0.7849,0.2720,-0.1182,-0.0006,1.4149,2.3557,-0.4400
106.776,0.7849,0.2713,-0.1199,-0.0006,1.4175,2.3557,-0.4400
106.788,0.7849,0.2707,-0.1215,-0.0006,1.4197,2.3557,-0.4400
106.800,0.7849,0.2702,-0.1228,-0.0006,1.4216,2.3557,-0.4400
106.812,0.7849,0.2697,-0.1240,-0.0006,1.4233,2.3557,-0.4400
106.824,0.7849,0.2697,-0.1240,-0.0006,1.4233,2.3557,-0.4400
106.836,0.7840,0.2697,-0.1240,-0.0006,1.4233,2.3558,-0.4400
106.848,0.7824,0.2696,-0.1240,-0.0006,1.4233,2.3558,-0.4400
106.860,0.7801,0.2696,-0.1240,-0.0006,1.4233,2.3559,-0.4400
106.872,0.7772,0.2696,-0.1240,-0.0006,1.4233,2.3561,-0.4400
106.884,0.7738,0.2696,-0.1240,-0.0006,1.4233,2.3562,-0.4400
106.896,0.7699,0.2695,-0.1240,-0.0006,1.4233,2.3564,-0.4400
106.908,0.7656,0.2695,-0.1239,-0.0006,1.4233,2.3565,-0.4400
106.920,0.7610,0.2695,-0.1239,-0.0006,1.4233,2.3567,-0.4400
106.932,0.7560,0.2694,-0.1239,-0.0007,1.4232,2.3570,-0.4400
106.944,0.7508,0.2694,-0.1238,-0.0007,1.4232,2.3572,-0.4400
106.956,0.7453,0.2693,-0.1238,-0.0007,1.4232,2.3574,-0.4400
106.968,0.7397,0.2693,-0.1238,-0.0007,1.4232,2.3576,-0.4400
106.980,0.7338,0.2692,-0.1237,-0.0007,1.4232,2.3579,-0.4400
106.992,0.7278,0.2692,-0.1237,-0.0007,1.4232,2.3581,-0.4400
107.004,0.7216,0.2691,-0.1237,-0.0008,1.4232,2.3584,-0.4400
107.016,0.7153,0.2691,-0.1236,-0.0008,1.4231,2.3587,-0.4400
107.028,0.7089,0.2690,-0.1236,-0.0008,1.4231,2.3589,-0.4400
107.040,0.7024,0.2690,-0.1236,-0.0008,1.4231,2.3592,-0.4400
107.052,0.6958,0.2689,-0.1235,-0.0008,1.4231,2.3595,-0.4400
107.064,0.6891,0.2688,-0.1235,-0.0009,1.4231,2.3598,-0.4400
107.076,0.6823,0.2688,-0.1234,-0.0009,1.4230,2.3601,-0.4400
107.088,0.6755,0.2687,-0.1234,-0.0009,1.4230,2.3603,-0.4400
107.100,0.6687,0.2687,-0.1234,-0.0009,1.4230,2.3606,-0.4400
107.112,0.6618,0.2686,-0.1233,-0.0009,1.4230,2.3609,-0.4400
107.124,0.6548,0.2685,-0.1233,-0.0009,1.4230,2.3612,-0.4400
107.136,0.6479,0.2685,-0.1232,-0.0010,1.4230,2.3615,-0.4400
107.148,0.6409,0.2684,-0.1232,-0.0010,1.4229,2.3618,-0.4400
107.160,0.6338,0.2684,-0.1232,-0.0010,1.4229,2.3621,-0.4400
107.172,0.6268,0.2683,-0.1231,-0.0010,1.4229,2.3624,-0.4400
107.184,0.6197,0.2682,-0.1231,-0.0010,1.4229,2.3627,-0.4400
107.196,0.6126,0.2682,-0.1230,-0.0011,1.4229,2.3630,-0.4400
107.208,0.6055,0.2681,-0.1230,-0.0011,1.4228,2.3633,-0.4400
107.220,0.5983,0.2680,-0.1230,-0.0011,1.4228,2.3636,-0.4400
107.232,0.5912,0.2680,-0.1229,-0.0011,1.4228,2.3639,-0.4400
107.244,0.5840,0.2679,-0.1229,-0.0011,1.4228,2.3642,-0.4400
107.256,0.5769,0.2679,-0.1228,-0.0012,1.4228,2.3645,-0.4400
107.268,0.5697,0.2678,-0.1228,-0.0012,1.4227,2.3648,-0.4400
107.280,0.5625,0.2677,-0.1227,-0.0012,1.4227,2.3651,-0.4400
107.292,0.5553,0.2677,-0.1227,-0.0012,1.4227,2.3654,-0.4400
107.304,0.5481,0.2676,-0.1227,-0.0013,1.4227,2.3657,-0.4400
107.316,0.5409,0.2675,-0.1226,-0.0013,1.4227,2.3660,-0.4400
107.328,0.5337,0.2675,-0.1226,-0.0013,1.4226,2.3663,-0.4400
107.340,0.5265,0.2674,-0.1225,-0.0013,1.4226,2.3666,-0.4400
107.352,0.5193,0.2674,-0.1225,-0.0013,1.4226,2.3669,-0.4400
107.364,0.5121,0.2673,-0.1224,-0.0014,1.4226,2.3672,-0.4400
107.376,0.5049,0.2672,-0.1224,-0.0014,1.4226,2.3676,-0.4400
107.388,0.4977,0.2672,-0.1224,-0.0014,1.4225,2.3679,-0.4400
107.400,0.4904,0.2671,-0.1223,-0.0014,1.4225,2.3682,-0.4400
107.412,0.4832,0.2670,-0.1223,-0.0014,1.4225,2.3685,-0.4400
107.424,0.4760,0.2670,-0.1222,-0.0015,1.4225,2.3688,-0.4400
107.436,0.4688,0.2669,-0.1222,-0.0015,1.4225,2.3691,-0.4400
107.448,0.4615,0.2669,-0.1221,-0.0015,1.4225,2.3694,-0.4400
107.460,0.4543,0.2668,-0.1221,-0.0015,1.4224,2.3697,-0.4400
107.472,0.4471,0.2667,-0.1221,-0.0015,1.4224,2.3700,-0.4400
107.484,0.4398,0.2667,-0.1220,-0.0016,1.4224,2.3703,-0.4400
107.496,0.4326,0.2666,-0.1220,-0.0016,1.4224,2.3706,-0.4400
107.508,0.4254,0.2665,-0.1219,-0.0016,1.4224,2.3709,-0.4400
107.520,0.4182,0.2665,-0.1219,-0.0016,1.4223,2.3712,-0.4400
107.532,0.4109,0.2664,-0.1219,-0.0016,1.4223,2.3715,-0.4400
107.544,0.4037,0.2664,-0.1218,-0.0017,1.4223,2.3718,-0.4400
107.556,0.3964,0.2663,-0.1218,-0.0017,1.4223,2.3721,-0.4400
107.568,0.3892,0.2662,-0.1217,-0.0017,1.4223,2.3724,-0.4400
107.580,0.3820,0.2662,-0.1217,-0.0017,1.4222,2.3727,-0.4400
107.592,0.3747,0.2661,-0.1216,-0.0017,1.4222,2.3730,-0.4400
107.604,0.3675,0.2660,-0.1216,-0.0018,1.4222,2.3734,-0.4400
107.616,0.3603,0.2660,-0.1216,-0.0018,1.4222,2.3737,-0.4400
107.628,0.3530,0.2659,-0.1215,-0.0018,1.4222,2.3740,-0.4400
107.640,0.3458,0.2658,-0.1215,-0.0018,1.4221,2.3743,-0.4400
107.652,0.3386,0.2658,-0.1214,-0.0018,1.4221,2.3746,-0.4400
107.664,0.3313,0.2657,-0.1214,-0.0019,1.4221,2.3749,-0.4400
107.676,0.3241,0.2657,-0.1213,-0.0019,1.4221,2.3752,-0.4400
107.688,0.3169,0.2656,-0.1213,-0.0019,1.4221,2.3755,-0.4400
107.700,0.3096,0.2655,-0.1213,-0.0019,1.4220,2.3758,-0.4400
107.712,0.3024,0.2655,-0.1212,-0.0019,1.4220,2.3761,-0.4400
107.724,0.2951,0.2654,-0.1212,-0.0020,1.4220,2.3764,-0.4400
107.736,0.2879,0.2653,-0.1211,-0.0020,1.4220,2.3767,-0.4400
107.748,0.2807,0.2653,-0.1211,-0.0020,1.4220,2.3770,-0.4400
107.760,0.2734,0.2652,-0.1210,-0.0020,1.4219,2.3773,-0.4400
107.772,0.2662,0.2652,-0.1210,-0.0021,1.4219,2.3776,-0.4400
107.784,0.2590,0.2651,-0.1210,-0.0021,1.4219,2.3779,-0.4400
107.796,0.2517,0.2650,-0.1209,-0.0021,1.4219,2.3782,-0.4400
107.808,0.2445,0.2650,-0.1209,-0.0021,1.4219,2.3785,-0.4400
107.820,0.2372,0.2649,-0.1208,-0.0021,1.4218,2.3788,-0.4400
107.832,0.2300,0.2648,-0.1208,-0.0022,1.4218,2.3792,-0.4400
107.844,0.2228,0.2648,-0.1207,-0.0022,1.4218,2.3795,-0.4400
107.856,0.2155,0.2647,-0.1207,-0.0022,1.4218,2.3798,-0.4400
107.868,0.2083,0.2647,-0.1207,-0.0022,1.4218,2.3801,-0.4400
107.880,0.2011,0.2646,-0.1206,-0.0022,1.4217,2.3804,-0.4400
107.892,0.1938,0.2645,-0.1206,-0.0023,1.4217,2.3807,-0.4400
107.904,0.1866,0.2645,-0.1205,-0.0023,1.4217,2.3810,-0.4400
107.916,0.1793,0.2644,-0.1205,-0.0023,1.4217,2.3813,-0.4400
107.928,0.1721,0.2643,-0.1204,-0.0023,1.4217,2.3816,-0.4400
107.940,0.1649,0.2643,-0.1204,-0.0023,1.4216,2.3819,-0.4400
107.952,0.1576,0.2642,-0.1204,-0.0024,1.4216,2.3822,-0.4400
107.964,0.1504,0.2642,-0.1203,-0.0024,1.4216,2.3825,-0.4400
107.976,0.1432,0.2641,-0.1203,-0.0024,1.4216,2.3828,-0.4400
107.988,0.1359,0.2640,-0.1202,-0.0024,1.4216,2.3831,-0.4400
108.000,0.1287,0.2640,-0.1202,-0.0024,1.4215,2.3834,-0.4400
108.012,0.1215,0.2639,-0.1202,-0.0025,1.4215,2.3837,-0.4400
108.024,0.1142,0.2638,-0.1201,-0.0025,1.4215,2.3840,-0.4400
108.036,0.1070,0.2638,-0.1201,-0.0025,1.4215,2.3843,-0.4400
108.048,0.0997,0.2637,-0.1200,-0.0025,1.4215,2.3847,-0.4400
108.060,0.0925,0.2636,-0.1200,-0.0025,1.4215,2.3850,-0.4400
108.072,0.0853,0.2636,-0.1199,-0.0026,1.4214,2.3853,-0.4400
108.084,0.0780,0.2635,-0.1199,-0.0026,1.4214,2.3856,-0.4400
108.096,0.0708,0.2635,-0.1199,-0.0026,1.4214,2.3859,-0.4400
108.108,0.0636,0.2634,-0.1198,-0.0026,1.4214,2.3862,-0.4400
108.120,0.0563,0.2633,-0.1198,-0.0026,1.4214,2.3865,-0.4400
108.132,0.0491,0.2633,-0.1197,-0.0027,1.4213,2.3868,-0.4400
108.144,0.0418,0.2632,-0.1197,-0.0027,1.4213,2.3871,-0.4400
108.156,0.0346,0.2631,-0.1196,-0.0027,1.4213,2.3874,-0.4400
108.168,0.0274,0.2631,-0.1196,-0.0027,1.4213,2.3877,-0.4400
108.180,0.0201,0.2630,-0.1196,-0.0028,1.4213,2.3880,-0.4400
108.192,0.0129,0.2630,-0.1195,-0.0028,1.4212,2.3883,-0.4400
108.204,0.0057,0.2629,-0.1195,-0.0028,1.4212,2.3886,-0.4400
108.216,-0.0016,0.2628,-0.1194,-0.0028,1.4212,2.3889,-0.4400
108.228,-0.0088,0.2628,-0.1194,-0.0028,1.4212,2.3892,-0.4400
108.240,-0.0161,0.2627,-0.1193,-0.0029,1.4212,2.3895,-0.4400
108.252,-0.0233,0.2626,-0.1193,-0.0029,1.4211,2.3898,-0.4400
108.264,-0.0305,0.2626,-0.1193,-0.0029,1.4211,2.3901,-0.4400
108.276,-0.0378,0.2625,-0.1192,-0.0029,1.4211,2.3905,-0.4400
108.288,-0.0450,0.2625,-0.1192,-0.0029,1.4211,2.3908,-0.4400
108.300,-0.0522,0.2624,-0.1191,-0.0030,1.4211,2.3911,-0.4400
108.312,-0.0595,0.2623,-0.1191,-0.0030,1.4210,2.3914,-0.4400
108.324,-0.0667,0.2623,-0.1190,-0.0030,1.4210,2.3917,-0.4400
108.336,-0.0740,0.2622,-0.1190,-0.0030,1.4210,2.3920,-0.4400
108.348,-0.0812,0.2621,-0.1190,-0.0030,1.4210,2.3923,-0.4400
108.360,-0.0884,0.2621,-0.1189,-0.0031,1.4210,2.3926,-0.4400
108.372,-0.0957,0.2620,-0.1189,-0.0031,1.4209,2.3929,-0.4400
108.384,-0.1029,0.2619,-0.1188,-0.0031,1.4209,2.3932,-0.4400
108.396,-0.1101,0.2619,-0.1188,-0.0031,1.4209,2.3935,-0.4400
108.408,-0.1174,0.2618,-0.1187,-0.0031,1.4209,2.3938,-0.4400
108.420,-0.1246,0.2618,-0.1187,-0.0032,1.4209,2.3941,-0.4400
108.432,-0.1319,0.2617,-0.1187,-0.0032,1.4208,2.3944,-0.4400
108.444,-0.1391,0.2616,-0.1186,-0.0032,1.4208,2.3947,-0.4400
108.456,-0.1463,0.2616,-0.1186,-0.0032,1.4208,2.3950,-0.4400
108.468,-0.1536,0.2615,-0.1185,-0.0032,1.4208,2.3953,-0.4400
108.480,-0.1608,0.2614,-0.1185,-0.0033,1.4208,2.3956,-0.4400
108.492,-0.1680,0.2614,-0.1185,-0.0033,1.4207,2.3960,-0.4400
108.504,-0.1753,0.2613,-0.1184,-0.0033,1.4207,2.3963,-0.4400
108.516,-0.1825,0.2613,-0.1184,-0.0033,1.4207,2.3966,-0.4400
108.528,-0.1898,0.2612,-0.1183,-0.0033,1.4207,2.3969,-0.4400
108.540,-0.1970,0.2611,-0.1183,-0.0034,1.4207,2.3972,-0.4400
108.552,-0.2042,0.2611,-0.1182,-0.0034,1.4206,2.3975,-0.4400
108.564,-0.2115,0.2610,-0.1182,-0.0034,1.4206,2.3978,-0.4400
108.576,-0.2187,0.2609,-0.1182,-0.0034,1.4206,2.3981,-0.4400
108.588,-0.2259,0.2609,-0.1181,-0.0034,1.4206,2.3984,-0.4400
108.600,-0.2332,0.2608,-0.1181,-0.0035,1.4206,2.3987,-0.4400
108.612,-0.2404,0.2608,-0.1180,-0.0035,1.4205,2.3990,-0.4400
108.624,-0.2477,0.2607,-0.1180,-0.0035,1.4205,2.3993,-0.4400
108.636,-0.2549,0.2606,-0.1179,-0.0035,1.4205,2.3996,-0.4400
108.648,-0.2621,0.2606,-0.1179,-0.0036,1.4205,2.3999,-0.4400
108.660,-0.2694,0.2605,-0.1179,-0.0036,1.4205,2.4002,-0.4400
108.672,-0.2766,0.2604,-0.1178,-0.0036,1.4204,2.4005,-0.4400
108.684,-0.2838,0.2604,-0.1178,-0.0036,1.4204,2.4008,-0.4400
108.696,-0.2911,0.2603,-0.1177,-0.0036,1.4204,2.4011,-0.4400
108.708,-0.2983,0.2602,-0.1177,-0.0037,1.4204,2.4015,-0.4400
108.720,-0.3056,0.2602,-0.1176,-0.0037,1.4204,2.4018,-0.4400
108.732,-0.3128,0.2601,-0.1176,-0.0037,1.4204,2.4021,-0.4400
108.744,-0.3200,0.2601,-0.1176,-0.0037,1.4203,2.4024,-0.4400
108.756,-0.3273,0.2600,-0.1175,-0.0037,1.4203,2.4027,-0.4400
108.768,-0.3345,0.2599,-0.1175,-0.0038,1.4203,2.4030,-0.4400
108.780,-0.3417,0.2599,-0.1174,-0.0038,1.4203,2.4033,-0.4400
108.792,-0.3490,0.2598,-0.1174,-0.0038,1.4203,2.4036,-0.4400
108.804,-0.3562,0.2597,-0.1173,-0.0038,1.4202,2.4039,-0.4400
108.816,-0.3635,0.2597,-0.1173,-0.0038,1.4202,2.4042,-0.4400
108.828,-0.3707,0.2596,-0.1173,-0.0039,1.4202,2.4045,-0.4400
108.840,-0.3779,0.2596,-0.1172,-0.0039,1.4202,2.4048,-0.4400
108.852,-0.3852,0.2595,-0.1172,-0.0039,1.4202,2.4051,-0.4400
108.864,-0.3924,0.2594,-0.1171,-0.0039,1.4201,2.4054,-0.4400
108.876,-0.3996,0.2594,-0.1171,-0.0039,1.4201,2.4057,-0.4400
108.888,-0.4069,0.2593,-0.1170,-0.0040,1.4201,2.4060,-0.4400
108.900,-0.4141,0.2592,-0.1170,-0.0040,1.4201,2.4063,-0.4400
108.912,-0.4214,0.2592,-0.1170,-0.0040,1.4201,2.4066,-0.4400
108.924,-0.4286,0.2591,-0.1169,-0.0040,1.4200,2.4069,-0.4400
108.936,-0.4358,0.2591,-0.1169,-0.0040,1.4200,2.4073,-0.4400
108.948,-0.4431,0.2590,-0.1168,-0.0041,1.4200,2.4076,-0.4400
108.960,-0.4503,0.2589,-0.1168,-0.0041,1.4200,2.4079,-0.4400
108.972,-0.4575,0.2589,-0.1168,-0.0041,1.4200,2.4082,-0.4400
108.984,-0.4648,0.2588,-0.1167,-0.0041,1.4199,2.4085,-0.4400
108.996,-0.4720,0.2587,-0.1167,-0.0041,1.4199,2.4088,-0.4400
109.008,-0.4792,0.2587,-0.1166,-0.0042,1.4199,2.4091,-0.4400
109.020,-0.4865,0.2586,-0.1166,-0.0042,1.4199,2.4094,-0.4400
109.032,-0.4937,0.2586,-0.1165,-0.0042,1.4199,2.4097,-0.4400
109.044,-0.5010,0.2585,-0.1165,-0.0042,1.4198,2.4100,-0.4400
109.056,-0.5082,0.2584,-0.1165,-0.0043,1.4198,2.4103,-0.4400
109.068,-0.5154,0.2584,-0.1164,-0.0043,1.4198,2.4106,-0.4400
109.080,-0.5227,0.2583,-0.1164,-0.0043,1.4198,2.4109,-0.4400
109.092,-0.5299,0.2582,-0.1163,-0.0043,1.4198,2.4112,-0.4400
109.104,-0.5371,0.2582,-0.1163,-0.0043,1.4197,2.4115,-0.4400
109.116,-0.5444,0.2581,-0.1162,-0.0044,1.4197,2.4118,-0.4400
109.128,-0.5516,0.2580,-0.1162,-0.0044,1.4197,2.4121,-0.4400
109.140,-0.5589,0.2580,-0.1162,-0.0044,1.4197,2.4124,-0.4400
109.152,-0.5661,0.2579,-0.1161,-0.0044,1.4197,2.4128,-0.4400
109.164,-0.5733,0.2579,-0.1161,-0.0044,1.4196,2.4131,-0.4400
109.176,-0.5806,0.2578,-0.1160,-0.0045,1.4196,2.4134,-0.4400
109.188,-0.5878,0.2577,-0.1160,-0.0045,1.4196,2.4137,-0.4400
109.200,-0.5950,0.2577,-0.1159,-0.0045,1.4196,2.4140,-0.4400
109.212,-0.6023,0.2576,-0.1159,-0.0045,1.4196,2.4143,-0.4400
109.224,-0.6095,0.2575,-0.1159,-0.0045,1.4195,2.4146,-0.4400
109.236,-0.6168,0.2575,-0.1158,-0.0046,1.4195,2.4149,-0.4400
109.248,-0.6240,0.2574,-0.1158,-0.0046,1.4195,2.4152,-0.4400
109.260,-0.6312,0.2574,-0.1157,-0.0046,1.4195,2.4155,-0.4400
109.272,-0.6385,0.2573,-0.1157,-0.0046,1.4195,2.4158,-0.4400
109.284,-0.6457,0.2572,-0.1156,-0.0046,1.4194,2.4161,-0.4400
109.296,-0.6529,0.2572,-0.1156,-0.0047,1.4194,2.4164,-0.4400
109.308,-0.6602,0.2571,-0.1156,-0.0047,1.4194,2.4167,-0.4400
109.320,-0.6674,0.2570,-0.1155,-0.0047,1.4194,2.4170,-0.4400
109.332,-0.6741,0.2570,-0.1155,-0.0047,1.4194,2.4173,-0.4400
109.344,-0.6799,0.2569,-0.1154,-0.0047,1.4194,2.4176,-0.4400
109.356,-0.6851,0.2569,-0.1154,-0.0048,1.4193,2.4178,-0.4400
109.368,-0.6896,0.2568,-0.1154,-0.0048,1.4193,2.4180,-0.4400
109.380,-0.6936,0.2568,-0.1154,-0.0048,1.4193,2.4181,-0.4400
109.392,-0.6971,0.2568,-0.1153,-0.0048,1.4193,2.4183,-0.4400
109.404,-0.7002,0.2568,-0.1153,-0.0048,1.4193,2.4184,-0.4400
109.416,-0.7030,0.2567,-0.1153,-0.0048,1.4193,2.4185,-0.4400
109.428,-0.7053,0.2567,-0.1153,-0.0048,1.4193,2.4186,-0.4400
109.440,-0.7075,0.2567,-0.1153,-0.0048,1.4193,2.4187,-0.4400
109.452,-0.7093,0.2567,-0.1153,-0.0048,1.4193,2.4188,-0.4400
109.464,-0.7093,0.2567,-0.1153,-0.0048,1.4193,2.4188,-0.4400
109.476,-0.7093,0.2568,-0.1150,-0.0048,1.4189,2.4188,-0.4400
109.488,-0.7094,0.2570,-0.1146,-0.0048,1.4183,2.4188,-0.4400
109.500,-0.7094,0.2574,-0.1140,-0.0048,1.4174,2.4187,-0.4400
109.512,-0.7095,0.2578,-0.1132,-0.0048,1.4162,2.4187,-0.4400
109.524,-0.7096,0.2583,-0.1123,-0.0048,1.4149,2.4187,-0.4400
109.536,-0.7097,0.2588,-0.1113,-0.0047,1.4134,2.4186,-0.4400
109.548,-0.7098,0.2594,-0.1102,-0.0047,1.4117,2.4186,-0.4400
109.560,-0.7099,0.2601,-0.1090,-0.0047,1.4099,2.4185,-0.4400
109.572,-0.7101,0.2608,-0.1077,-0.0047,1.4079,2.4185,-0.4400
109.584,-0.7102,0.2615,-0.1063,-0.0046,1.4059,2.4184,-0.4400
109.596,-0.7103,0.2623,-0.1049,-0.0046,1.4037,2.4184,-0.4400
109.608,-0.7105,0.2631,-0.1034,-0.0046,1.4015,2.4183,-0.4400
109.620,-0.7106,0.2639,-0.1018,-0.0045,1.3992,2.4182,-0.4400
109.632,-0.7108,0.2648,-0.1002,-0.0045,1.3968,2.4182,-0.4400
109.644,-0.7110,0.2656,-0.0986,-0.0045,1.3943,2.4181,-0.4400
109.656,-0.7111,0.2665,-0.0969,-0.0045,1.3919,2.4180,-0.4400
109.668,-0.7113,0.2674,-0.0953,-0.0044,1.3893,2.4180,-0.4400
109.680,-0.7115,0.2684,-0.0935,-0.0044,1.3868,2.4179,-0.4400
109.692,-0.7116,0.2693,-0.0918,-0.0043,1.3842,2.4178,-0.4400
109.704,-0.7118,0.2702,-0.0900,-0.0043,1.3815,2.4177,-0.4400
109.716,-0.7120,0.2712,-0.0883,-0.0043,1.3789,2.4177,-0.4400
109.728,-0.7121,0.2722,-0.0865,-0.0042,1.3762,2.4176,-0.4400
109.740,-0.7123,0.2731,-0.0847,-0.0042,1.3735,2.4175,-0.4400
109.752,-0.7125,0.2741,-0.0828,-0.0042,1.3708,2.4174,-0.4400
109.764,-0.7127,0.2751,-0.0810,-0.0041,1.3681,2.4174,-0.4400
109.776,-0.7129,0.2761,-0.0792,-0.0041,1.3653,2.4173,-0.4400
109.788,-0.7131,0.2771,-0.0773,-0.0041,1.3625,2.4172,-0.4400
109.800,-0.7132,0.2781,-0.0755,-0.0040,1.3598,2.4171,-0.4400
109.812,-0.7134,0.2791,-0.0736,-0.0040,1.3570,2.4170,-0.4400
109.824,-0.7136,0.2801,-0.0718,-0.0039,1.3542,2.4170,-0.4400
109.836,-0.7138,0.2811,-0.0699,-0.0039,1.3514,2.4169,-0.4400
109.848,-0.7140,0.2821,-0.0680,-0.0039,1.3486,2.4168,-0.4400
109.860,-0.7142,0.2831,-0.0661,-0.0038,1.3458,2.4167,-0.4400
109.872,-0.7143,0.2841,-0.0642,-0.0038,1.3430,2.4167,-0.4400
109.884,-0.7145,0.2851,-0.0624,-0.0038,1.3402,2.4166,-0.4400
109.896,-0.7147,0.2861,-0.0605,-0.0037,1.3373,2.4165,-0.4400
109.908,-0.7149,0.2871,-0.0586,-0.0037,1.3345,2.4164,-0.4400
109.920,-0.7151,0.2882,-0.0567,-0.0036,1.3317,2.4163,-0.4400
109.932,-0.7153,0.2892,-0.0548,-0.0036,1.3289,2.4163,-0.4400
109.944,-0.7155,0.2902,-0.0529,-0.0036,1.3260,2.4162,-0.4400
109.956,-0.7156,0.2912,-0.0510,-0.0035,1.3232,2.4161,-0.4400
109.968,-0.7158,0.2922,-0.0491,-0.0035,1.3203,2.4160,-0.4400
109.980,-0.7160,0.2933,-0.0472,-0.0034,1.3175,2.4159,-0.4400
109.992,-0.7162,0.2943,-0.0453,-0.0034,1.3147,2.4159,-0.4400
110.004,-0.7164,0.2953,-0.0434,-0.0034,1.3118,2.4158,-0.4400
110.016,-0.7166,0.2963,-0.0415,-0.0033,1.3090,2.4157,-0.4400
110.028,-0.7168,0.2973,-0.0396,-0.0033,1.3061,2.4156,-0.4400
110.040,-0.7170,0.2984,-0.0377,-0.0033,1.3033,2.4155,-0.4400
110.052,-0.7171,0.2994,-0.0358,-0.0032,1.3004,2.4155,-0.4400
110.064,-0.7173,0.3004,-0.0339,-0.0032,1.2976,2.4154,-0.4400
110.076,-0.7175,0.3014,-0.0320,-0.0031,1.2948,2.4153,-0.4400
110.088,-0.7177,0.3025,-0.0301,-0.0031,1.2919,2.4152,-0.4400
110.100,-0.7179,0.3035,-0.0282,-0.0031,1.2891,2.4151,-0.4400
110.112,-0.7181,0.3045,-0.0263,-0.0030,1.2862,2.4151,-0.4400
110.124,-0.7183,0.3055,-0.0244,-0.0030,1.2834,2.4150,-0.4400
110.136,-0.7185,0.3065,-0.0225,-0.0029,1.2805,2.4149,-0.4400
110.148,-0.7186,0.3076,-0.0206,-0.0029,1.2777,2.4148,-0.4400
110.160,-0.7188,0.3086,-0.0187,-0.0029,1.2748,2.4147,-0.4400
110.172,-0.7190,0.3096,-0.0168,-0.0028,1.2720,2.4147,-0.4400
110.184,-0.7192,0.3106,-0.0148,-0.0028,1.2691,2.4146,-0.4400
110.196,-0.7194,0.3117,-0.0129,-0.0027,1.2663,2.4145,-0.4400
110.208,-0.7196,0.3127,-0.0110,-0.0027,1.2634,2.4144,-0.4400
110.220,-0.7198,0.3137,-0.0091,-0.0027,1.2606,2.4143,-0.4400
110.232,-0.7200,0.3147,-0.0072,-0.0026,1.2577,2.4143,-0.4400
110.244,-0.7202,0.3158,-0.0053,-0.0026,1.2549,2.4142,-0.4400
110.256,-0.7203,0.3168,-0.0034,-0.0026,1.2520,2.4141,-0.4400
110.268,-0.7205,0.3178,-0.0015,-0.0025,1.2492,2.4140,-0.4400
110.280,-0.7207,0.3188,0.0004,-0.0025,1.2463,2.4139,-0.4400
110.292,-0.7209,0.3199,0.0023,-0.0024,1.2435,2.4139,-0.4400
110.304,-0.7211,0.3209,0.0042,-0.0024,1.2406,2.4138,-0.4400
110.316,-0.7213,0.3219,0.0061,-0.0024,1.2378,2.4137,-0.4400
110.328,-0.7215,0.3229,0.0080,-0.0023,1.2349,2.4136,-0.4400
110.340,-0.7217,0.3240,0.0099,-0.0023,1.2321,2.4135,-0.4400
110.352,-0.7218,0.3250,0.0118,-0.0022,1.2292,2.4135,-0.4400
110.364,-0.7220,0.3260,0.0138,-0.0022,1.2264,2.4134,-0.4400
110.376,-0.7222,0.3270,0.0157,-0.0022,1.2235,2.4133,-0.4400
110.388,-0.7224,0.3281,0.0176,-0.0021,1.2207,2.4132,-0.4400
110.400,-0.7226,0.3291,0.0195,-0.0021,1.2178,2.4131,-0.4400
110.412,-0.7228,0.3301,0.0214,-0.0021,1.2150,2.4131,-0.4400
110.424,-0.7230,0.3311,0.0233,-0.0020,1.2121,2.4130,-0.4400
110.436,-0.7232,0.3322,0.0252,-0.0020,1.2093,2.4129,-0.4400
110.448,-0.7234,0.3332,0.0271,-0.0019,1.2064,2.4128,-0.4400
110.460,-0.7235,0.3342,0.0290,-0.0019,1.2036,2.4127,-0.4400
110.472,-0.7237,0.3352,0.0309,-0.0019,1.2007,2.4126,-0.4400
110.484,-0.7239,0.3363,0.0328,-0.0018,1.1979,2.4126,-0.4400
110.496,-0.7241,0.3373,0.0347,-0.0018,1.1950,2.4125,-0.4400
110.508,-0.7243,0.3383,0.0366,-0.0017,1.1922,2.4124,-0.4400
110.520,-0.7245,0.3393,0.0385,-0.0017,1.1893,2.4123,-0.4400
110.532,-0.7247,0.3404,0.0404,-0.0017,1.1864,2.4122,-0.4400
110.544,-0.7249,0.3414,0.0424,-0.0016,1.1836,2.4122,-0.4400
110.556,-0.7250,0.3424,0.0443,-0.0016,1.1807,2.4121,-0.4400
110.568,-0.7252,0.3434,0.0462,-0.0016,1.1779,2.4120,-0.4400
110.580,-0.7254,0.3444,0.0481,-0.0015,1.1750,2.4119,-0.4400
110.592,-0.7256,0.3455,0.0500,-0.0015,1.1722,2.4118,-0.4400
110.604,-0.7258,0.3465,0.0519,-0.0014,1.1693,2.4118,-0.4400
110.616,-0.7260,0.3475,0.0538,-0.0014,1.1665,2.4117,-0.4400
110.628,-0.7262,0.3485,0.0557,-0.0014,1.1636,2.4116,-0.4400
110.640,-0.7264,0.3496,0.0576,-0.0013,1.1608,2.4115,-0.4400
110.652,-0.7265,0.3506,0.0595,-0.0013,1.1579,2.4114,-0.4400
110.664,-0.7267,0.3516,0.0614,-0.0012,1.1551,2.4114,-0.4400
110.676,-0.7269,0.3526,0.0633,-0.0012,1.1522,2.4113,-0.4400
110.688,-0.7271,0.3537,0.0652,-0.0012,1.1494,2.4112,-0.4400
110.700,-0.7273,0.3547,0.0671,-0.0011,1.1465,2.4111,-0.4400
110.712,-0.7275,0.3557,0.0690,-0.0011,1.1437,2.4110,-0.4400
110.724,-0.7277,0.3567,0.0710,-0.0011,1.1408,2.4110,-0.4400
110.736,-0.7279,0.3578,0.0729,-0.0010,1.1380,2.4109,-0.4400
110.748,-0.7281,0.3588,0.0748,-0.0010,1.1351,2.4108,-0.4400
110.760,-0.7282,0.3598,0.0767,-0.0009,1.1323,2.4107,-0.4400
110.772,-0.7284,0.3608,0.0786,-0.0009,1.1294,2.4106,-0.4400
110.784,-0.7286,0.3619,0.0805,-0.0009,1.1266,2.4106,-0.4400
110.796,-0.7288,0.3629,0.0824,-0.0008,1.1237,2.4105,-0.4400
110.808,-0.7290,0.3639,0.0843,-0.0008,1.1209,2.4104,-0.4400
110.820,-0.7292,0.3649,0.0862,-0.0007,1.1180,2.4103,-0.4400
110.832,-0.7294,0.3660,0.0881,-0.0007,1.1152,2.4102,-0.4400
110.844,-0.7296,0.3670,0.0900,-0.0007,1.1123,2.4102,-0.4400
110.856,-0.7297,0.3680,0.0919,-0.0006,1.1095,2.4101,-0.4400
110.868,-0.7299,0.3690,0.0938,-0.0006,1.1066,2.4100,-0.4400
110.880,-0.7301,0.3701,0.0957,-0.0005,1.1038,2.4099,-0.4400
110.892,-0.7303,0.3711,0.0976,-0.0005,1.1009,2.4098,-0.4400
110.904,-0.7305,0.3721,0.0996,-0.0005,1.0981,2.4098,-0.4400
110.916,-0.7307,0.3731,0.1015,-0.0004,1.0952,2.4097,-0.4400
110.928,-0.7309,0.3742,0.1034,-0.0004,1.0924,2.4096,-0.4400
110.940,-0.7311,0.3752,0.1053,-0.0004,1.0895,2.4095,-0.4400
110.952,-0.7312,0.3762,0.1072,-0.0003,1.0867,2.4094,-0.4400
110.964,-0.7314,0.3772,0.1091,-0.0003,1.0838,2.4094,-0.4400
110.976,-0.7316,0.3781,0.1108,-0.0002,1.0813,2.4093,-0.4400
110.988,-0.7317,0.3789,0.1122,-0.0002,1.0791,2.4092,-0.4400
111.000,-0.7319,0.3796,0.1135,-0.0002,1.0772,2.4092,-0.4400
111.012,-0.7320,0.3802,0.1147,-0.0002,1.0754,2.4091,-0.4400
111.024,-0.7321,0.3808,0.1157,-0.0001,1.0739,2.4091,-0.4395
111.036,-0.7322,0.3813,0.1166,-0.0001,1.0726,2.4090,-0.4385
111.048,-0.7323,0.3817,0.1174,-0.0001,1.0715,2.4090,-0.4371
111.060,-0.7323,0.3820,0.1180,-0.0001,1.0704,2.4090,-0.4353
111.072,-0.7324,0.3824,0.1186,-0.0001,1.0695,2.4090,-0.4332
111.084,-0.7324,0.3827,0.1192,-0.0001,1.0687,2.4089,-0.4309
111.096,-0.7325,0.3829,0.1196,-0.0001,1.0680,2.4089,-0.4283
111.108,-0.7325,0.3831,0.1201,-0.0001,1.0674,2.4089,-0.4255
111.120,-0.7326,0.3833,0.1204,-0.0000,1.0669,2.4089,-0.4225
111.132,-0.7326,0.3835,0.1207,-0.0000,1.0664,2.4089,-0.4193
111.144,-0.7326,0.3836,0.1210,-0.0000,1.0660,2.4089,-0.4160
111.156,-0.7326,0.3838,0.1213,-0.0000,1.0656,2.4088,-0.4125
111.168,-0.7327,0.3839,0.1215,-0.0000,1.0653,2.4088,-0.4089
111.180,-0.7327,0.3840,0.1217,-0.0000,1.0650,2.4088,-0.4053
111.192,-0.7327,0.3841,0.1218,-0.0000,1.0648,2.4088,-0.4015
111.204,-0.7327,0.3842,0.1220,-0.0000,1.0645,2.4088,-0.3977
111.216,-0.7327,0.3842,0.1221,-0.0000,1.0643,2.4088,-0.3938
111.228,-0.7327,0.3843,0.1222,-0.0000,1.0642,2.4088,-0.3898
111.240,-0.7327,0.3844,0.1223,-0.0000,1.0640,2.4088,-0.3858
111.252,-0.7328,0.3844,0.1224,-0.0000,1.0639,2.4088,-0.3818
111.264,-0.7328,0.3844,0.1225,-0.0000,1.0638,2.4088,-0.3777
111.276,-0.7328,0.3845,0.1226,-0.0000,1.0637,2.4088,-0.3735
111.288,-0.7328,0.3845,0.1226,-0.0000,1.0636,2.4088,-0.3694
111.300,-0.7328,0.3845,0.1227,-0.0000,1.0635,2.4088,-0.3652
111.312,-0.7328,0.3846,0.1227,-0.0000,1.0634,2.4088,-0.3609
111.324,-0.7328,0.3846,0.1228,-0.0000,1.0634,2.4088,-0.3567
111.336,-0.7328,0.3846,0.1228,-0.0000,1.0633,2.4088,-0.3524
111.348,-0.7328,0.3846,0.1228,0.0000,1.0633,2.4088,-0.3482
111.360,-0.7328,0.3846,0.1229,0.0000,1.0632,2.4088,-0.3439
111.372,-0.7328,0.3847,0.1229,0.0000,1.0632,2.4088,-0.3396
111.384,-0.7328,0.3847,0.1229,0.0000,1.0631,2.4088,-0.3353
111.396,-0.7328,0.3847,0.1229,0.0000,1.0631,2.4088,-0.3309
111.408,-0.7328,0.3847,0.1229,0.0000,1.0631,2.4088,-0.3266
111.420,-0.7328,0.3847,0.1230,0.0000,1.0631,2.4088,-0.3222
111.432,-0.7328,0.3847,0.1230,0.0000,1.0631,2.4088,-0.3179
111.444,-0.7328,0.3847,0.1230,0.0000,1.0630,2.4088,-0.3135
111.456,-0.7328,0.3847,0.1230,0.0000,1.0630,2.4088,-0.3092
111.468,-0.7328,0.3847,0.1230,0.0000,1.0630,2.4088,-0.3048
111.480,-0.7328,0.3847,0.1230,0.0000,1.0630,2.4088,-0.3004
111.492,-0.7328,0.3847,0.1230,0.0000,1.0630,2.4088,-0.2961
111.504,-0.7328,0.3847,0.1230,0.0000,1.0630,2.4088,-0.2917
111.516,-0.7328,0.3847,0.1230,0.0000,1.0630,2.4088,-0.2873
111.528,-0.7328,0.3847,0.1230,0.0000,1.0630,2.4088,-0.2829
111.540,-0.7328,0.3847,0.1230,0.0000,1.0630,2.4088,-0.2786
111.552,-0.7328,0.3847,0.1230,0.0000,1.0629,2.4088,-0.2742
111.564,-0.7328,0.3847,0.1230,0.0000,1.0629,2.4088,-0.2698
111.576,-0.7328,0.3847,0.1231,0.0000,1.0629,2.4088,-0.2654
111.588,-0.7328,0.3847,0.1231,0.0000,1.0629,2.4088,-0.2610
111.600,-0.7328,0.3847,0.1231,0.0000,1.0629,2.4088,-0.2566
111.612,-0.7328,0.3847,0.1231,0.0000,1.0629,2.4088,-0.2522
111.624,-0.7328,0.3847,0.1231,0.0000,1.0629,2.4088,-0.2478
111.636,-0.7328,0.3847,0.1231,0.0000,1.0629,2.4088,-0.2434
111.648,-0.7328,0.3847,0.1231,0.0000,1.0629,2.4088,-0.2390
111.660,-0.7328,0.3847,0.1231,0.0000,1.0629,2.4088,-0.2346
111.672,-0.7328,0.3847,0.1231,0.0000,1.0629,2.4088,-0.2302
111.684,-0.7328,0.3847,0.1231,0.0000,1.0629,2.4088,-0.2258
111.696,-0.7328,0.3847,0.1231,0.0000,1.0629,2.4088,-0.2214
111.708,-0.7328,0.3847,0.1231,0.0000,1.0629,2.4088,-0.2170
111.720,-0.7328,0.3847,0.1231,0.0000,1.0629,2.4088,-0.2126
111.732,-0.7328,0.3847,0.1231,0.0000,1.0629,2.4088,-0.2083
111.744,-0.7328,0.3847,0.1231,0.0000,1.0629,2.4088,-0.2039
111.756,-0.7328,0.3847,0.1231,0.0000,1.0629,2.4088,-0.1995
111.768,-0.7328,0.3847,0.1231,0.0000,1.0629,2.4088,-0.1951
111.780,-0.7328,0.3847,0.1231,0.0000,1.0629,2.4088,-0.1907
111.792,-0.7328,0.3847,0.1231,0.0000,1.0629,2.4088,-0.1863
111.804,-0.7328,0.3847,0.1231,0.0000,1.0629,2.4088,-0.1819
111.816,-0.7328,0.3847,0.1231,0.0000,1.0629,2.4088,-0.1775
111.828,-0.7328,0.3847,0.1231,0.0000,1.0629,2.4088,-0.1731
111.840,-0.7328,0.3847,0.1231,0.0000,1.0629,2.4088,-0.1687
111.852,-0.7328,0.3847,0.1231,0.0000,1.0629,2.4088,-0.1643
111.864,-0.7328,0.3847,0.1231,0.0000,1.0629,2.4088,-0.1599
111.876,-0.7328,0.3847,0.1231,0.0000,1.0629,2.4088,-0.1555
111.888,-0.7328,0.3847,0.1231,0.0000,1.0629,2.4088,-0.1511
111.900,-0.7328,0.3848,0.1231,0.0000,1.0629,2.4088,-0.1467
111.912,-0.7328,0.3848,0.1231,0.0000,1.0629,2.4088,-0.1423
111.924,-0.7328,0.3848,0.1231,0.0000,1.0629,2.4088,-0.1379
111.936,-0.7328,0.3848,0.1231,0.0000,1.0629,2.4088,-0.1335
111.948,-0.7328,0.3848,0.1231,0.0000,1.0629,2.4088,-0.1291
111.960,-0.7328,0.3848,0.1231,0.0000,1.0629,2.4088,-0.1247
111.972,-0.7328,0.3848,0.1231,0.0000,1.0629,2.4088,-0.1203
111.984,-0.7328,0.3848,0.1231,0.0000,1.0629,2.4088,-0.1159
111.996,-0.7328,0.3848,0.1231,0.0000,1.0629,2.4088,-0.1115
112.008,-0.7328,0.3848,0.1231,0.0000,1.0629,2.4088,-0.1071
112.020,-0.7328,0.3848,0.1231,0.0000,1.0629,2.4088,-0.1027
112.032,-0.7328,0.3848,0.1231,0.0000,1.0629,2.4088,-0.0983
112.044,-0.7328,0.3848,0.1231,0.0000,1.0629,2.4088,-0.0939
112.056,-0.7328,0.3848,0.1231,0.0000,1.0629,2.4088,-0.0895
112.068,-0.7328,0.3848,0.1231,0.0000,1.0629,2.4088,-0.0851
112.080,-0.7328,0.3848,0.1231,0.0000,1.0629,2.4088,-0.0807
112.092,-0.7328,0.3848,0.1231,0.0000,1.0629,2.4088,-0.0763
112.104,-0.7328,0.3848,0.1231,0.0000,1.0629,2.4088,-0.0719
112.116,-0.7328,0.3848,0.1231,0.0000,1.0629,2.4088,-0.0675
112.128,-0.7328,0.3848,0.1231,0.0000,1.0629,2.4088,-0.0631
112.140,-0.7328,0.3848,0.1231,0.0000,1.0629,2.4088,-0.0587
112.152,-0.7328,0.3848,0.1231,0.0000,1.0629,2.4088,-0.0543
112.164,-0.7328,0.3848,0.1231,0.0000,1.0629,2.4088,-0.0499
112.176,-0.7328,0.3848,0.1231,0.0000,1.0629,2.4088,-0.0455
112.188,-0.7328,0.3848,0.1231,0.0000,1.0629,2.4088,-0.0411
112.200,-0.7328,0.3848,0.1231,0.0000,1.0629,2.4088,-0.0367
112.212,-0.7328,0.3848,0.1231,0.0000,1.0629,2.4088,-0.0323
112.224,-0.7328,0.3848,0.1231,0.0000,1.0629,2.4088,-0.0284
112.236,-0.7328,0.3848,0.1231,0.0000,1.0629,2.4088,-0.0250
112.248,-0.7328,0.3846,0.1228,0.0000,1.0632,2.4088,-0.0220
112.260,-0.7328,0.3844,0.1224,-0.0000,1.0639,2.4088,-0.0194
112.272,-0.7328,0.3841,0.1218,-0.0000,1.0648,2.4088,-0.0170
112.284,-0.7327,0.3837,0.1210,-0.0000,1.0659,2.4089,-0.0150
112.296,-0.7327,0.3832,0.1201,-0.0001,1.0673,2.4089,-0.0132
112.308,-0.7327,0.3826,0.1191,-0.0001,1.0688,2.4089,-0.0116
112.320,-0.7326,0.3820,0.1180,-0.0001,1.0705,2.4090,-0.0102
112.332,-0.7326,0.3814,0.1168,-0.0001,1.0723,2.4091,-0.0090
112.344,-0.7325,0.3807,0.1155,-0.0002,1.0743,2.4091,-0.0079
112.356,-0.7324,0.3799,0.1141,-0.0002,1.0763,2.4092,-0.0070
112.368,-0.7324,0.3791,0.1127,-0.0002,1.0785,2.4092,-0.0061
112.380,-0.7323,0.3783,0.1112,-0.0002,1.0807,2.4093,-0.0054
112.392,-0.7323,0.3775,0.1096,-0.0003,1.0830,2.4094,-0.0047
112.404,-0.7322,0.3767,0.1080,-0.0003,1.0854,2.4094,-0.0042
112.416,-0.7321,0.3758,0.1064,-0.0003,1.0878,2.4095,-0.0037
112.428,-0.7321,0.3749,0.1047,-0.0004,1.0903,2.4096,-0.0032
112.440,-0.7320,0.3740,0.1031,-0.0004,1.0928,2.4097,-0.0028
112.452,-0.7319,0.3731,0.1013,-0.0004,1.0954,2.4097,-0.0025
112.464,-0.7318,0.3721,0.0996,-0.0005,1.0980,2.4098,-0.0022
112.476,-0.7318,0.3712,0.0978,-0.0005,1.1006,2.4099,-0.0019
112.488,-0.7317,0.3702,0.0961,-0.0005,1.1033,2.4100,-0.0017
112.500,-0.7316,0.3693,0.0943,-0.0006,1.1060,2.4101,-0.0015
112.512,-0.7315,0.3683,0.0925,-0.0006,1.1087,2.4101,-0.0013
112.524,-0.7315,0.3673,0.0907,-0.0007,1.1114,2.4102,-0.0012
112.536,-0.7314,0.3663,0.0888,-0.0007,1.1141,2.4103,-0.0010
112.548,-0.7313,0.3653,0.0870,-0.0007,1.1169,2.4104,-0.0009
112.560,-0.7312,0.3643,0.0851,-0.0008,1.1196,2.4105,-0.0008
112.572,-0.7312,0.3633,0.0833,-0.0008,1.1224,2.4105,-0.0007
112.584,-0.7311,0.3623,0.0814,-0.0008,1.1252,2.4106,-0.0006
112.596,-0.7310,0.3613,0.0796,-0.0009,1.1280,2.4107,-0.0005
112.608,-0.7309,0.3603,0.0777,-0.0009,1.1308,2.4108,-0.0005
112.620,-0.7309,0.3593,0.0758,-0.0010,1.1336,2.4109,-0.0004
112.632,-0.7308,0.3583,0.0739,-0.0010,1.1364,2.4110,-0.0004
112.644,-0.7307,0.3573,0.0721,-0.0010,1.1392,2.4110,-0.0003
112.656,-0.7306,0.3563,0.0702,-0.0011,1.1420,2.4111,-0.0003
112.668,-0.7305,0.3553,0.0683,-0.0011,1.1448,2.4112,-0.0003
112.680,-0.7305,0.3543,0.0664,-0.0012,1.1477,2.4113,-0.0002
112.692,-0.7304,0.3532,0.0645,-0.0012,1.1505,2.4114,-0.0002
112.704,-0.7303,0.3522,0.0626,-0.0012,1.1533,2.4115,-0.0002
112.716,-0.7302,0.3512,0.0607,-0.0013,1.1562,2.4115,-0.0002
112.728,-0.7301,0.3502,0.0588,-0.0013,1.1590,2.4116,-0.0001
112.740,-0.7301,0.3492,0.0569,-0.0013,1.1618,2.4117,-0.0001
112.752,-0.7300,0.3481,0.0550,-0.0014,1.1647,2.4118,-0.0001
112.764,-0.7299,0.3471,0.0531,-0.0014,1.1675,2.4119,-0.0001
112.776,-0.7298,0.3461,0.0512,-0.0015,1.1703,2.4120,-0.0001
112.788,-0.7297,0.3451,0.0493,-0.0015,1.1732,2.4121,-0.0001
112.800,-0.7297,0.3441,0.0474,-0.0015,1.1760,2.4121,-0.0001
112.812,-0.7296,0.3430,0.0455,-0.0016,1.1789,2.4122,-0.0001
112.824,-0.7295,0.3420,0.0436,-0.0016,1.1817,2.4123,-0.0000
112.836,-0.7294,0.3410,0.0417,-0.0017,1.1846,2.4124,-0.0000
112.848,-0.7294,0.3400,0.0398,-0.0017,1.1874,2.4125,-0.0000
112.860,-0.7293,0.3389,0.0379,-0.0017,1.1903,2.4126,-0.0000
112.872,-0.7292,0.3379,0.0360,-0.0018,1.1931,2.4126,-0.0000
112.884,-0.7291,0.3369,0.0341,-0.0018,1.1960,2.4127,-0.0000
112.896,-0.7290,0.3359,0.0322,-0.0019,1.1988,2.4128,-0.0000
112.908,-0.7290,0.3348,0.0303,-0.0019,1.2017,2.4129,-0.0000
112.920,-0.7289,0.3338,0.0284,-0.0019,1.2045,2.4130,-0.0000
112.932,-0.7288,0.3328,0.0265,-0.0020,1.2074,2.4131,-0.0000
112.944,-0.7287,0.3318,0.0246,-0.0020,1.2102,2.4132,-0.0000
112.956,-0.7286,0.3307,0.0227,-0.0020,1.2131,2.4132,-0.0000
112.968,-0.7286,0.3297,0.0208,-0.0021,1.2159,2.4133,-0.0000
112.980,-0.7285,0.3287,0.0189,-0.0021,1.2188,2.4134,-0.0000
112.992,-0.7284,0.3277,0.0170,-0.0022,1.2216,2.4135,-0.0000
113.004,-0.7283,0.3266,0.0151,-0.0022,1.2245,2.4136,-0.0000
113.016,-0.7282,0.3256,0.0131,-0.0022,1.2273,2.4137,-0.0000
113.028,-0.7282,0.3246,0.0112,-0.0023,1.2302,2.4137,-0.0000
113.040,-0.7281,0.3236,0.0093,-0.0023,1.2330,2.4138,-0.0000
113.052,-0.7280,0.3225,0.0074,-0.0024,1.2359,2.4139,-0.0000
113.064,-0.7279,0.3215,0.0055,-0.0024,1.2387,2.4140,-0.0000
113.076,-0.7278,0.3205,0.0036,-0.0024,1.2416,2.4141,-0.0000
113.088,-0.7278,0.3195,0.0017,-0.0025,1.2444,2.4142,-0.0000
113.100,-0.7277,0.3184,-0.0002,-0.0025,1.2473,2.4143,-0.0000
113.112,-0.7276,0.3174,-0.0021,-0.0026,1.2501,2.4143,-0.0000
113.124,-0.7275,0.3164,-0.0040,-0.0026,1.2530,2.4144,-0.0000
113.136,-0.7275,0.3154,-0.0059,-0.0026,1.2558,2.4145,-0.0000
113.148,-0.7274,0.3143,-0.0078,-0.0027,1.2587,2.4146,-0.0000
113.160,-0.7273,0.3133,-0.0097,-0.0027,1.2615,2.4147,-0.0000
113.172,-0.7272,0.3123,-0.0116,-0.0027,1.2644,2.4148,-0.0000
113.184,-0.7271,0.3113,-0.0135,-0.0028,1.2672,2.4149,-0.0000
113.196,-0.7271,0.3102,-0.0154,-0.0028,1.2701,2.4149,-0.0000
113.208,-0.7270,0.3092,-0.0173,-0.0029,1.2729,2.4150,-0.0000
113.220,-0.7269,0.3082,-0.0193,-0.0029,1.2758,2.4151,-0.0000
113.232,-0.7268,0.3072,-0.0212,-0.0029,1.2786,2.4152,-0.0000
113.244,-0.7267,0.3061,-0.0231,-0.0030,1.2815,2.4153,-0.0000
113.256,-0.7267,0.3051,-0.0250,-0.0030,1.2843,2.4154,-0.0000
113.268,-0.7266,0.3041,-0.0269,-0.0031,1.2872,2.4154,-0.0000
113.280,-0.7265,0.3030,-0.0288,-0.0031,1.2900,2.4155,-0.0000
113.292,-0.7264,0.3020,-0.0307,-0.0031,1.2929,2.4156,-0.0000
113.304,-0.7263,0.3010,-0.0326,-0.0032,1.2957,2.4157,-0.0000
113.316,-0.7263,0.3000,-0.0345,-0.0032,1.2986,2.4158,-0.0000
113.328,-0.7262,0.2989,-0.0364,-0.0033,1.3014,2.4159,-0.0000
113.340,-0.7261,0.2979,-0.0383,-0.0033,1.3043,2.4160,-0.0000
113.352,-0.7260,0.2969,-0.0402,-0.0033,1.3071,2.4160,-0.0000
113.364,-0.7259,0.2959,-0.0421,-0.0034,1.3100,2.4161,-0.0000
113.376,-0.7259,0.2948,-0.0440,-0.0034,1.3128,2.4162,-0.0000
113.388,-0.7258,0.2938,-0.0459,-0.0034,1.3157,2.4163,-0.0000
113.400,-0.7257,0.2928,-0.0478,-0.0035,1.3185,2.4164,-0.0000
113.412,-0.7256,0.2918,-0.0498,-0.0035,1.3214,2.4165,-0.0000
113.424,-0.7255,0.2907,-0.0517,-0.0036,1.3242,2.4165,-0.0000
113.436,-0.7255,0.2897,-0.0536,-0.0036,1.3271,2.4166,-0.0000
113.448,-0.7254,0.2887,-0.0555,-0.0036,1.3299,2.4167,-0.0000
113.460,-0.7253,0.2877,-0.0574,-0.0037,1.3328,2.4168,-0.0000
113.472,-0.7252,0.2866,-0.0593,-0.0037,1.3356,2.4169,-0.0000
113.484,-0.7252,0.2856,-0.0612,-0.0038,1.3385,2.4170,-0.0000
113.496,-0.7251,0.2846,-0.0631,-0.0038,1.3413,2.4171,-0.0000
113.508,-0.7250,0.2836,-0.0650,-0.0038,1.3442,2.4171,-0.0000
113.520,-0.7249,0.2825,-0.0669,-0.0039,1.3470,2.4172,-0.0000
113.532,-0.7248,0.2815,-0.0688,-0.0039,1.3499,2.4173,-0.0000
113.544,-0.7248,0.2805,-0.0707,-0.0040,1.3527,2.4174,-0.0000
113.556,-0.7247,0.2795,-0.0726,-0.0040,1.3556,2.4175,-0.0000
113.568,-0.7246,0.2784,-0.0745,-0.0040,1.3584,2.4176,-0.0000
113.580,-0.7245,0.2774,-0.0764,-0.0041,1.3613,2.4176,-0.0000
113.592,-0.7244,0.2764,-0.0783,-0.0041,1.3641,2.4177,-0.0000
113.604,-0.7244,0.2754,-0.0802,-0.0041,1.3670,2.4178,-0.0000
113.616,-0.7243,0.2743,-0.0822,-0.0042,1.3698,2.4179,-0.0000
113.628,-0.7242,0.2733,-0.0841,-0.0042,1.3727,2.4180,-0.0000
113.640,-0.7241,0.2723,-0.0860,-0.0043,1.3755,2.4181,-0.0000
113.652,-0.7240,0.2713,-0.0879,-0.0043,1.3784,2.4182,-0.0000
113.664,-0.7240,0.2702,-0.0898,-0.0043,1.3812,2.4182,-0.0000
113.676,-0.7239,0.2692,-0.0917,-0.0044,1.3841,2.4183,-0.0000
113.688,-0.7238,0.2682,-0.0936,-0.0044,1.3869,2.4184,-0.0000
113.700,-0.7237,0.2672,-0.0955,-0.0045,1.3898,2.4185,-0.0000
113.712,-0.7236,0.2661,-0.0974,-0.0045,1.3926,2.4186,-0.0000
113.724,-0.7236,0.2651,-0.0993,-0.0045,1.3955,2.4187,-0.0000
113.736,-0.7235,0.2641,-0.1012,-0.0046,1.3983,2.4188,-0.0000
113.748,-0.7234,0.2632,-0.1029,-0.0046,1.4008,2.4188,-0.0000
113.760,-0.7234,0.2624,-0.1044,-0.0046,1.4031,2.4189,-0.0000
113.772,-0.7233,0.2617,-0.1057,-0.0047,1.4050,2.4189,-0.0000
113.784,-0.7233,0.2617,-0.1057,-0.0047,1.4050,2.4189,-0.0000
113.796,-0.7229,0.2615,-0.1056,-0.0047,1.4042,2.4176,-0.0000
113.808,-0.7221,0.2612,-0.1055,-0.0047,1.4027,2.4149,-0.0000
113.820,-0.7210,0.2608,-0.1053,-0.0047,1.4005,2.4112,-0.0000
113.832,-0.7196,0.2603,-0.1051,-0.0046,1.3978,2.4066,-0.0000
113.844,-0.7180,0.2598,-0.1049,-0.0046,1.3946,2.4011,-0.0000
113.856,-0.7161,0.2591,-0.1046,-0.0046,1.3910,2.3949,-0.0000
113.868,-0.7141,0.2583,-0.1043,-0.0046,1.3870,2.3880,-0.0000
113.880,-0.7118,0.2575,-0.1040,-0.0046,1.3827,2.3806,-0.0000
113.892,-0.7095,0.2567,-0.1036,-0.0046,1.3781,2.3726,-0.0000
113.904,-0.7070,0.2558,-0.1033,-0.0046,1.3732,2.3643,-0.0000
113.916,-0.7043,0.2548,-0.1029,-0.0045,1.3681,2.3555,-0.0000
113.928,-0.7016,0.2538,-0.1025,-0.0045,1.3629,2.3464,-0.0000
113.940,-0.6988,0.2528,-0.1021,-0.0045,1.3574,2.3370,-0.0000
113.952,-0.6959,0.2518,-0.1017,-0.0045,1.3518,2.3273,-0.0000
113.964,-0.6929,0.2507,-0.1012,-0.0045,1.3460,2.3174,-0.0000
113.976,-0.6899,0.2496,-0.1008,-0.0045,1.3401,2.3073,-0.0000
113.988,-0.6868,0.2485,-0.1003,-0.0044,1.3342,2.2970,-0.0000
114.000,-0.6837,0.2474,-0.0999,-0.0044,1.3281,2.2866,-0.0000
114.012,-0.6806,0.2462,-0.0994,-0.0044,1.3220,2.2760,-0.0000
114.024,-0.6774,0.2451,-0.0990,-0.0044,1.3157,2.2653,-0.0000
114.036,-0.6741,0.2439,-0.0985,-0.0043,1.3095,2.2545,-0.0000
114.048,-0.6709,0.2427,-0.0980,-0.0043,1.3031,2.2435,-0.0000
114.060,-0.6676,0.2415,-0.0975,-0.0043,1.2967,2.2325,-0.0000
114.072,-0.6643,0.2403,-0.0970,-0.0043,1.2903,2.2215,-0.0000
114.084,-0.6609,0.2391,-0.0966,-0.0043,1.2838,2.2103,-0.0000
114.096,-0.6576,0.2379,-0.0961,-0.0042,1.2773,2.1991,-0.0000
114.108,-0.6542,0.2367,-0.0956,-0.0042,1.2708,2.1879,-0.0000
114.120,-0.6508,0.2355,-0.0951,-0.0042,1.2642,2.1766,-0.0000
114.132,-0.6475,0.2342,-0.0946,-0.0042,1.2577,2.1653,-0.0000
114.144,-0.6441,0.2330,-0.0941,-0.0042,1.2511,2.1539,-0.0000
114.156,-0.6407,0.2318,-0.0936,-0.0041,1.2444,2.1425,-0.0000
114.168,-0.6372,0.2305,-0.0931,-0.0041,1.2378,2.1311,-0.0000
114.180,-0.6338,0.2293,-0.0926,-0.0041,1.2312,2.1197,-0.0000
114.192,-0.6304,0.2281,-0.0921,-0.0041,1.2245,2.1082,-0.0000
114.204,-0.6270,0.2268,-0.0916,-0.0040,1.2178,2.0967,-0.0000
114.216,-0.6235,0.2256,-0.0911,-0.0040,1.2112,2.0852,-0.0000
114.228,-0.6201,0.2243,-0.0906,-0.0040,1.2045,2.0737,-0.0000
114.240,-0.6166,0.2231,-0.0901,-0.0040,1.1978,2.0622,-0.0000
114.252,-0.6132,0.2218,-0.0896,-0.0040,1.1911,2.0507,-0.0000
114.264,-0.6097,0.2206,-0.0891,-0.0039,1.1844,2.0391,-0.0000
114.276,-0.6063,0.2193,-0.0886,-0.0039,1.1777,2.0276,-0.0000
114.288,-0.6028,0.2181,-0.0881,-0.0039,1.1710,2.0160,-0.0000
114.300,-0.5994,0.2168,-0.0876,-0.0039,1.1643,2.0045,-0.0000
114.312,-0.5959,0.2156,-0.0871,-0.0038,1.1575,1.9929,-0.0000
114.324,-0.5924,0.2143,-0.0866,-0.0038,1.1508,1.9813,-0.0000
114.336,-0.5890,0.2131,-0.0860,-0.0038,1.1441,1.9698,-0.0000
114.348,-0.5855,0.2118,-0.0855,-0.0038,1.1374,1.9582,-0.0000
114.360,-0.5821,0.2106,-0.0850,-0.0038,1.1306,1.9466,-0.0000
114.372,-0.5786,0.2093,-0.0845,-0.0037,1.1239,1.9350,-0.0000
114.384,-0.5751,0.2081,-0.0840,-0.0037,1.1172,1.9234,-0.0000
114.396,-0.5717,0.2068,-0.0835,-0.0037,1.1104,1.9118,-0.0000
114.408,-0.5682,0.2056,-0.0830,-0.0037,1.1037,1.9002,-0.0000
114.420,-0.5647,0.2043,-0.0825,-0.0036,1.0970,1.8886,-0.0000
114.432,-0.5613,0.2031,-0.0820,-0.0036,1.0902,1.8770,-0.0000
114.444,-0.5578,0.2018,-0.0815,-0.0036,1.0835,1.8654,-0.0000
114.456,-0.5543,0.2005,-0.0810,-0.0036,1.0767,1.8538,-0.0000
114.468,-0.5509,0.1993,-0.0805,-0.0036,1.0700,1.8422,-0.0000
114.480,-0.5474,0.1980,-0.0800,-0.0035,1.0633,1.8306,-0.0000
114.492,-0.5439,0.1968,-0.0795,-0.0035,1.0565,1.8190,-0.0000
114.504,-0.5404,0.1955,-0.0790,-0.0035,1.0498,1.8074,-0.0000
114.516,-0.5370,0.1943,-0.0784,-0.0035,1.0430,1.7958,-0.0000
114.528,-0.5335,0.1930,-0.0779,-0.0034,1.0363,1.7842,-0.0000
114.540,-0.5300,0.1918,-0.0774,-0.0034,1.0296,1.7726,-0.0000
114.552,-0.5266,0.1905,-0.0769,-0.0034,1.0228,1.7610,-0.0000
114.564,-0.5231,0.1892,-0.0764,-0.0034,1.0161,1.7494,-0.0000
114.576,-0.5196,0.1880,-0.0759,-0.0034,1.0093,1.7378,-0.0000
114.588,-0.5161,0.1867,-0.0754,-0.0033,1.0026,1.7261,-0.0000
114.600,-0.5127,0.1855,-0.0749,-0.0033,0.9959,1.7145,-0.0000
114.612,-0.5092,0.1842,-0.0744,-0.0033,0.9891,1.7029,-0.0000
114.624,-0.5057,0.1830,-0.0739,-0.0033,0.9824,1.6913,-0.0000
114.636,-0.5023,0.1817,-0.0734,-0.0032,0.9756,1.6797,-0.0000
114.648,-0.4988,0.1805,-0.0729,-0.0032,0.9689,1.6681,-0.0000
114.660,-0.4953,0.1792,-0.0724,-0.0032,0.9621,1.6565,-0.0000
114.672,-0.4918,0.1779,-0.0719,-0.0032,0.9554,1.6449,-0.0000
114.684,-0.4884,0.1767,-0.0713,-0.0032,0.9486,1.6333,-0.0000
114.696,-0.4849,0.1754,-0.0708,-0.0031,0.9419,1.6217,-0.0000
114.708,-0.4814,0.1742,-0.0703,-0.0031,0.9352,1.6100,-0.0000
114.720,-0.4780,0.1729,-0.0698,-0.0031,0.9284,1.5984,-0.0000
114.732,-0.4745,0.1717,-0.0693,-0.0031,0.9217,1.5868,-0.0000
114.744,-0.4710,0.1704,-0.0688,-0.0030,0.9149,1.5752,-0.0000
114.756,-0.4675,0.1692,-0.0683,-0.0030,0.9082,1.5636,-0.0000
114.768,-0.4641,0.1679,-0.0678,-0.0030,0.9014,1.5520,-0.0000
114.780,-0.4606,0.1666,-0.0673,-0.0030,0.8947,1.5404,-0.0000
114.792,-0.4571,0.1654,-0.0668,-0.0029,0.8880,1.5288,-0.0000
114.804,-0.4537,0.1641,-0.0663,-0.0029,0.8812,1.5172,-0.0000
114.816,-0.4502,0.1629,-0.0658,-0.0029,0.8745,1.5056,-0.0000
114.828,-0.4467,0.1616,-0.0653,-0.0029,0.8677,1.4939,-0.0000
114.840,-0.4432,0.1604,-0.0648,-0.0029,0.8610,1.4823,-0.0000
114.852,-0.4398,0.1591,-0.0642,-0.0028,0.8542,1.4707,-0.0000
114.864,-0.4363,0.1578,-0.0637,-0.0028,0.8475,1.4591,-0.0000
114.876,-0.4328,0.1566,-0.0632,-0.0028,0.8407,1.4475,-0.0000
114.888,-0.4294,0.1553,-0.0627,-0.0028,0.8340,1.4359,-0.0000
114.900,-0.4259,0.1541,-0.0622,-0.0027,0.8273,1.4243,-0.0000
114.912,-0.4224,0.1528,-0.0617,-0.0027,0.8205,1.4127,-0.0000
114.924,-0.4189,0.1516,-0.0612,-0.0027,0.8138,1.4011,-0.0000
114.936,-0.4155,0.1503,-0.0607,-0.0027,0.8070,1.3894,-0.0000
114.948,-0.4120,0.1491,-0.0602,-0.0027,0.8003,1.3778,-0.0000
114.960,-0.4085,0.1478,-0.0597,-0.0026,0.7935,1.3662,-0.0000
114.972,-0.4050,0.1465,-0.0592,-0.0026,0.7868,1.3546,-0.0000
114.984,-0.4016,0.1453,-0.0587,-0.0026,0.7801,1.3430,-0.0000
114.996,-0.3981,0.1440,-0.0582,-0.0026,0.7733,1.3314,-0.0000
115.008,-0.3946,0.1428,-0.0577,-0.0025,0.7666,1.3198,-0.0000
115.020,-0.3912,0.1415,-0.0571,-0.0025,0.7598,1.3082,-0.0000
115.032,-0.3877,0.1403,-0.0566,-0.0025,0.7531,1.2966,-0.0000
115.044,-0.3842,0.1390,-0.0561,-0.0025,0.7463,1.2849,-0.0000
115.056,-0.3807,0.1377,-0.0556,-0.0025,0.7396,1.2733,-0.0000
115.068,-0.3773,0.1365,-0.0551,-0.0024,0.7328,1.2617,-0.0000
115.080,-0.3738,0.1352,-0.0546,-0.0024,0.7261,1.2501,-0.0000
115.092,-0.3703,0.1340,-0.0541,-0.0024,0.7194,1.2385,-0.0000
115.104,-0.3669,0.1327,-0.0536,-0.0024,0.7126,1.2269,-0.0000
115.116,-0.3634,0.1315,-0.0531,-0.0023,0.7059,1.2153,-0.0000
115.128,-0.3599,0.1302,-0.0526,-0.0023,0.6991,1.2037,-0.0000
115.140,-0.3564,0.1290,-0.0521,-0.0023,0.6924,1.1921,-0.0000
115.152,-0.3530,0.1277,-0.0516,-0.0023,0.6856,1.1804,-0.0000
115.164,-0.3495,0.1264,-0.0511,-0.0023,0.6789,1.1688,-0.0000
115.176,-0.3460,0.1252,-0.0506,-0.0022,0.6721,1.1572,-0.0000
115.188,-0.3426,0.1239,-0.0500,-0.0022,0.6654,1.1456,-0.0000
115.200,-0.3391,0.1227,-0.0495,-0.0022,0.6587,1.1340,-0.0000
115.212,-0.3356,0.1214,-0.0490,-0.0022,0.6519,1.1224,-0.0000
115.224,-0.3321,0.1202,-0.0485,-0.0021,0.6452,1.1108,-0.0000
115.236,-0.3287,0.1189,-0.0480,-0.0021,0.6384,1.0992,-0.0000
115.248,-0.3252,0.1177,-0.0475,-0.0021,0.6317,1.0876,-0.0000
115.260,-0.3217,0.1164,-0.0470,-0.0021,0.6249,1.0759,-0.0000
115.272,-0.3183,0.1151,-0.0465,-0.0021,0.6182,1.0643,-0.0000
115.284,-0.3148,0.1139,-0.0460,-0.0020,0.6115,1.0527,-0.0000
115.296,-0.3113,0.1126,-0.0455,-0.0020,0.6047,1.0411,-0.0000
115.308,-0.3078,0.1114,-0.0450,-0.0020,0.5980,1.0295,-0.0000
115.320,-0.3044,0.1101,-0.0445,-0.0020,0.5912,1.0179,-0.0000
115.332,-0.3009,0.1089,-0.0440,-0.0019,0.5845,1.0063,-0.0000
115.344,-0.2974,0.1076,-0.0435,-0.0019,0.5777,0.9947,-0.0000
115.356,-0.2940,0.1063,-0.0429,-0.0019,0.5710,0.9831,-0.0000
115.368,-0.2905,0.1051,-0.0424,-0.0019,0.5642,0.9714,-0.0000
115.380,-0.2870,0.1038,-0.0419,-0.0019,0.5575,0.9598,-0.0000
115.392,-0.2835,0.1026,-0.0414,-0.0018,0.5508,0.9482,-0.0000
115.404,-0.2801,0.1013,-0.0409,-0.0018,0.5440,0.9366,-0.0000
115.416,-0.2766,0.1001,-0.0404,-0.0018,0.5373,0.9250,-0.0000
115.428,-0.2731,0.0988,-0.0399,-0.0018,0.5305,0.9134,-0.0000
115.440,-0.2696,0.0976,-0.0394,-0.0017,0.5238,0.9018,-0.0000
115.452,-0.2662,0.0963,-0.0389,-0.0017,0.5170,0.8902,-0.0000
115.464,-0.2627,0.0950,-0.0384,-0.0017,0.5103,0.8786,-0.0000
115.476,-0.2592,0.0938,-0.0379,-0.0017,0.5035,0.8670,-0.0000
115.488,-0.2558,0.0925,-0.0374,-0.0016,0.4968,0.8553,-0.0000
115.500,-0.2523,0.0913,-0.0369,-0.0016,0.4901,0.8437,-0.0000
115.512,-0.2488,0.0900,-0.0363,-0.0016,0.4833,0.8321,-0.0000
115.524,-0.2453,0.0888,-0.0358,-0.0016,0.4766,0.8205,-0.0000
115.536,-0.2419,0.0875,-0.0353,-0.0016,0.4698,0.8089,-0.0000
115.548,-0.2384,0.0863,-0.0348,-0.0015,0.4631,0.7973,-0.0000
115.560,-0.2349,0.0850,-0.0343,-0.0015,0.4563,0.7857,-0.0000
115.572,-0.2315,0.0837,-0.0338,-0.0015,0.4496,0.7741,-0.0000
115.584,-0.2280,0.0825,-0.0333,-0.0015,0.4429,0.7625,-0.0000
115.596,-0.2245,0.0812,-0.0328,-0.0014,0.4361,0.7508,-0.0000
115.608,-0.2210,0.0800,-0.0323,-0.0014,0.4294,0.7392,-0.0000
115.620,-0.2176,0.0787,-0.0318,-0.0014,0.4226,0.7276,-0.0000
115.632,-0.2141,0.0775,-0.0313,-0.0014,0.4159,0.7160,-0.0000
115.644,-0.2106,0.0762,-0.0308,-0.0014,0.4091,0.7044,-0.0000
115.656,-0.2072,0.0749,-0.0303,-0.0013,0.4024,0.6928,-0.0000
115.668,-0.2037,0.0737,-0.0298,-0.0013,0.3956,0.6812,-0.0000
115.680,-0.2002,0.0724,-0.0292,-0.0013,0.3889,0.6696,-0.0000
115.692,-0.1967,0.0712,-0.0287,-0.0013,0.3822,0.6580,-0.0000
115.704,-0.1933,0.0699,-0.0282,-0.0012,0.3754,0.6463,-0.0000
115.716,-0.1898,0.0687,-0.0277,-0.0012,0.3687,0.6347,-0.0000
115.728,-0.1863,0.0674,-0.0272,-0.0012,0.3619,0.6231,-0.0000
115.740,-0.1829,0.0662,-0.0267,-0.0012,0.3552,0.6115,-0.0000
115.752,-0.1794,0.0649,-0.0262,-0.0012,0.3484,0.5999,-0.0000
115.764,-0.1759,0.0636,-0.0257,-0.0011,0.3417,0.5883,-0.0000
115.776,-0.1724,0.0624,-0.0252,-0.0011,0.3350,0.5767,-0.0000
115.788,-0.1690,0.0611,-0.0247,-0.0011,0.3282,0.5651,-0.0000
115.800,-0.1655,0.0599,-0.0242,-0.0011,0.3215,0.5535,-0.0000
115.812,-0.1620,0.0586,-0.0237,-0.0010,0.3147,0.5418,-0.0000
115.824,-0.1585,0.0574,-0.0232,-0.0010,0.3080,0.5302,-0.0000
115.836,-0.1551,0.0561,-0.0227,-0.0010,0.3012,0.5186,-0.0000
115.848,-0.1516,0.0548,-0.0221,-0.0010,0.2945,0.5070,-0.0000
115.860,-0.1481,0.0536,-0.0216,-0.0010,0.2877,0.4954,-0.0000
115.872,-0.1447,0.0523,-0.0211,-0.0009,0.2810,0.4838,-0.0000
115.884,-0.1412,0.0511,-0.0206,-0.0009,0.2743,0.4722,-0.0000
115.896,-0.1377,0.0498,-0.0201,-0.0009,0.2675,0.4606,-0.0000
115.908,-0.1342,0.0486,-0.0196,-0.0009,0.2608,0.4490,-0.0000
115.920,-0.1308,0.0473,-0.0191,-0.0008,0.2540,0.4373,-0.0000
115.932,-0.1273,0.0461,-0.0186,-0.0008,0.2473,0.4257,-0.0000
115.944,-0.1238,0.0448,-0.0181,-0.0008,0.2405,0.4141,-0.0000
115.956,-0.1204,0.0435,-0.0176,-0.0008,0.2338,0.4025,-0.0000
115.968,-0.1169,0.0423,-0.0171,-0.0008,0.2270,0.3909,-0.0000
115.980,-0.1134,0.0410,-0.0166,-0.0007,0.2203,0.3793,-0.0000
115.992,-0.1099,0.0398,-0.0161,-0.0007,0.2136,0.3677,-0.0000
116.004,-0.1065,0.0385,-0.0156,-0.0007,0.2068,0.3561,-0.0000
116.016,-0.1030,0.0373,-0.0150,-0.0007,0.2001,0.3445,-0.0000
116.028,-0.0995,0.0360,-0.0145,-0.0006,0.1933,0.3328,-0.0000
116.040,-0.0961,0.0348,-0.0140,-0.0006,0.1866,0.3212,-0.0000
116.052,-0.0926,0.0335,-0.0135,-0.0006,0.1798,0.3096,-0.0000
116.064,-0.0891,0.0322,-0.0130,-0.0006,0.1731,0.2980,-0.0000
116.076,-0.0856,0.0310,-0.0125,-0.0006,0.1664,0.2864,-0.0000
116.088,-0.0822,0.0297,-0.0120,-0.0005,0.1596,0.2748,-0.0000
116.100,-0.0787,0.0285,-0.0115,-0.0005,0.1529,0.2632,-0.0000
116.112,-0.0752,0.0272,-0.0110,-0.0005,0.1461,0.2516,-0.0000
116.124,-0.0718,0.0260,-0.0105,-0.0005,0.1394,0.2400,-0.0000
116.136,-0.0683,0.0247,-0.0100,-0.0004,0.1326,0.2283,-0.0000
116.148,-0.0648,0.0234,-0.0095,-0.0004,0.1259,0.2167,-0.0000
116.160,-0.0613,0.0222,-0.0090,-0.0004,0.1191,0.2051,-0.0000
116.172,-0.0579,0.0209,-0.0085,-0.0004,0.1124,0.1935,-0.0000
116.184,-0.0544,0.0197,-0.0079,-0.0004,0.1057,0.1819,-0.0000
116.196,-0.0509,0.0184,-0.0074,-0.0003,0.0989,0.1703,-0.0000
116.208,-0.0474,0.0172,-0.0069,-0.0003,0.0922,0.1587,-0.0000
116.220,-0.0440,0.0159,-0.0064,-0.0003,0.0854,0.1471,-0.0000
116.232,-0.0405,0.0147,-0.0059,-0.0003,0.0787,0.1355,-0.0000
116.244,-0.0370,0.0134,-0.0054,-0.0002,0.0719,0.1239,-0.0000
116.256,-0.0336,0.0121,-0.0049,-0.0002,0.0652,0.1122,-0.0000
116.268,-0.0301,0.0109,-0.0044,-0.0002,0.0584,0.1006,-0.0000
116.280,-0.0266,0.0096,-0.0039,-0.0002,0.0517,0.0890,-0.0000
116.292,-0.0234,0.0085,-0.0034,-0.0002,0.0455,0.0783,-0.0000
116.304,-0.0206,0.0075,-0.0030,-0.0001,0.0400,0.0689,-0.0000
116.316,-0.0181,0.0066,-0.0026,-0.0001,0.0352,0.0607,-0.0000
116.328,-0.0160,0.0058,-0.0023,-0.0001,0.0310,0.0534,-0.0000
116.340,-0.0140,0.0051,-0.0021,-0.0001,0.0273,0.0470,-0.0000
116.352,-0.0124,0.0045,-0.0018,-0.0001,0.0240,0.0413,-0.0000
116.364,-0.0109,0.0039,-0.0016,-0.0001,0.0211,0.0364,-0.0000
116.376,-0.0096,0.0035,-0.0014,-0.0001,0.0186,0.0320,-0.0000
116.388,-0.0084,0.0030,-0.0012,-0.0001,0.0164,0.0282,-0.0000
116.400,-0.0074,0.0027,-0.0011,-0.0000,0.0144,0.0248,-0.0000
116.412,-0.0065,0.0024,-0.0010,-0.0000,0.0127,0.0218,-0.0000
116.424,-0.0057,0.0021,-0.0008,-0.0000,0.0112,0.0192,-0.0000
116.436,-0.0051,0.0018,-0.0007,-0.0000,0.0098,0.0169,-0.0000
116.448,-0.0044,0.0016,-0.0006,-0.0000,0.0086,0.0149,-0.0000
116.460,-0.0039,0.0014,-0.0006,-0.0000,0.0076,0.0131,-0.0000
116.472,-0.0034,0.0012,-0.0005,-0.0000,0.0067,0.0115,-0.0000
116.484,-0.0030,0.0011,-0.0004,-0.0000,0.0059,0.0101,-0.0000
116.496,-0.0027,0.0010,-0.0004,-0.0000,0.0052,0.0089,-0.0000
116.508,-0.0023,0.0008,-0.0003,-0.0000,0.0046,0.0078,-0.0000
116.520,-0.0021,0.0007,-0.0003,-0.0000,0.0040,0.0069,-0.0000
116.532,-0.0018,0.0007,-0.0003,-0.0000,0.0035,0.0061,-0.0000
116.544,-0.0016,0.0006,-0.0002,-0.0000,0.0031,0.0053,-0.0000
116.556,-0.0014,0.0005,-0.0002,-0.0000,0.0027,0.0047,-0.0000
116.568,-0.0012,0.0004,-0.0002,-0.0000,0.0024,0.0041,-0.0000
116.580,-0.0011,0.0004,-0.0002,-0.0000,0.0021,0.0036,-0.0000
116.592,-0.0010,0.0003,-0.0001,-0.0000,0.0019,0.0032,-0.0000
